{
  "name": "Lê Minh Tiến",
  "ID": "100060894693968",
  "pet": [
    {
      "name": "Pikachu",
      "type": "Electric",
      "HP": "49.016",
      "Attack": "77.016",
      "Defense": "56.016",
      "Speed": "126.016",
      "coins": "26400.02500",
      "skill": [
        "Static",
        "Lightning Rod"
      ],
      "images": "https://raw.githubusercontent.com/Purukitto/pokemon-data.json/master/images/pokedex/hires/025.png"
    },
    {
      "name": "Pinsir",
      "type": "Bug",
      "HP": "97.5",
      "Attack": "187.5",
      "Defense": "150.0",
      "Speed": "127.5",
      "skill": [
        "Hyper Cutter",
        "Mold Breaker",
        "Moxie"
      ],
      "coins": 20000,
      "images": "https://raw.githubusercontent.com/Purukitto/pokemon-data.json/master/images/pokedex/hires/127.png"
    },
    {
      "name": "Simipour",
      "type": "Water",
      "HP": "75.0",
      "Attack": "98.0",
      "Defense": "63.0",
      "Speed": "101.0",
      "skill": [
        "Gluttony",
        "Torrent"
      ],
      "coins": 10000,
      "images": "https://raw.githubusercontent.com/Purukitto/pokemon-data.json/master/images/pokedex/hires/516.png"
    },
    {
      "name": "Rayquaza",
      "type": "Dragon",
      "HP": "147.0",
      "Attack": "210.0",
      "Defense": "126.0",
      "Speed": "133.0",
      "coins": "52800.0",
      "skill": [
        "Air Lock"
      ],
      "images": "https://raw.githubusercontent.com/Purukitto/pokemon-data.json/master/images/pokedex/hires/384.png"
    },
    {
      "name": "Tepig",
      "type": "Fire",
      "HP": "91.012",
      "Attack": "88.212",
      "Defense": "63.012",
      "Speed": "63.012",
      "coins": "26160.02500",
      "skill": [
        "Blaze",
        "Thick Fat"
      ],
      "images": "https://raw.githubusercontent.com/Purukitto/pokemon-data.json/master/images/pokedex/hires/498.png"
    },
    {
      "name": "Garchomp",
      "type": "Dragon",
      "HP": "151.2",
      "Attack": "182.0",
      "Defense": "133.0",
      "Speed": "142.8",
      "coins": "52200.0",
      "skill": [
        "Sand Veil",
        "Rough Skin"
      ],
      "images": "https://raw.githubusercontent.com/Purukitto/pokemon-data.json/master/images/pokedex/hires/445.png"
    },
    {
      "name": "Yungoos",
      "type": "Normal",
      "HP": "72.0",
      "Attack": "105.0",
      "Defense": "45.0",
      "Speed": "67.5",
      "skill": [
        "Stakeout",
        "Strong Jaw",
        "Adaptability"
      ],
      "coins": 20000,
      "images": "https://raw.githubusercontent.com/Purukitto/pokemon-data.json/master/images/pokedex/hires/734.png"
    }
  ],
  "foods": [
    {
      "name": "Veggie Smoothie a la Cube",
      "type": "Normal",
      "HP": 16,
      "Attack": 16,
      "Defense": 16,
      "Speed": 16
    }
  ],
  "solo": {
    "win": 10,
    "lose": 0,
    "draw": 1
  }
}