{
    "total": [
        {
            "id": "100023250277879",
            "count": 11
        },
        {
            "id": "100085334713537",
            "count": 6
        },
        {
            "id": "100075037102158",
            "count": 10
        },
        {
            "id": "100086981358024",
            "count": 1
        }
    ],
    "week": [
        {
            "id": "100023250277879",
            "count": 0,
            "name": "Người dùng facebook"
        },
        {
            "id": "100085334713537",
            "count": 0,
            "name": "Người dùng facebook"
        },
        {
            "id": "100075037102158",
            "count": 0,
            "name": "Người dùng facebook"
        },
        {
            "id": "100086981358024",
            "count": 0,
            "name": "Người dùng facebook"
        }
    ],
    "day": [
        {
            "id": "100023250277879",
            "count": 0,
            "name": "Người dùng facebook"
        },
        {
            "id": "100085334713537",
            "count": 0,
            "name": "Người dùng facebook"
        },
        {
            "id": "100075037102158",
            "count": 0,
            "name": "Người dùng facebook"
        },
        {
            "id": "100086981358024",
            "count": 0,
            "name": "Người dùng facebook"
        }
    ],
    "time": 6
}