{
    "total": [
        {
            "id": "100023250277879",
            "count": 85
        },
        {
            "id": "100085334713537",
            "count": 7
        }
    ],
    "week": [
        {
            "id": "100023250277879",
            "count": 0,
            "name": "Người dùng facebook"
        },
        {
            "id": "100085334713537",
            "count": 0,
            "name": "Người dùng facebook"
        }
    ],
    "day": [
        {
            "id": "100023250277879",
            "count": 0,
            "name": "Người dùng facebook"
        },
        {
            "id": "100085334713537",
            "count": 0,
            "name": "Người dùng facebook"
        }
    ],
    "time": 6
}