{
    "total": [
        {
            "id": "100086981358024",
            "count": 2
        },
        {
            "id": "100084348936274",
            "count": 1
        }
    ],
    "week": [
        {
            "id": "100086981358024",
            "count": 0,
            "name": "Người dùng facebook"
        },
        {
            "id": "100084348936274",
            "count": 0,
            "name": "Người dùng facebook"
        }
    ],
    "day": [
        {
            "id": "100086981358024",
            "count": 0,
            "name": "Người dùng facebook"
        },
        {
            "id": "100084348936274",
            "count": 0,
            "name": "Người dùng facebook"
        }
    ],
    "time": 6
}