{
    "total": [
        {
            "id": "511535916",
            "count": 0
        },
        {
            "id": "1019196666",
            "count": 0
        },
        {
            "id": "100000218493241",
            "count": 0
        },
        {
            "id": "100000451096465",
            "count": 4
        },
        {
            "id": "100003985257656",
            "count": 0
        },
        {
            "id": "100005921221831",
            "count": 23
        },
        {
            "id": "100005980456449",
            "count": 0
        },
        {
            "id": "100007109438872",
            "count": 0
        },
        {
            "id": "100007657003558",
            "count": 0
        },
        {
            "id": "100009538661878",
            "count": 0
        },
        {
            "id": "100010759548769",
            "count": 0
        },
        {
            "id": "100011383961188",
            "count": 0
        },
        {
            "id": "100012068562880",
            "count": 0
        },
        {
            "id": "100013718566475",
            "count": 0
        },
        {
            "id": "100014020472478",
            "count": 4
        },
        {
            "id": "100015217486937",
            "count": 0
        },
        {
            "id": "100015311919706",
            "count": 0
        },
        {
            "id": "100016029451185",
            "count": 2
        },
        {
            "id": "100016157381244",
            "count": 0
        },
        {
            "id": "100016372836128",
            "count": 0
        },
        {
            "id": "100016437071479",
            "count": 0
        },
        {
            "id": "100017024143476",
            "count": 0
        },
        {
            "id": "100017981770792",
            "count": 0
        },
        {
            "id": "100018965222005",
            "count": 0
        },
        {
            "id": "100021830739916",
            "count": 0
        },
        {
            "id": "100022368556971",
            "count": 15
        },
        {
            "id": "100024197566509",
            "count": 0
        },
        {
            "id": "100025195912799",
            "count": 0
        },
        {
            "id": "100028023350843",
            "count": 24
        },
        {
            "id": "100028242797127",
            "count": 0
        },
        {
            "id": "100030295815759",
            "count": 0
        },
        {
            "id": "100030456196419",
            "count": 0
        },
        {
            "id": "100030582951431",
            "count": 5
        },
        {
            "id": "100030614555303",
            "count": 0
        },
        {
            "id": "100031461215090",
            "count": 0
        },
        {
            "id": "100034959940935",
            "count": 0
        },
        {
            "id": "100035841401862",
            "count": 6
        },
        {
            "id": "100037016632238",
            "count": 0
        },
        {
            "id": "100037552552501",
            "count": 0
        },
        {
            "id": "100038332925261",
            "count": 0
        },
        {
            "id": "100038597980522",
            "count": 0
        },
        {
            "id": "100039550477017",
            "count": 0
        },
        {
            "id": "100040373405941",
            "count": 0
        },
        {
            "id": "100043252501294",
            "count": 0
        },
        {
            "id": "100043961713812",
            "count": 0
        },
        {
            "id": "100045885251355",
            "count": 0
        },
        {
            "id": "100047067858408",
            "count": 0
        },
        {
            "id": "100048621390751",
            "count": 0
        },
        {
            "id": "100049528790583",
            "count": 0
        },
        {
            "id": "100052044826930",
            "count": 0
        },
        {
            "id": "100053263182140",
            "count": 0
        },
        {
            "id": "100053739736020",
            "count": 5
        },
        {
            "id": "100054193669960",
            "count": 0
        },
        {
            "id": "100054283853376",
            "count": 13
        },
        {
            "id": "100054664736656",
            "count": 0
        },
        {
            "id": "100056059741055",
            "count": 0
        },
        {
            "id": "100056824850431",
            "count": 1
        },
        {
            "id": "100057002659932",
            "count": 0
        },
        {
            "id": "100063981035070",
            "count": 0
        },
        {
            "id": "100064486353065",
            "count": 0
        },
        {
            "id": "100068518613460",
            "count": 0
        },
        {
            "id": "100069064671336",
            "count": 0
        },
        {
            "id": "100078030265225",
            "count": 0
        },
        {
            "id": "100080445820175",
            "count": 0
        }
    ],
    "week": [
        {
            "id": "511535916",
            "count": 0
        },
        {
            "id": "1019196666",
            "count": 0
        },
        {
            "id": "100000218493241",
            "count": 0
        },
        {
            "id": "100000451096465",
            "count": 4
        },
        {
            "id": "100003985257656",
            "count": 0
        },
        {
            "id": "100005921221831",
            "count": 23
        },
        {
            "id": "100005980456449",
            "count": 0
        },
        {
            "id": "100007109438872",
            "count": 0
        },
        {
            "id": "100007657003558",
            "count": 0
        },
        {
            "id": "100009538661878",
            "count": 0
        },
        {
            "id": "100010759548769",
            "count": 0
        },
        {
            "id": "100011383961188",
            "count": 0
        },
        {
            "id": "100012068562880",
            "count": 0
        },
        {
            "id": "100013718566475",
            "count": 0
        },
        {
            "id": "100014020472478",
            "count": 4
        },
        {
            "id": "100015217486937",
            "count": 0
        },
        {
            "id": "100015311919706",
            "count": 0
        },
        {
            "id": "100016029451185",
            "count": 2
        },
        {
            "id": "100016157381244",
            "count": 0
        },
        {
            "id": "100016372836128",
            "count": 0
        },
        {
            "id": "100016437071479",
            "count": 0
        },
        {
            "id": "100017024143476",
            "count": 0
        },
        {
            "id": "100017981770792",
            "count": 0
        },
        {
            "id": "100018965222005",
            "count": 0
        },
        {
            "id": "100021830739916",
            "count": 0
        },
        {
            "id": "100022368556971",
            "count": 15
        },
        {
            "id": "100024197566509",
            "count": 0
        },
        {
            "id": "100025195912799",
            "count": 0
        },
        {
            "id": "100028023350843",
            "count": 24
        },
        {
            "id": "100028242797127",
            "count": 0
        },
        {
            "id": "100030295815759",
            "count": 0
        },
        {
            "id": "100030456196419",
            "count": 0
        },
        {
            "id": "100030582951431",
            "count": 5
        },
        {
            "id": "100030614555303",
            "count": 0
        },
        {
            "id": "100031461215090",
            "count": 0
        },
        {
            "id": "100034959940935",
            "count": 0
        },
        {
            "id": "100035841401862",
            "count": 6
        },
        {
            "id": "100037016632238",
            "count": 0
        },
        {
            "id": "100037552552501",
            "count": 0
        },
        {
            "id": "100038332925261",
            "count": 0
        },
        {
            "id": "100038597980522",
            "count": 0
        },
        {
            "id": "100039550477017",
            "count": 0
        },
        {
            "id": "100040373405941",
            "count": 0
        },
        {
            "id": "100043252501294",
            "count": 0
        },
        {
            "id": "100043961713812",
            "count": 0
        },
        {
            "id": "100045885251355",
            "count": 0
        },
        {
            "id": "100047067858408",
            "count": 0
        },
        {
            "id": "100048621390751",
            "count": 0
        },
        {
            "id": "100049528790583",
            "count": 0
        },
        {
            "id": "100052044826930",
            "count": 0
        },
        {
            "id": "100053263182140",
            "count": 0
        },
        {
            "id": "100053739736020",
            "count": 5
        },
        {
            "id": "100054193669960",
            "count": 0
        },
        {
            "id": "100054283853376",
            "count": 13
        },
        {
            "id": "100054664736656",
            "count": 0
        },
        {
            "id": "100056059741055",
            "count": 0
        },
        {
            "id": "100056824850431",
            "count": 1
        },
        {
            "id": "100057002659932",
            "count": 0
        },
        {
            "id": "100063981035070",
            "count": 0
        },
        {
            "id": "100064486353065",
            "count": 0
        },
        {
            "id": "100068518613460",
            "count": 0
        },
        {
            "id": "100069064671336",
            "count": 0
        },
        {
            "id": "100078030265225",
            "count": 0
        },
        {
            "id": "100080445820175",
            "count": 0
        }
    ],
    "day": [
        {
            "id": "511535916",
            "count": 0
        },
        {
            "id": "1019196666",
            "count": 0
        },
        {
            "id": "100000218493241",
            "count": 0
        },
        {
            "id": "100000451096465",
            "count": 4
        },
        {
            "id": "100003985257656",
            "count": 0
        },
        {
            "id": "100005921221831",
            "count": 23
        },
        {
            "id": "100005980456449",
            "count": 0
        },
        {
            "id": "100007109438872",
            "count": 0
        },
        {
            "id": "100007657003558",
            "count": 0
        },
        {
            "id": "100009538661878",
            "count": 0
        },
        {
            "id": "100010759548769",
            "count": 0
        },
        {
            "id": "100011383961188",
            "count": 0
        },
        {
            "id": "100012068562880",
            "count": 0
        },
        {
            "id": "100013718566475",
            "count": 0
        },
        {
            "id": "100014020472478",
            "count": 4
        },
        {
            "id": "100015217486937",
            "count": 0
        },
        {
            "id": "100015311919706",
            "count": 0
        },
        {
            "id": "100016029451185",
            "count": 2
        },
        {
            "id": "100016157381244",
            "count": 0
        },
        {
            "id": "100016372836128",
            "count": 0
        },
        {
            "id": "100016437071479",
            "count": 0
        },
        {
            "id": "100017024143476",
            "count": 0
        },
        {
            "id": "100017981770792",
            "count": 0
        },
        {
            "id": "100018965222005",
            "count": 0
        },
        {
            "id": "100021830739916",
            "count": 0
        },
        {
            "id": "100022368556971",
            "count": 15
        },
        {
            "id": "100024197566509",
            "count": 0
        },
        {
            "id": "100025195912799",
            "count": 0
        },
        {
            "id": "100028023350843",
            "count": 24
        },
        {
            "id": "100028242797127",
            "count": 0
        },
        {
            "id": "100030295815759",
            "count": 0
        },
        {
            "id": "100030456196419",
            "count": 0
        },
        {
            "id": "100030582951431",
            "count": 5
        },
        {
            "id": "100030614555303",
            "count": 0
        },
        {
            "id": "100031461215090",
            "count": 0
        },
        {
            "id": "100034959940935",
            "count": 0
        },
        {
            "id": "100035841401862",
            "count": 6
        },
        {
            "id": "100037016632238",
            "count": 0
        },
        {
            "id": "100037552552501",
            "count": 0
        },
        {
            "id": "100038332925261",
            "count": 0
        },
        {
            "id": "100038597980522",
            "count": 0
        },
        {
            "id": "100039550477017",
            "count": 0
        },
        {
            "id": "100040373405941",
            "count": 0
        },
        {
            "id": "100043252501294",
            "count": 0
        },
        {
            "id": "100043961713812",
            "count": 0
        },
        {
            "id": "100045885251355",
            "count": 0
        },
        {
            "id": "100047067858408",
            "count": 0
        },
        {
            "id": "100048621390751",
            "count": 0
        },
        {
            "id": "100049528790583",
            "count": 0
        },
        {
            "id": "100052044826930",
            "count": 0
        },
        {
            "id": "100053263182140",
            "count": 0
        },
        {
            "id": "100053739736020",
            "count": 5
        },
        {
            "id": "100054193669960",
            "count": 0
        },
        {
            "id": "100054283853376",
            "count": 13
        },
        {
            "id": "100054664736656",
            "count": 0
        },
        {
            "id": "100056059741055",
            "count": 0
        },
        {
            "id": "100056824850431",
            "count": 1
        },
        {
            "id": "100057002659932",
            "count": 0
        },
        {
            "id": "100063981035070",
            "count": 0
        },
        {
            "id": "100064486353065",
            "count": 0
        },
        {
            "id": "100068518613460",
            "count": 0
        },
        {
            "id": "100069064671336",
            "count": 0
        },
        {
            "id": "100078030265225",
            "count": 0
        },
        {
            "id": "100080445820175",
            "count": 0
        }
    ],
    "time": 6
}