{
    "total": [
        {
            "id": "100006429793500",
            "count": 3
        },
        {
            "id": "100007571944054",
            "count": 646
        },
        {
            "id": "100010275670208",
            "count": 712
        },
        {
            "id": "100013557048765",
            "count": 464
        },
        {
            "id": "100019095549002",
            "count": 0
        },
        {
            "id": "100022765355758",
            "count": 3003
        },
        {
            "id": "100023250277879",
            "count": 2712
        },
        {
            "id": "100027273847687",
            "count": 0
        },
        {
            "id": "100029440039760",
            "count": 8
        },
        {
            "id": "100029631872626",
            "count": 0
        },
        {
            "id": "100030769650432",
            "count": 0
        },
        {
            "id": "100032063061469",
            "count": 54
        },
        {
            "id": "100033727325227",
            "count": 0
        },
        {
            "id": "100034329312335",
            "count": 2
        },
        {
            "id": "100034606241920",
            "count": 0
        },
        {
            "id": "100035217803442",
            "count": 1708
        },
        {
            "id": "100037163526465",
            "count": 126
        },
        {
            "id": "100037304206770",
            "count": 2
        },
        {
            "id": "100037331803596",
            "count": 0
        },
        {
            "id": "100038947413610",
            "count": 54
        },
        {
            "id": "100039294003425",
            "count": 0
        },
        {
            "id": "100039963075935",
            "count": 0
        },
        {
            "id": "100041603510414",
            "count": 1
        },
        {
            "id": "100041632393134",
            "count": 0
        },
        {
            "id": "100041660811482",
            "count": 2
        },
        {
            "id": "100041816080240",
            "count": 0
        },
        {
            "id": "100041951752726",
            "count": 0
        },
        {
            "id": "100042382511364",
            "count": 28
        },
        {
            "id": "100043742839394",
            "count": 107
        },
        {
            "id": "100046455294308",
            "count": 429
        },
        {
            "id": "100047808252214",
            "count": 0
        },
        {
            "id": "100047841813958",
            "count": 0
        },
        {
            "id": "100048399668038",
            "count": 0
        },
        {
            "id": "100048456635815",
            "count": 500
        },
        {
            "id": "100048462543885",
            "count": 0
        },
        {
            "id": "100048853147693",
            "count": 29
        },
        {
            "id": "100050186404239",
            "count": 0
        },
        {
            "id": "100050679097350",
            "count": 5
        },
        {
            "id": "100050784861326",
            "count": 1
        },
        {
            "id": "100052076328874",
            "count": 0
        },
        {
            "id": "100052156331779",
            "count": 0
        },
        {
            "id": "100053747209972",
            "count": 2319
        },
        {
            "id": "100054202845662",
            "count": 0
        },
        {
            "id": "100054240184511",
            "count": 0
        },
        {
            "id": "100055014787915",
            "count": 0
        },
        {
            "id": "100055215444539",
            "count": 3
        },
        {
            "id": "100056431924361",
            "count": 0
        },
        {
            "id": "100056519071024",
            "count": 1
        },
        {
            "id": "100057315102475",
            "count": 3
        },
        {
            "id": "100057442291180",
            "count": 396
        },
        {
            "id": "100057484660269",
            "count": 0
        },
        {
            "id": "100057917160256",
            "count": 1845
        },
        {
            "id": "100058064476831",
            "count": 1102
        },
        {
            "id": "100058216522325",
            "count": 0
        },
        {
            "id": "100059578572125",
            "count": 0
        },
        {
            "id": "100060824402532",
            "count": 2
        },
        {
            "id": "100060989092026",
            "count": 4
        },
        {
            "id": "100061339824383",
            "count": 71
        },
        {
            "id": "100061586373683",
            "count": 60
        },
        {
            "id": "100062886896931",
            "count": 224
        },
        {
            "id": "100063063091996",
            "count": 0
        },
        {
            "id": "100063450521103",
            "count": 0
        },
        {
            "id": "100063707316143",
            "count": 0
        },
        {
            "id": "100063934622713",
            "count": 0
        },
        {
            "id": "100064557669411",
            "count": 3
        },
        {
            "id": "100064563176331",
            "count": 3
        },
        {
            "id": "100065170700526",
            "count": 0
        },
        {
            "id": "100065403402342",
            "count": 0
        },
        {
            "id": "100065410042402",
            "count": 0
        },
        {
            "id": "100065521121388",
            "count": 0
        },
        {
            "id": "100068057611301",
            "count": 0
        },
        {
            "id": "100068195351857",
            "count": 0
        },
        {
            "id": "100069205102302",
            "count": 42
        },
        {
            "id": "100069730340564",
            "count": 0
        },
        {
            "id": "100069928624379",
            "count": 0
        },
        {
            "id": "100070006628016",
            "count": 39
        },
        {
            "id": "100070776934757",
            "count": 0
        },
        {
            "id": "100071072499600",
            "count": 505
        },
        {
            "id": "100071611983515",
            "count": 0
        },
        {
            "id": "100071691740395",
            "count": 157
        },
        {
            "id": "100071856325171",
            "count": 4
        },
        {
            "id": "100072002951287",
            "count": 0
        },
        {
            "id": "100072118766129",
            "count": 4
        },
        {
            "id": "100072242290075",
            "count": 26
        },
        {
            "id": "100072477010786",
            "count": 63
        },
        {
            "id": "100072929673134",
            "count": 6
        },
        {
            "id": "100073206684072",
            "count": 2
        },
        {
            "id": "100073761702180",
            "count": 5
        },
        {
            "id": "100073796406295",
            "count": 0
        },
        {
            "id": "100073821866561",
            "count": 0
        },
        {
            "id": "100073954839090",
            "count": 0
        },
        {
            "id": "100074288125461",
            "count": 2
        },
        {
            "id": "100075186529913",
            "count": 5
        },
        {
            "id": "100075303921220",
            "count": 1
        },
        {
            "id": "100076098812188",
            "count": 19
        },
        {
            "id": "100076587621702",
            "count": 0
        },
        {
            "id": "100076617128378",
            "count": 1353
        },
        {
            "id": "100077217337013",
            "count": 0
        },
        {
            "id": "100077323187143",
            "count": 38
        },
        {
            "id": "100077581299956",
            "count": 4
        },
        {
            "id": "100077684553130",
            "count": 4
        },
        {
            "id": "100077934461338",
            "count": 931
        },
        {
            "id": "100078421014741",
            "count": 1
        },
        {
            "id": "100080156424862",
            "count": 1
        },
        {
            "id": "100080505492199",
            "count": 0
        },
        {
            "id": "100080818823781",
            "count": 0
        },
        {
            "id": "100081461311423",
            "count": 1
        },
        {
            "id": "100081509739025",
            "count": 0
        },
        {
            "id": "100081686774766",
            "count": 3
        },
        {
            "id": "100081833050643",
            "count": 7
        },
        {
            "id": "100082078357636",
            "count": 5
        },
        {
            "id": "100082705556341",
            "count": 3
        },
        {
            "id": "100034503994778",
            "count": 23
        },
        {
            "id": "100038993362508",
            "count": 8
        },
        {
            "id": "100013942628281",
            "count": 6
        },
        {
            "id": "100082741401014",
            "count": 270
        },
        {
            "id": "100058431463169",
            "count": 61
        },
        {
            "id": "100025928170616",
            "count": 13
        },
        {
            "id": "100077535025580",
            "count": 4
        },
        {
            "id": "100075450999251",
            "count": 1
        },
        {
            "id": "100083201145738",
            "count": 17
        },
        {
            "id": "100069843687099",
            "count": 63
        },
        {
            "id": "100076307632454",
            "count": 292
        },
        {
            "id": "100065095141252",
            "count": 210
        },
        {
            "id": "100076417070451",
            "count": 5
        },
        {
            "id": "100041222674649",
            "count": 66
        },
        {
            "id": "100075541637129",
            "count": 1
        },
        {
            "id": "100064395077924",
            "count": 52
        },
        {
            "id": "100051143311388",
            "count": 42
        },
        {
            "id": "100075617321528",
            "count": 83
        },
        {
            "id": "100081250460904",
            "count": 46
        },
        {
            "id": "100046292200711",
            "count": 110
        },
        {
            "id": "100076166475897",
            "count": 32
        },
        {
            "id": "100081291010834",
            "count": 48
        },
        {
            "id": "100078158710383",
            "count": 30
        },
        {
            "id": "100065479652505",
            "count": 27
        },
        {
            "id": "100082207989965",
            "count": 5
        },
        {
            "id": "100083421465705",
            "count": 1
        },
        {
            "id": "100079017055391",
            "count": 17
        }
    ],
    "week": [
        {
            "id": "100006429793500",
            "count": 0,
            "name": "Người dùng facebook"
        },
        {
            "id": "100007571944054",
            "count": 0,
            "name": "Người dùng facebook"
        },
        {
            "id": "100010275670208",
            "count": 0,
            "name": "Người dùng facebook"
        },
        {
            "id": "100013557048765",
            "count": 0,
            "name": "Người dùng facebook"
        },
        {
            "id": "100019095549002",
            "count": 0,
            "name": "Người dùng facebook"
        },
        {
            "id": "100022765355758",
            "count": 0,
            "name": "Người dùng facebook"
        },
        {
            "id": "100023250277879",
            "count": 0,
            "name": "Người dùng facebook"
        },
        {
            "id": "100027273847687",
            "count": 0,
            "name": "Người dùng facebook"
        },
        {
            "id": "100029440039760",
            "count": 0,
            "name": "Người dùng facebook"
        },
        {
            "id": "100029631872626",
            "count": 0,
            "name": "Người dùng facebook"
        },
        {
            "id": "100030769650432",
            "count": 0,
            "name": "Người dùng facebook"
        },
        {
            "id": "100032063061469",
            "count": 0,
            "name": "Người dùng facebook"
        },
        {
            "id": "100033727325227",
            "count": 0,
            "name": "Người dùng facebook"
        },
        {
            "id": "100034329312335",
            "count": 0,
            "name": "Người dùng facebook"
        },
        {
            "id": "100034606241920",
            "count": 0,
            "name": "Người dùng facebook"
        },
        {
            "id": "100035217803442",
            "count": 0,
            "name": "Người dùng facebook"
        },
        {
            "id": "100037163526465",
            "count": 0,
            "name": "Người dùng facebook"
        },
        {
            "id": "100037304206770",
            "count": 0,
            "name": "Người dùng facebook"
        },
        {
            "id": "100037331803596",
            "count": 0,
            "name": "Người dùng facebook"
        },
        {
            "id": "100038947413610",
            "count": 0,
            "name": "Người dùng facebook"
        },
        {
            "id": "100039294003425",
            "count": 0,
            "name": "Người dùng facebook"
        },
        {
            "id": "100039963075935",
            "count": 0,
            "name": "Người dùng facebook"
        },
        {
            "id": "100041603510414",
            "count": 0,
            "name": "Người dùng facebook"
        },
        {
            "id": "100041632393134",
            "count": 0,
            "name": "Người dùng facebook"
        },
        {
            "id": "100041660811482",
            "count": 0,
            "name": "Người dùng facebook"
        },
        {
            "id": "100041816080240",
            "count": 0,
            "name": "Người dùng facebook"
        },
        {
            "id": "100041951752726",
            "count": 0,
            "name": "Người dùng facebook"
        },
        {
            "id": "100042382511364",
            "count": 0,
            "name": "Người dùng facebook"
        },
        {
            "id": "100043742839394",
            "count": 0,
            "name": "Người dùng facebook"
        },
        {
            "id": "100046455294308",
            "count": 0,
            "name": "Người dùng facebook"
        },
        {
            "id": "100047808252214",
            "count": 0,
            "name": "Người dùng facebook"
        },
        {
            "id": "100047841813958",
            "count": 0,
            "name": "Người dùng facebook"
        },
        {
            "id": "100048399668038",
            "count": 0,
            "name": "Người dùng facebook"
        },
        {
            "id": "100048456635815",
            "count": 0,
            "name": "Người dùng facebook"
        },
        {
            "id": "100048462543885",
            "count": 0,
            "name": "Người dùng facebook"
        },
        {
            "id": "100048853147693",
            "count": 0,
            "name": "Người dùng facebook"
        },
        {
            "id": "100050186404239",
            "count": 0,
            "name": "Người dùng facebook"
        },
        {
            "id": "100050679097350",
            "count": 0,
            "name": "Người dùng facebook"
        },
        {
            "id": "100050784861326",
            "count": 0,
            "name": "Người dùng facebook"
        },
        {
            "id": "100052076328874",
            "count": 0,
            "name": "Người dùng facebook"
        },
        {
            "id": "100052156331779",
            "count": 0,
            "name": "Người dùng facebook"
        },
        {
            "id": "100053747209972",
            "count": 0,
            "name": "Người dùng facebook"
        },
        {
            "id": "100054202845662",
            "count": 0,
            "name": "Người dùng facebook"
        },
        {
            "id": "100054240184511",
            "count": 0,
            "name": "Người dùng facebook"
        },
        {
            "id": "100055014787915",
            "count": 0,
            "name": "Người dùng facebook"
        },
        {
            "id": "100055215444539",
            "count": 0,
            "name": "Người dùng facebook"
        },
        {
            "id": "100056431924361",
            "count": 0,
            "name": "Người dùng facebook"
        },
        {
            "id": "100056519071024",
            "count": 0,
            "name": "Người dùng facebook"
        },
        {
            "id": "100057315102475",
            "count": 0,
            "name": "Người dùng facebook"
        },
        {
            "id": "100057442291180",
            "count": 0,
            "name": "Người dùng facebook"
        },
        {
            "id": "100057484660269",
            "count": 0,
            "name": "Người dùng facebook"
        },
        {
            "id": "100057917160256",
            "count": 0,
            "name": "Người dùng facebook"
        },
        {
            "id": "100058064476831",
            "count": 0,
            "name": "Người dùng facebook"
        },
        {
            "id": "100058216522325",
            "count": 0,
            "name": "Người dùng facebook"
        },
        {
            "id": "100059578572125",
            "count": 0,
            "name": "Người dùng facebook"
        },
        {
            "id": "100060824402532",
            "count": 0,
            "name": "Người dùng facebook"
        },
        {
            "id": "100060989092026",
            "count": 0,
            "name": "Người dùng facebook"
        },
        {
            "id": "100061339824383",
            "count": 0,
            "name": "Người dùng facebook"
        },
        {
            "id": "100061586373683",
            "count": 0,
            "name": "Người dùng facebook"
        },
        {
            "id": "100062886896931",
            "count": 0,
            "name": "Người dùng facebook"
        },
        {
            "id": "100063063091996",
            "count": 0,
            "name": "Người dùng facebook"
        },
        {
            "id": "100063450521103",
            "count": 0,
            "name": "Người dùng facebook"
        },
        {
            "id": "100063707316143",
            "count": 0,
            "name": "Người dùng facebook"
        },
        {
            "id": "100063934622713",
            "count": 0,
            "name": "Người dùng facebook"
        },
        {
            "id": "100064557669411",
            "count": 0,
            "name": "Người dùng facebook"
        },
        {
            "id": "100064563176331",
            "count": 0,
            "name": "Người dùng facebook"
        },
        {
            "id": "100065170700526",
            "count": 0,
            "name": "Người dùng facebook"
        },
        {
            "id": "100065403402342",
            "count": 0,
            "name": "Người dùng facebook"
        },
        {
            "id": "100065410042402",
            "count": 0,
            "name": "Người dùng facebook"
        },
        {
            "id": "100065521121388",
            "count": 0,
            "name": "Người dùng facebook"
        },
        {
            "id": "100068057611301",
            "count": 0,
            "name": "Người dùng facebook"
        },
        {
            "id": "100068195351857",
            "count": 0,
            "name": "Người dùng facebook"
        },
        {
            "id": "100069205102302",
            "count": 0,
            "name": "Người dùng facebook"
        },
        {
            "id": "100069730340564",
            "count": 0,
            "name": "Người dùng facebook"
        },
        {
            "id": "100069928624379",
            "count": 0,
            "name": "Người dùng facebook"
        },
        {
            "id": "100070006628016",
            "count": 0,
            "name": "Người dùng facebook"
        },
        {
            "id": "100070776934757",
            "count": 0,
            "name": "Người dùng facebook"
        },
        {
            "id": "100071072499600",
            "count": 0,
            "name": "Người dùng facebook"
        },
        {
            "id": "100071611983515",
            "count": 0,
            "name": "Người dùng facebook"
        },
        {
            "id": "100071691740395",
            "count": 0,
            "name": "Người dùng facebook"
        },
        {
            "id": "100071856325171",
            "count": 0,
            "name": "Người dùng facebook"
        },
        {
            "id": "100072002951287",
            "count": 0,
            "name": "Người dùng facebook"
        },
        {
            "id": "100072118766129",
            "count": 0,
            "name": "Người dùng facebook"
        },
        {
            "id": "100072242290075",
            "count": 0,
            "name": "Người dùng facebook"
        },
        {
            "id": "100072477010786",
            "count": 0,
            "name": "Người dùng facebook"
        },
        {
            "id": "100072929673134",
            "count": 0,
            "name": "Người dùng facebook"
        },
        {
            "id": "100073206684072",
            "count": 0,
            "name": "Người dùng facebook"
        },
        {
            "id": "100073761702180",
            "count": 0,
            "name": "Người dùng facebook"
        },
        {
            "id": "100073796406295",
            "count": 0,
            "name": "Người dùng facebook"
        },
        {
            "id": "100073821866561",
            "count": 0,
            "name": "Người dùng facebook"
        },
        {
            "id": "100073954839090",
            "count": 0,
            "name": "Người dùng facebook"
        },
        {
            "id": "100074288125461",
            "count": 0,
            "name": "Người dùng facebook"
        },
        {
            "id": "100075186529913",
            "count": 0,
            "name": "Người dùng facebook"
        },
        {
            "id": "100075303921220",
            "count": 0,
            "name": "Người dùng facebook"
        },
        {
            "id": "100076098812188",
            "count": 0,
            "name": "Người dùng facebook"
        },
        {
            "id": "100076587621702",
            "count": 0,
            "name": "Người dùng facebook"
        },
        {
            "id": "100076617128378",
            "count": 0,
            "name": "Người dùng facebook"
        },
        {
            "id": "100077217337013",
            "count": 0,
            "name": "Người dùng facebook"
        },
        {
            "id": "100077323187143",
            "count": 0,
            "name": "Người dùng facebook"
        },
        {
            "id": "100077581299956",
            "count": 0,
            "name": "Người dùng facebook"
        },
        {
            "id": "100077684553130",
            "count": 0,
            "name": "Người dùng facebook"
        },
        {
            "id": "100077934461338",
            "count": 0,
            "name": "Người dùng facebook"
        },
        {
            "id": "100078421014741",
            "count": 0,
            "name": "Người dùng facebook"
        },
        {
            "id": "100080156424862",
            "count": 0,
            "name": "Người dùng facebook"
        },
        {
            "id": "100080505492199",
            "count": 0,
            "name": "Người dùng facebook"
        },
        {
            "id": "100080818823781",
            "count": 0,
            "name": "Người dùng facebook"
        },
        {
            "id": "100081461311423",
            "count": 0,
            "name": "Người dùng facebook"
        },
        {
            "id": "100081509739025",
            "count": 0,
            "name": "Người dùng facebook"
        },
        {
            "id": "100081686774766",
            "count": 0,
            "name": "Người dùng facebook"
        },
        {
            "id": "100081833050643",
            "count": 0,
            "name": "Người dùng facebook"
        },
        {
            "id": "100082078357636",
            "count": 0,
            "name": "Người dùng facebook"
        },
        {
            "id": "100082705556341",
            "count": 0,
            "name": "Người dùng facebook"
        },
        {
            "id": "100034503994778",
            "count": 0,
            "name": "Người dùng facebook"
        },
        {
            "id": "100038993362508",
            "count": 0,
            "name": "Người dùng facebook"
        },
        {
            "id": "100013942628281",
            "count": 0,
            "name": "Người dùng facebook"
        },
        {
            "id": "100082741401014",
            "count": 0,
            "name": "Người dùng facebook"
        },
        {
            "id": "100058431463169",
            "count": 0,
            "name": "Người dùng facebook"
        },
        {
            "id": "100025928170616",
            "count": 0,
            "name": "Người dùng facebook"
        },
        {
            "id": "100077535025580",
            "count": 0,
            "name": "Người dùng facebook"
        },
        {
            "id": "100075450999251",
            "count": 0,
            "name": "Người dùng facebook"
        },
        {
            "id": "100083201145738",
            "count": 0,
            "name": "Người dùng facebook"
        },
        {
            "id": "100069843687099",
            "count": 0,
            "name": "Người dùng facebook"
        },
        {
            "id": "100076307632454",
            "count": 0,
            "name": "Người dùng facebook"
        },
        {
            "id": "100065095141252",
            "count": 0,
            "name": "Người dùng facebook"
        },
        {
            "id": "100076417070451",
            "count": 0,
            "name": "Người dùng facebook"
        },
        {
            "id": "100041222674649",
            "count": 0,
            "name": "Người dùng facebook"
        },
        {
            "id": "100075541637129",
            "count": 0,
            "name": "Người dùng facebook"
        },
        {
            "id": "100064395077924",
            "count": 0,
            "name": "Người dùng facebook"
        },
        {
            "id": "100051143311388",
            "count": 0,
            "name": "Người dùng facebook"
        },
        {
            "id": "100075617321528",
            "count": 0,
            "name": "Người dùng facebook"
        },
        {
            "id": "100081250460904",
            "count": 0,
            "name": "Người dùng facebook"
        },
        {
            "id": "100046292200711",
            "count": 0,
            "name": "Người dùng facebook"
        },
        {
            "id": "100076166475897",
            "count": 0,
            "name": "Người dùng facebook"
        },
        {
            "id": "100081291010834",
            "count": 0,
            "name": "Người dùng facebook"
        },
        {
            "id": "100078158710383",
            "count": 0,
            "name": "Người dùng facebook"
        },
        {
            "id": "100065479652505",
            "count": 0,
            "name": "Người dùng facebook"
        },
        {
            "id": "100082207989965",
            "count": 0,
            "name": "Người dùng facebook"
        },
        {
            "id": "100083421465705",
            "count": 0,
            "name": "Người dùng facebook"
        },
        {
            "id": "100079017055391",
            "count": 0,
            "name": "Người dùng facebook"
        }
    ],
    "day": [
        {
            "id": "100006429793500",
            "count": 0,
            "name": "Người dùng facebook"
        },
        {
            "id": "100007571944054",
            "count": 0,
            "name": "Người dùng facebook"
        },
        {
            "id": "100010275670208",
            "count": 0,
            "name": "Người dùng facebook"
        },
        {
            "id": "100013557048765",
            "count": 0,
            "name": "Người dùng facebook"
        },
        {
            "id": "100019095549002",
            "count": 0,
            "name": "Người dùng facebook"
        },
        {
            "id": "100022765355758",
            "count": 0,
            "name": "Người dùng facebook"
        },
        {
            "id": "100023250277879",
            "count": 0,
            "name": "Người dùng facebook"
        },
        {
            "id": "100027273847687",
            "count": 0,
            "name": "Người dùng facebook"
        },
        {
            "id": "100029440039760",
            "count": 0,
            "name": "Người dùng facebook"
        },
        {
            "id": "100029631872626",
            "count": 0,
            "name": "Người dùng facebook"
        },
        {
            "id": "100030769650432",
            "count": 0,
            "name": "Người dùng facebook"
        },
        {
            "id": "100032063061469",
            "count": 0,
            "name": "Người dùng facebook"
        },
        {
            "id": "100033727325227",
            "count": 0,
            "name": "Người dùng facebook"
        },
        {
            "id": "100034329312335",
            "count": 0,
            "name": "Người dùng facebook"
        },
        {
            "id": "100034606241920",
            "count": 0,
            "name": "Người dùng facebook"
        },
        {
            "id": "100035217803442",
            "count": 0,
            "name": "Người dùng facebook"
        },
        {
            "id": "100037163526465",
            "count": 0,
            "name": "Người dùng facebook"
        },
        {
            "id": "100037304206770",
            "count": 0,
            "name": "Người dùng facebook"
        },
        {
            "id": "100037331803596",
            "count": 0,
            "name": "Người dùng facebook"
        },
        {
            "id": "100038947413610",
            "count": 0,
            "name": "Người dùng facebook"
        },
        {
            "id": "100039294003425",
            "count": 0,
            "name": "Người dùng facebook"
        },
        {
            "id": "100039963075935",
            "count": 0,
            "name": "Người dùng facebook"
        },
        {
            "id": "100041603510414",
            "count": 0,
            "name": "Người dùng facebook"
        },
        {
            "id": "100041632393134",
            "count": 0,
            "name": "Người dùng facebook"
        },
        {
            "id": "100041660811482",
            "count": 0,
            "name": "Người dùng facebook"
        },
        {
            "id": "100041816080240",
            "count": 0,
            "name": "Người dùng facebook"
        },
        {
            "id": "100041951752726",
            "count": 0,
            "name": "Người dùng facebook"
        },
        {
            "id": "100042382511364",
            "count": 0,
            "name": "Người dùng facebook"
        },
        {
            "id": "100043742839394",
            "count": 0,
            "name": "Người dùng facebook"
        },
        {
            "id": "100046455294308",
            "count": 0,
            "name": "Người dùng facebook"
        },
        {
            "id": "100047808252214",
            "count": 0,
            "name": "Người dùng facebook"
        },
        {
            "id": "100047841813958",
            "count": 0,
            "name": "Người dùng facebook"
        },
        {
            "id": "100048399668038",
            "count": 0,
            "name": "Người dùng facebook"
        },
        {
            "id": "100048456635815",
            "count": 0,
            "name": "Người dùng facebook"
        },
        {
            "id": "100048462543885",
            "count": 0,
            "name": "Người dùng facebook"
        },
        {
            "id": "100048853147693",
            "count": 0,
            "name": "Người dùng facebook"
        },
        {
            "id": "100050186404239",
            "count": 0,
            "name": "Người dùng facebook"
        },
        {
            "id": "100050679097350",
            "count": 0,
            "name": "Người dùng facebook"
        },
        {
            "id": "100050784861326",
            "count": 0,
            "name": "Người dùng facebook"
        },
        {
            "id": "100052076328874",
            "count": 0,
            "name": "Người dùng facebook"
        },
        {
            "id": "100052156331779",
            "count": 0,
            "name": "Người dùng facebook"
        },
        {
            "id": "100053747209972",
            "count": 0,
            "name": "Người dùng facebook"
        },
        {
            "id": "100054202845662",
            "count": 0,
            "name": "Người dùng facebook"
        },
        {
            "id": "100054240184511",
            "count": 0,
            "name": "Người dùng facebook"
        },
        {
            "id": "100055014787915",
            "count": 0,
            "name": "Người dùng facebook"
        },
        {
            "id": "100055215444539",
            "count": 0,
            "name": "Người dùng facebook"
        },
        {
            "id": "100056431924361",
            "count": 0,
            "name": "Người dùng facebook"
        },
        {
            "id": "100056519071024",
            "count": 0,
            "name": "Người dùng facebook"
        },
        {
            "id": "100057315102475",
            "count": 0,
            "name": "Người dùng facebook"
        },
        {
            "id": "100057442291180",
            "count": 0,
            "name": "Người dùng facebook"
        },
        {
            "id": "100057484660269",
            "count": 0,
            "name": "Người dùng facebook"
        },
        {
            "id": "100057917160256",
            "count": 0,
            "name": "Người dùng facebook"
        },
        {
            "id": "100058064476831",
            "count": 0,
            "name": "Người dùng facebook"
        },
        {
            "id": "100058216522325",
            "count": 0,
            "name": "Người dùng facebook"
        },
        {
            "id": "100059578572125",
            "count": 0,
            "name": "Người dùng facebook"
        },
        {
            "id": "100060824402532",
            "count": 0,
            "name": "Người dùng facebook"
        },
        {
            "id": "100060989092026",
            "count": 0,
            "name": "Người dùng facebook"
        },
        {
            "id": "100061339824383",
            "count": 0,
            "name": "Người dùng facebook"
        },
        {
            "id": "100061586373683",
            "count": 0,
            "name": "Người dùng facebook"
        },
        {
            "id": "100062886896931",
            "count": 0,
            "name": "Người dùng facebook"
        },
        {
            "id": "100063063091996",
            "count": 0,
            "name": "Người dùng facebook"
        },
        {
            "id": "100063450521103",
            "count": 0,
            "name": "Người dùng facebook"
        },
        {
            "id": "100063707316143",
            "count": 0,
            "name": "Người dùng facebook"
        },
        {
            "id": "100063934622713",
            "count": 0,
            "name": "Người dùng facebook"
        },
        {
            "id": "100064557669411",
            "count": 0,
            "name": "Người dùng facebook"
        },
        {
            "id": "100064563176331",
            "count": 0,
            "name": "Người dùng facebook"
        },
        {
            "id": "100065170700526",
            "count": 0,
            "name": "Người dùng facebook"
        },
        {
            "id": "100065403402342",
            "count": 0,
            "name": "Người dùng facebook"
        },
        {
            "id": "100065410042402",
            "count": 0,
            "name": "Người dùng facebook"
        },
        {
            "id": "100065521121388",
            "count": 0,
            "name": "Người dùng facebook"
        },
        {
            "id": "100068057611301",
            "count": 0,
            "name": "Người dùng facebook"
        },
        {
            "id": "100068195351857",
            "count": 0,
            "name": "Người dùng facebook"
        },
        {
            "id": "100069205102302",
            "count": 0,
            "name": "Người dùng facebook"
        },
        {
            "id": "100069730340564",
            "count": 0,
            "name": "Người dùng facebook"
        },
        {
            "id": "100069928624379",
            "count": 0,
            "name": "Người dùng facebook"
        },
        {
            "id": "100070006628016",
            "count": 0,
            "name": "Người dùng facebook"
        },
        {
            "id": "100070776934757",
            "count": 0,
            "name": "Người dùng facebook"
        },
        {
            "id": "100071072499600",
            "count": 0,
            "name": "Người dùng facebook"
        },
        {
            "id": "100071611983515",
            "count": 0,
            "name": "Người dùng facebook"
        },
        {
            "id": "100071691740395",
            "count": 0,
            "name": "Người dùng facebook"
        },
        {
            "id": "100071856325171",
            "count": 0,
            "name": "Người dùng facebook"
        },
        {
            "id": "100072002951287",
            "count": 0,
            "name": "Người dùng facebook"
        },
        {
            "id": "100072118766129",
            "count": 0,
            "name": "Người dùng facebook"
        },
        {
            "id": "100072242290075",
            "count": 0,
            "name": "Người dùng facebook"
        },
        {
            "id": "100072477010786",
            "count": 0,
            "name": "Người dùng facebook"
        },
        {
            "id": "100072929673134",
            "count": 0,
            "name": "Người dùng facebook"
        },
        {
            "id": "100073206684072",
            "count": 0,
            "name": "Người dùng facebook"
        },
        {
            "id": "100073761702180",
            "count": 0,
            "name": "Người dùng facebook"
        },
        {
            "id": "100073796406295",
            "count": 0,
            "name": "Người dùng facebook"
        },
        {
            "id": "100073821866561",
            "count": 0,
            "name": "Người dùng facebook"
        },
        {
            "id": "100073954839090",
            "count": 0,
            "name": "Người dùng facebook"
        },
        {
            "id": "100074288125461",
            "count": 0,
            "name": "Người dùng facebook"
        },
        {
            "id": "100075186529913",
            "count": 0,
            "name": "Người dùng facebook"
        },
        {
            "id": "100075303921220",
            "count": 0,
            "name": "Người dùng facebook"
        },
        {
            "id": "100076098812188",
            "count": 0,
            "name": "Người dùng facebook"
        },
        {
            "id": "100076587621702",
            "count": 0,
            "name": "Người dùng facebook"
        },
        {
            "id": "100076617128378",
            "count": 0,
            "name": "Người dùng facebook"
        },
        {
            "id": "100077217337013",
            "count": 0,
            "name": "Người dùng facebook"
        },
        {
            "id": "100077323187143",
            "count": 0,
            "name": "Người dùng facebook"
        },
        {
            "id": "100077581299956",
            "count": 0,
            "name": "Người dùng facebook"
        },
        {
            "id": "100077684553130",
            "count": 0,
            "name": "Người dùng facebook"
        },
        {
            "id": "100077934461338",
            "count": 0,
            "name": "Người dùng facebook"
        },
        {
            "id": "100078421014741",
            "count": 0,
            "name": "Người dùng facebook"
        },
        {
            "id": "100080156424862",
            "count": 0,
            "name": "Người dùng facebook"
        },
        {
            "id": "100080505492199",
            "count": 0,
            "name": "Người dùng facebook"
        },
        {
            "id": "100080818823781",
            "count": 0,
            "name": "Người dùng facebook"
        },
        {
            "id": "100081461311423",
            "count": 0,
            "name": "Người dùng facebook"
        },
        {
            "id": "100081509739025",
            "count": 0,
            "name": "Người dùng facebook"
        },
        {
            "id": "100081686774766",
            "count": 0,
            "name": "Người dùng facebook"
        },
        {
            "id": "100081833050643",
            "count": 0,
            "name": "Người dùng facebook"
        },
        {
            "id": "100082078357636",
            "count": 0,
            "name": "Người dùng facebook"
        },
        {
            "id": "100082705556341",
            "count": 0,
            "name": "Người dùng facebook"
        },
        {
            "id": "100034503994778",
            "count": 0,
            "name": "Người dùng facebook"
        },
        {
            "id": "100038993362508",
            "count": 0,
            "name": "Người dùng facebook"
        },
        {
            "id": "100013942628281",
            "count": 0,
            "name": "Người dùng facebook"
        },
        {
            "id": "100082741401014",
            "count": 0,
            "name": "Người dùng facebook"
        },
        {
            "id": "100058431463169",
            "count": 0,
            "name": "Người dùng facebook"
        },
        {
            "id": "100025928170616",
            "count": 0,
            "name": "Người dùng facebook"
        },
        {
            "id": "100077535025580",
            "count": 0,
            "name": "Người dùng facebook"
        },
        {
            "id": "100075450999251",
            "count": 0,
            "name": "Người dùng facebook"
        },
        {
            "id": "100083201145738",
            "count": 0,
            "name": "Người dùng facebook"
        },
        {
            "id": "100069843687099",
            "count": 0,
            "name": "Người dùng facebook"
        },
        {
            "id": "100076307632454",
            "count": 0,
            "name": "Người dùng facebook"
        },
        {
            "id": "100065095141252",
            "count": 0,
            "name": "Người dùng facebook"
        },
        {
            "id": "100076417070451",
            "count": 0,
            "name": "Người dùng facebook"
        },
        {
            "id": "100041222674649",
            "count": 0,
            "name": "Người dùng facebook"
        },
        {
            "id": "100075541637129",
            "count": 0,
            "name": "Người dùng facebook"
        },
        {
            "id": "100064395077924",
            "count": 0,
            "name": "Người dùng facebook"
        },
        {
            "id": "100051143311388",
            "count": 0,
            "name": "Người dùng facebook"
        },
        {
            "id": "100075617321528",
            "count": 0,
            "name": "Người dùng facebook"
        },
        {
            "id": "100081250460904",
            "count": 0,
            "name": "Người dùng facebook"
        },
        {
            "id": "100046292200711",
            "count": 0,
            "name": "Người dùng facebook"
        },
        {
            "id": "100076166475897",
            "count": 0,
            "name": "Người dùng facebook"
        },
        {
            "id": "100081291010834",
            "count": 0,
            "name": "Người dùng facebook"
        },
        {
            "id": "100078158710383",
            "count": 0,
            "name": "Người dùng facebook"
        },
        {
            "id": "100065479652505",
            "count": 0,
            "name": "Người dùng facebook"
        },
        {
            "id": "100082207989965",
            "count": 0,
            "name": "Người dùng facebook"
        },
        {
            "id": "100083421465705",
            "count": 0,
            "name": "Người dùng facebook"
        },
        {
            "id": "100079017055391",
            "count": 0,
            "name": "Người dùng facebook"
        }
    ],
    "time": 6
}