{
    "total": [
        {
            "id": "100013942628281",
            "count": 94
        },
        {
            "id": "100018102425487",
            "count": 555
        },
        {
            "id": "100023250277879",
            "count": 2527
        },
        {
            "id": "100033759672567",
            "count": 140
        },
        {
            "id": "100034086885530",
            "count": 1
        },
        {
            "id": "100043818528390",
            "count": 2900
        },
        {
            "id": "100046510011704",
            "count": 0
        },
        {
            "id": "100048984982010",
            "count": 1188
        },
        {
            "id": "100054751924127",
            "count": 9
        },
        {
            "id": "100055067195864",
            "count": 38
        },
        {
            "id": "100056323173228",
            "count": 24
        },
        {
            "id": "100057385880304",
            "count": 34
        },
        {
            "id": "100057571561889",
            "count": 1
        },
        {
            "id": "100058278816439",
            "count": 704
        },
        {
            "id": "100058695667153",
            "count": 3093
        },
        {
            "id": "100060667720654",
            "count": 14
        },
        {
            "id": "100061463063330",
            "count": 0
        },
        {
            "id": "100063515814213",
            "count": 3
        },
        {
            "id": "100063586652295",
            "count": 30
        },
        {
            "id": "100063752174654",
            "count": 5
        },
        {
            "id": "100064631031541",
            "count": 594
        },
        {
            "id": "100064823112581",
            "count": 2468
        },
        {
            "id": "100064973704809",
            "count": 0
        },
        {
            "id": "100065095141252",
            "count": 2481
        },
        {
            "id": "100066299477165",
            "count": 3095
        },
        {
            "id": "100067000076552",
            "count": 94
        },
        {
            "id": "100067481979287",
            "count": 10
        },
        {
            "id": "100068288243797",
            "count": 16
        },
        {
            "id": "100068636217292",
            "count": 0
        },
        {
            "id": "100071086854437",
            "count": 100
        },
        {
            "id": "100071683221900",
            "count": 2292
        },
        {
            "id": "100072149700472",
            "count": 0
        },
        {
            "id": "100072326324575",
            "count": 147
        },
        {
            "id": "100072442193494",
            "count": 20
        },
        {
            "id": "100072929733105",
            "count": 3
        },
        {
            "id": "100073112642772",
            "count": 0
        },
        {
            "id": "100073353134924",
            "count": 4523
        },
        {
            "id": "100073739222419",
            "count": 23
        },
        {
            "id": "100073773475051",
            "count": 1
        },
        {
            "id": "100074138690368",
            "count": 133
        },
        {
            "id": "100074168000776",
            "count": 7141
        },
        {
            "id": "100074492160152",
            "count": 0
        },
        {
            "id": "100074763490013",
            "count": 1
        },
        {
            "id": "100074998481701",
            "count": 1010
        },
        {
            "id": "100075656686926",
            "count": 12
        },
        {
            "id": "100076492646756",
            "count": 1
        },
        {
            "id": "100077058738249",
            "count": 0
        },
        {
            "id": "100077957798051",
            "count": 4
        },
        {
            "id": "100078038815080",
            "count": 4348
        },
        {
            "id": "100079229692319",
            "count": 6
        },
        {
            "id": "100080049921714",
            "count": 0
        },
        {
            "id": "100081218823509",
            "count": 161
        },
        {
            "id": "100081913003571",
            "count": 4
        },
        {
            "id": "100081982273870",
            "count": 3
        },
        {
            "id": "100082029805873",
            "count": 200
        },
        {
            "id": "100082108534479",
            "count": 12
        },
        {
            "id": "100082161566529",
            "count": 200
        },
        {
            "id": "100082219934798",
            "count": 753
        },
        {
            "id": "100082526031641",
            "count": 4879
        },
        {
            "id": "100082705856058",
            "count": 10
        },
        {
            "id": "100054050948645",
            "count": 47
        },
        {
            "id": "100072358316630",
            "count": 2066
        },
        {
            "id": "100068070630758",
            "count": 2
        },
        {
            "id": "100078998834122",
            "count": 599
        },
        {
            "id": "100069376735391",
            "count": 86
        },
        {
            "id": "100083364721874",
            "count": 562
        },
        {
            "id": "100068892173900",
            "count": 1
        },
        {
            "id": "100040430856623",
            "count": 33
        },
        {
            "id": "100071170639347",
            "count": 229
        },
        {
            "id": "100045321674962",
            "count": 369
        },
        {
            "id": "100046234399962",
            "count": 2
        },
        {
            "id": "100068089483262",
            "count": 24
        },
        {
            "id": "100081301329886",
            "count": 33
        },
        {
            "id": "100083123045688",
            "count": 97
        },
        {
            "id": "100082330274927",
            "count": 11
        },
        {
            "id": "100083006361284",
            "count": 1220
        },
        {
            "id": "100083189832697",
            "count": 15
        },
        {
            "id": "100072631856647",
            "count": 37
        },
        {
            "id": "100078326017494",
            "count": 4
        },
        {
            "id": "100082663089838",
            "count": 10
        },
        {
            "id": "100070592104013",
            "count": 11
        },
        {
            "id": "100083383177717",
            "count": 13
        },
        {
            "id": "100072858193266",
            "count": 48
        },
        {
            "id": "100049528162566",
            "count": 1566
        },
        {
            "id": "100082674056226",
            "count": 19
        },
        {
            "id": "100077024525806",
            "count": 6
        },
        {
            "id": "100080688723405",
            "count": 74
        },
        {
            "id": "100079129304100",
            "count": 105
        },
        {
            "id": "100081578808017",
            "count": 18
        },
        {
            "id": "100076501193071",
            "count": 92
        },
        {
            "id": "100069844937149",
            "count": 357
        },
        {
            "id": "100075987331198",
            "count": 14
        },
        {
            "id": "100039182205126",
            "count": 6
        },
        {
            "id": "100050427069245",
            "count": 1032
        },
        {
            "id": "100041997332774",
            "count": 73
        },
        {
            "id": "100075805661774",
            "count": 366
        },
        {
            "id": "100082171801434",
            "count": 775
        },
        {
            "id": "100083493817575",
            "count": 4
        },
        {
            "id": "100073341025121",
            "count": 1040
        },
        {
            "id": "100055398364990",
            "count": 15
        },
        {
            "id": "100060025685029",
            "count": 29
        },
        {
            "id": "100061562170860",
            "count": 268
        },
        {
            "id": "100074575643785",
            "count": 18
        },
        {
            "id": "100075902911394",
            "count": 3
        }
    ],
    "week": [
        {
            "id": "100013942628281",
            "count": 0,
            "name": "Người dùng facebook"
        },
        {
            "id": "100018102425487",
            "count": 0,
            "name": "Người dùng facebook"
        },
        {
            "id": "100023250277879",
            "count": 0,
            "name": "Người dùng facebook"
        },
        {
            "id": "100033759672567",
            "count": 0,
            "name": "Người dùng facebook"
        },
        {
            "id": "100034086885530",
            "count": 0,
            "name": "Người dùng facebook"
        },
        {
            "id": "100043818528390",
            "count": 0,
            "name": "Người dùng facebook"
        },
        {
            "id": "100046510011704",
            "count": 0,
            "name": "Người dùng facebook"
        },
        {
            "id": "100048984982010",
            "count": 0,
            "name": "Người dùng facebook"
        },
        {
            "id": "100054751924127",
            "count": 0,
            "name": "Người dùng facebook"
        },
        {
            "id": "100055067195864",
            "count": 0,
            "name": "Người dùng facebook"
        },
        {
            "id": "100056323173228",
            "count": 0,
            "name": "Người dùng facebook"
        },
        {
            "id": "100057385880304",
            "count": 0,
            "name": "Người dùng facebook"
        },
        {
            "id": "100057571561889",
            "count": 0,
            "name": "Người dùng facebook"
        },
        {
            "id": "100058278816439",
            "count": 0,
            "name": "Người dùng facebook"
        },
        {
            "id": "100058695667153",
            "count": 0,
            "name": "Người dùng facebook"
        },
        {
            "id": "100060667720654",
            "count": 0,
            "name": "Người dùng facebook"
        },
        {
            "id": "100061463063330",
            "count": 0,
            "name": "Người dùng facebook"
        },
        {
            "id": "100063515814213",
            "count": 0,
            "name": "Người dùng facebook"
        },
        {
            "id": "100063586652295",
            "count": 0,
            "name": "Người dùng facebook"
        },
        {
            "id": "100063752174654",
            "count": 0,
            "name": "Người dùng facebook"
        },
        {
            "id": "100064631031541",
            "count": 0,
            "name": "Người dùng facebook"
        },
        {
            "id": "100064823112581",
            "count": 0,
            "name": "Người dùng facebook"
        },
        {
            "id": "100064973704809",
            "count": 0,
            "name": "Người dùng facebook"
        },
        {
            "id": "100065095141252",
            "count": 0,
            "name": "Người dùng facebook"
        },
        {
            "id": "100066299477165",
            "count": 0,
            "name": "Người dùng facebook"
        },
        {
            "id": "100067000076552",
            "count": 0,
            "name": "Người dùng facebook"
        },
        {
            "id": "100067481979287",
            "count": 0,
            "name": "Người dùng facebook"
        },
        {
            "id": "100068288243797",
            "count": 0,
            "name": "Người dùng facebook"
        },
        {
            "id": "100068636217292",
            "count": 0,
            "name": "Người dùng facebook"
        },
        {
            "id": "100071086854437",
            "count": 0,
            "name": "Người dùng facebook"
        },
        {
            "id": "100071683221900",
            "count": 0,
            "name": "Người dùng facebook"
        },
        {
            "id": "100072149700472",
            "count": 0,
            "name": "Người dùng facebook"
        },
        {
            "id": "100072326324575",
            "count": 0,
            "name": "Người dùng facebook"
        },
        {
            "id": "100072442193494",
            "count": 0,
            "name": "Người dùng facebook"
        },
        {
            "id": "100072929733105",
            "count": 0,
            "name": "Người dùng facebook"
        },
        {
            "id": "100073112642772",
            "count": 0,
            "name": "Người dùng facebook"
        },
        {
            "id": "100073353134924",
            "count": 0,
            "name": "Người dùng facebook"
        },
        {
            "id": "100073739222419",
            "count": 0,
            "name": "Người dùng facebook"
        },
        {
            "id": "100073773475051",
            "count": 0,
            "name": "Người dùng facebook"
        },
        {
            "id": "100074138690368",
            "count": 0,
            "name": "Người dùng facebook"
        },
        {
            "id": "100074168000776",
            "count": 0,
            "name": "Người dùng facebook"
        },
        {
            "id": "100074492160152",
            "count": 0,
            "name": "Người dùng facebook"
        },
        {
            "id": "100074763490013",
            "count": 0,
            "name": "Người dùng facebook"
        },
        {
            "id": "100074998481701",
            "count": 0,
            "name": "Người dùng facebook"
        },
        {
            "id": "100075656686926",
            "count": 0,
            "name": "Người dùng facebook"
        },
        {
            "id": "100076492646756",
            "count": 0,
            "name": "Người dùng facebook"
        },
        {
            "id": "100077058738249",
            "count": 0,
            "name": "Người dùng facebook"
        },
        {
            "id": "100077957798051",
            "count": 0,
            "name": "Người dùng facebook"
        },
        {
            "id": "100078038815080",
            "count": 0,
            "name": "Người dùng facebook"
        },
        {
            "id": "100079229692319",
            "count": 0,
            "name": "Người dùng facebook"
        },
        {
            "id": "100080049921714",
            "count": 0,
            "name": "Người dùng facebook"
        },
        {
            "id": "100081218823509",
            "count": 0,
            "name": "Người dùng facebook"
        },
        {
            "id": "100081913003571",
            "count": 0,
            "name": "Người dùng facebook"
        },
        {
            "id": "100081982273870",
            "count": 0,
            "name": "Người dùng facebook"
        },
        {
            "id": "100082029805873",
            "count": 0,
            "name": "Người dùng facebook"
        },
        {
            "id": "100082108534479",
            "count": 0,
            "name": "Người dùng facebook"
        },
        {
            "id": "100082161566529",
            "count": 0,
            "name": "Người dùng facebook"
        },
        {
            "id": "100082219934798",
            "count": 0,
            "name": "Người dùng facebook"
        },
        {
            "id": "100082526031641",
            "count": 0,
            "name": "Người dùng facebook"
        },
        {
            "id": "100082705856058",
            "count": 0,
            "name": "Người dùng facebook"
        },
        {
            "id": "100054050948645",
            "count": 0,
            "name": "Người dùng facebook"
        },
        {
            "id": "100072358316630",
            "count": 0,
            "name": "Người dùng facebook"
        },
        {
            "id": "100068070630758",
            "count": 0,
            "name": "Người dùng facebook"
        },
        {
            "id": "100078998834122",
            "count": 0,
            "name": "Người dùng facebook"
        },
        {
            "id": "100069376735391",
            "count": 0,
            "name": "Người dùng facebook"
        },
        {
            "id": "100083364721874",
            "count": 0,
            "name": "Người dùng facebook"
        },
        {
            "id": "100068892173900",
            "count": 0,
            "name": "Người dùng facebook"
        },
        {
            "id": "100040430856623",
            "count": 0,
            "name": "Người dùng facebook"
        },
        {
            "id": "100071170639347",
            "count": 0,
            "name": "Người dùng facebook"
        },
        {
            "id": "100045321674962",
            "count": 0,
            "name": "Người dùng facebook"
        },
        {
            "id": "100046234399962",
            "count": 0,
            "name": "Người dùng facebook"
        },
        {
            "id": "100068089483262",
            "count": 0,
            "name": "Người dùng facebook"
        },
        {
            "id": "100081301329886",
            "count": 0,
            "name": "Người dùng facebook"
        },
        {
            "id": "100083123045688",
            "count": 0,
            "name": "Người dùng facebook"
        },
        {
            "id": "100082330274927",
            "count": 0,
            "name": "Người dùng facebook"
        },
        {
            "id": "100083006361284",
            "count": 0,
            "name": "Người dùng facebook"
        },
        {
            "id": "100083189832697",
            "count": 0,
            "name": "Người dùng facebook"
        },
        {
            "id": "100072631856647",
            "count": 0,
            "name": "Người dùng facebook"
        },
        {
            "id": "100078326017494",
            "count": 0,
            "name": "Người dùng facebook"
        },
        {
            "id": "100082663089838",
            "count": 0,
            "name": "Người dùng facebook"
        },
        {
            "id": "100070592104013",
            "count": 0,
            "name": "Người dùng facebook"
        },
        {
            "id": "100083383177717",
            "count": 0,
            "name": "Người dùng facebook"
        },
        {
            "id": "100072858193266",
            "count": 0,
            "name": "Người dùng facebook"
        },
        {
            "id": "100049528162566",
            "count": 0,
            "name": "Người dùng facebook"
        },
        {
            "id": "100082674056226",
            "count": 0,
            "name": "Người dùng facebook"
        },
        {
            "id": "100077024525806",
            "count": 0,
            "name": "Người dùng facebook"
        },
        {
            "id": "100080688723405",
            "count": 0,
            "name": "Người dùng facebook"
        },
        {
            "id": "100079129304100",
            "count": 0,
            "name": "Người dùng facebook"
        },
        {
            "id": "100081578808017",
            "count": 0,
            "name": "Người dùng facebook"
        },
        {
            "id": "100076501193071",
            "count": 0,
            "name": "Người dùng facebook"
        },
        {
            "id": "100069844937149",
            "count": 0,
            "name": "Người dùng facebook"
        },
        {
            "id": "100075987331198",
            "count": 0,
            "name": "Người dùng facebook"
        },
        {
            "id": "100039182205126",
            "count": 0,
            "name": "Người dùng facebook"
        },
        {
            "id": "100050427069245",
            "count": 0,
            "name": "Người dùng facebook"
        },
        {
            "id": "100041997332774",
            "count": 0,
            "name": "Người dùng facebook"
        },
        {
            "id": "100075805661774",
            "count": 0,
            "name": "Người dùng facebook"
        },
        {
            "id": "100082171801434",
            "count": 0,
            "name": "Người dùng facebook"
        },
        {
            "id": "100083493817575",
            "count": 0,
            "name": "Người dùng facebook"
        },
        {
            "id": "100073341025121",
            "count": 0,
            "name": "Người dùng facebook"
        },
        {
            "id": "100055398364990",
            "count": 0,
            "name": "Người dùng facebook"
        },
        {
            "id": "100060025685029",
            "count": 0,
            "name": "Người dùng facebook"
        },
        {
            "id": "100061562170860",
            "count": 0,
            "name": "Người dùng facebook"
        },
        {
            "id": "100074575643785",
            "count": 0,
            "name": "Người dùng facebook"
        },
        {
            "id": "100075902911394",
            "count": 0,
            "name": "Người dùng facebook"
        }
    ],
    "day": [
        {
            "id": "100013942628281",
            "count": 0,
            "name": "Người dùng facebook"
        },
        {
            "id": "100018102425487",
            "count": 0,
            "name": "Người dùng facebook"
        },
        {
            "id": "100023250277879",
            "count": 0,
            "name": "Người dùng facebook"
        },
        {
            "id": "100033759672567",
            "count": 0,
            "name": "Người dùng facebook"
        },
        {
            "id": "100034086885530",
            "count": 0,
            "name": "Người dùng facebook"
        },
        {
            "id": "100043818528390",
            "count": 0,
            "name": "Người dùng facebook"
        },
        {
            "id": "100046510011704",
            "count": 0,
            "name": "Người dùng facebook"
        },
        {
            "id": "100048984982010",
            "count": 0,
            "name": "Người dùng facebook"
        },
        {
            "id": "100054751924127",
            "count": 0,
            "name": "Người dùng facebook"
        },
        {
            "id": "100055067195864",
            "count": 0,
            "name": "Người dùng facebook"
        },
        {
            "id": "100056323173228",
            "count": 0,
            "name": "Người dùng facebook"
        },
        {
            "id": "100057385880304",
            "count": 0,
            "name": "Người dùng facebook"
        },
        {
            "id": "100057571561889",
            "count": 0,
            "name": "Người dùng facebook"
        },
        {
            "id": "100058278816439",
            "count": 0,
            "name": "Người dùng facebook"
        },
        {
            "id": "100058695667153",
            "count": 0,
            "name": "Người dùng facebook"
        },
        {
            "id": "100060667720654",
            "count": 0,
            "name": "Người dùng facebook"
        },
        {
            "id": "100061463063330",
            "count": 0,
            "name": "Người dùng facebook"
        },
        {
            "id": "100063515814213",
            "count": 0,
            "name": "Người dùng facebook"
        },
        {
            "id": "100063586652295",
            "count": 0,
            "name": "Người dùng facebook"
        },
        {
            "id": "100063752174654",
            "count": 0,
            "name": "Người dùng facebook"
        },
        {
            "id": "100064631031541",
            "count": 0,
            "name": "Người dùng facebook"
        },
        {
            "id": "100064823112581",
            "count": 0,
            "name": "Người dùng facebook"
        },
        {
            "id": "100064973704809",
            "count": 0,
            "name": "Người dùng facebook"
        },
        {
            "id": "100065095141252",
            "count": 0,
            "name": "Người dùng facebook"
        },
        {
            "id": "100066299477165",
            "count": 0,
            "name": "Người dùng facebook"
        },
        {
            "id": "100067000076552",
            "count": 0,
            "name": "Người dùng facebook"
        },
        {
            "id": "100067481979287",
            "count": 0,
            "name": "Người dùng facebook"
        },
        {
            "id": "100068288243797",
            "count": 0,
            "name": "Người dùng facebook"
        },
        {
            "id": "100068636217292",
            "count": 0,
            "name": "Người dùng facebook"
        },
        {
            "id": "100071086854437",
            "count": 0,
            "name": "Người dùng facebook"
        },
        {
            "id": "100071683221900",
            "count": 0,
            "name": "Người dùng facebook"
        },
        {
            "id": "100072149700472",
            "count": 0,
            "name": "Người dùng facebook"
        },
        {
            "id": "100072326324575",
            "count": 0,
            "name": "Người dùng facebook"
        },
        {
            "id": "100072442193494",
            "count": 0,
            "name": "Người dùng facebook"
        },
        {
            "id": "100072929733105",
            "count": 0,
            "name": "Người dùng facebook"
        },
        {
            "id": "100073112642772",
            "count": 0,
            "name": "Người dùng facebook"
        },
        {
            "id": "100073353134924",
            "count": 0,
            "name": "Người dùng facebook"
        },
        {
            "id": "100073739222419",
            "count": 0,
            "name": "Người dùng facebook"
        },
        {
            "id": "100073773475051",
            "count": 0,
            "name": "Người dùng facebook"
        },
        {
            "id": "100074138690368",
            "count": 0,
            "name": "Người dùng facebook"
        },
        {
            "id": "100074168000776",
            "count": 0,
            "name": "Người dùng facebook"
        },
        {
            "id": "100074492160152",
            "count": 0,
            "name": "Người dùng facebook"
        },
        {
            "id": "100074763490013",
            "count": 0,
            "name": "Người dùng facebook"
        },
        {
            "id": "100074998481701",
            "count": 0,
            "name": "Người dùng facebook"
        },
        {
            "id": "100075656686926",
            "count": 0,
            "name": "Người dùng facebook"
        },
        {
            "id": "100076492646756",
            "count": 0,
            "name": "Người dùng facebook"
        },
        {
            "id": "100077058738249",
            "count": 0,
            "name": "Người dùng facebook"
        },
        {
            "id": "100077957798051",
            "count": 0,
            "name": "Người dùng facebook"
        },
        {
            "id": "100078038815080",
            "count": 0,
            "name": "Người dùng facebook"
        },
        {
            "id": "100079229692319",
            "count": 0,
            "name": "Người dùng facebook"
        },
        {
            "id": "100080049921714",
            "count": 0,
            "name": "Người dùng facebook"
        },
        {
            "id": "100081218823509",
            "count": 0,
            "name": "Người dùng facebook"
        },
        {
            "id": "100081913003571",
            "count": 0,
            "name": "Người dùng facebook"
        },
        {
            "id": "100081982273870",
            "count": 0,
            "name": "Người dùng facebook"
        },
        {
            "id": "100082029805873",
            "count": 0,
            "name": "Người dùng facebook"
        },
        {
            "id": "100082108534479",
            "count": 0,
            "name": "Người dùng facebook"
        },
        {
            "id": "100082161566529",
            "count": 0,
            "name": "Người dùng facebook"
        },
        {
            "id": "100082219934798",
            "count": 0,
            "name": "Người dùng facebook"
        },
        {
            "id": "100082526031641",
            "count": 0,
            "name": "Người dùng facebook"
        },
        {
            "id": "100082705856058",
            "count": 0,
            "name": "Người dùng facebook"
        },
        {
            "id": "100054050948645",
            "count": 0,
            "name": "Người dùng facebook"
        },
        {
            "id": "100072358316630",
            "count": 0,
            "name": "Người dùng facebook"
        },
        {
            "id": "100068070630758",
            "count": 0,
            "name": "Người dùng facebook"
        },
        {
            "id": "100078998834122",
            "count": 0,
            "name": "Người dùng facebook"
        },
        {
            "id": "100069376735391",
            "count": 0,
            "name": "Người dùng facebook"
        },
        {
            "id": "100083364721874",
            "count": 0,
            "name": "Người dùng facebook"
        },
        {
            "id": "100068892173900",
            "count": 0,
            "name": "Người dùng facebook"
        },
        {
            "id": "100040430856623",
            "count": 0,
            "name": "Người dùng facebook"
        },
        {
            "id": "100071170639347",
            "count": 0,
            "name": "Người dùng facebook"
        },
        {
            "id": "100045321674962",
            "count": 0,
            "name": "Người dùng facebook"
        },
        {
            "id": "100046234399962",
            "count": 0,
            "name": "Người dùng facebook"
        },
        {
            "id": "100068089483262",
            "count": 0,
            "name": "Người dùng facebook"
        },
        {
            "id": "100081301329886",
            "count": 0,
            "name": "Người dùng facebook"
        },
        {
            "id": "100083123045688",
            "count": 0,
            "name": "Người dùng facebook"
        },
        {
            "id": "100082330274927",
            "count": 0,
            "name": "Người dùng facebook"
        },
        {
            "id": "100083006361284",
            "count": 0,
            "name": "Người dùng facebook"
        },
        {
            "id": "100083189832697",
            "count": 0,
            "name": "Người dùng facebook"
        },
        {
            "id": "100072631856647",
            "count": 0,
            "name": "Người dùng facebook"
        },
        {
            "id": "100078326017494",
            "count": 0,
            "name": "Người dùng facebook"
        },
        {
            "id": "100082663089838",
            "count": 0,
            "name": "Người dùng facebook"
        },
        {
            "id": "100070592104013",
            "count": 0,
            "name": "Người dùng facebook"
        },
        {
            "id": "100083383177717",
            "count": 0,
            "name": "Người dùng facebook"
        },
        {
            "id": "100072858193266",
            "count": 0,
            "name": "Người dùng facebook"
        },
        {
            "id": "100049528162566",
            "count": 0,
            "name": "Người dùng facebook"
        },
        {
            "id": "100082674056226",
            "count": 0,
            "name": "Người dùng facebook"
        },
        {
            "id": "100077024525806",
            "count": 0,
            "name": "Người dùng facebook"
        },
        {
            "id": "100080688723405",
            "count": 0,
            "name": "Người dùng facebook"
        },
        {
            "id": "100079129304100",
            "count": 0,
            "name": "Người dùng facebook"
        },
        {
            "id": "100081578808017",
            "count": 0,
            "name": "Người dùng facebook"
        },
        {
            "id": "100076501193071",
            "count": 0,
            "name": "Người dùng facebook"
        },
        {
            "id": "100069844937149",
            "count": 0,
            "name": "Người dùng facebook"
        },
        {
            "id": "100075987331198",
            "count": 0,
            "name": "Người dùng facebook"
        },
        {
            "id": "100039182205126",
            "count": 0,
            "name": "Người dùng facebook"
        },
        {
            "id": "100050427069245",
            "count": 0,
            "name": "Người dùng facebook"
        },
        {
            "id": "100041997332774",
            "count": 0,
            "name": "Người dùng facebook"
        },
        {
            "id": "100075805661774",
            "count": 0,
            "name": "Người dùng facebook"
        },
        {
            "id": "100082171801434",
            "count": 0,
            "name": "Người dùng facebook"
        },
        {
            "id": "100083493817575",
            "count": 0,
            "name": "Người dùng facebook"
        },
        {
            "id": "100073341025121",
            "count": 0,
            "name": "Người dùng facebook"
        },
        {
            "id": "100055398364990",
            "count": 0,
            "name": "Người dùng facebook"
        },
        {
            "id": "100060025685029",
            "count": 0,
            "name": "Người dùng facebook"
        },
        {
            "id": "100061562170860",
            "count": 0,
            "name": "Người dùng facebook"
        },
        {
            "id": "100074575643785",
            "count": 0,
            "name": "Người dùng facebook"
        },
        {
            "id": "100075902911394",
            "count": 0,
            "name": "Người dùng facebook"
        }
    ],
    "time": 6
}