{
    "total": [
        {
            "id": "100007508957804",
            "count": 4
        },
        {
            "id": "100010457718526",
            "count": 55
        },
        {
            "id": "100011399797628",
            "count": 0
        },
        {
            "id": "100015408857745",
            "count": 21
        },
        {
            "id": "100015647791389",
            "count": 36
        },
        {
            "id": "100022367049499",
            "count": 11
        },
        {
            "id": "100023926653944",
            "count": 89
        },
        {
            "id": "100024334570210",
            "count": 0
        },
        {
            "id": "100024470802931",
            "count": 280
        },
        {
            "id": "100026630420708",
            "count": 0
        },
        {
            "id": "100027562992379",
            "count": 0
        },
        {
            "id": "100027934088057",
            "count": 166
        },
        {
            "id": "100030198694801",
            "count": 210
        },
        {
            "id": "100030537728795",
            "count": 1
        },
        {
            "id": "100035561717697",
            "count": 0
        },
        {
            "id": "100037272487067",
            "count": 74
        },
        {
            "id": "100037618633416",
            "count": 102
        },
        {
            "id": "100038475813994",
            "count": 5
        },
        {
            "id": "100039901245126",
            "count": 0
        },
        {
            "id": "100043109765585",
            "count": 0
        },
        {
            "id": "100043271753309",
            "count": 0
        },
        {
            "id": "100043389013254",
            "count": 1
        },
        {
            "id": "100044412062530",
            "count": 0
        },
        {
            "id": "100045170352177",
            "count": 0
        },
        {
            "id": "100045682874154",
            "count": 0
        },
        {
            "id": "100046851585139",
            "count": 0
        },
        {
            "id": "100047511303723",
            "count": 0
        },
        {
            "id": "100047905523975",
            "count": 134
        },
        {
            "id": "100051687703077",
            "count": 0
        },
        {
            "id": "100051726348897",
            "count": 208
        },
        {
            "id": "100052691251770",
            "count": 3
        },
        {
            "id": "100054062978934",
            "count": 13
        },
        {
            "id": "100054325479682",
            "count": 0
        },
        {
            "id": "100055018026192",
            "count": 33
        },
        {
            "id": "100055626666080",
            "count": 0
        },
        {
            "id": "100055893409731",
            "count": 15
        },
        {
            "id": "100055947102907",
            "count": 1
        },
        {
            "id": "100056824850431",
            "count": 50
        },
        {
            "id": "100057091100868",
            "count": 105
        },
        {
            "id": "100058361120540",
            "count": 16
        },
        {
            "id": "100059951060026",
            "count": 63
        },
        {
            "id": "100060126096190",
            "count": 0
        },
        {
            "id": "100064468460050",
            "count": 0
        },
        {
            "id": "100070669012990",
            "count": 0
        },
        {
            "id": "100071362536898",
            "count": 3
        },
        {
            "id": "100074166605127",
            "count": 31
        },
        {
            "id": "100075401250019",
            "count": 2
        },
        {
            "id": "100079164163875",
            "count": 214
        },
        {
            "id": "100079403750960",
            "count": 0
        },
        {
            "id": "100080492468510",
            "count": 15
        },
        {
            "id": "100081303258290",
            "count": 0
        },
        {
            "id": "100082299016202",
            "count": 49
        },
        {
            "id": "100083894155505",
            "count": 33
        },
        {
            "id": "100053822353055",
            "count": 558
        },
        {
            "id": "100082076364565",
            "count": 3
        }
    ],
    "week": [
        {
            "id": "100007508957804",
            "count": 4
        },
        {
            "id": "100010457718526",
            "count": 55
        },
        {
            "id": "100011399797628",
            "count": 0
        },
        {
            "id": "100015408857745",
            "count": 21
        },
        {
            "id": "100015647791389",
            "count": 36
        },
        {
            "id": "100022367049499",
            "count": 11
        },
        {
            "id": "100023926653944",
            "count": 89
        },
        {
            "id": "100024334570210",
            "count": 0
        },
        {
            "id": "100024470802931",
            "count": 280
        },
        {
            "id": "100026630420708",
            "count": 0
        },
        {
            "id": "100027562992379",
            "count": 0
        },
        {
            "id": "100027934088057",
            "count": 166
        },
        {
            "id": "100030198694801",
            "count": 210
        },
        {
            "id": "100030537728795",
            "count": 1
        },
        {
            "id": "100035561717697",
            "count": 0
        },
        {
            "id": "100037272487067",
            "count": 74
        },
        {
            "id": "100037618633416",
            "count": 102
        },
        {
            "id": "100038475813994",
            "count": 5
        },
        {
            "id": "100039901245126",
            "count": 0
        },
        {
            "id": "100043109765585",
            "count": 0
        },
        {
            "id": "100043271753309",
            "count": 0
        },
        {
            "id": "100043389013254",
            "count": 1
        },
        {
            "id": "100044412062530",
            "count": 0
        },
        {
            "id": "100045170352177",
            "count": 0
        },
        {
            "id": "100045682874154",
            "count": 0
        },
        {
            "id": "100046851585139",
            "count": 0
        },
        {
            "id": "100047511303723",
            "count": 0
        },
        {
            "id": "100047905523975",
            "count": 134
        },
        {
            "id": "100051687703077",
            "count": 0
        },
        {
            "id": "100051726348897",
            "count": 208
        },
        {
            "id": "100052691251770",
            "count": 3
        },
        {
            "id": "100054062978934",
            "count": 13
        },
        {
            "id": "100054325479682",
            "count": 0
        },
        {
            "id": "100055018026192",
            "count": 33
        },
        {
            "id": "100055626666080",
            "count": 0
        },
        {
            "id": "100055893409731",
            "count": 15
        },
        {
            "id": "100055947102907",
            "count": 1
        },
        {
            "id": "100056824850431",
            "count": 50
        },
        {
            "id": "100057091100868",
            "count": 105
        },
        {
            "id": "100058361120540",
            "count": 16
        },
        {
            "id": "100059951060026",
            "count": 63
        },
        {
            "id": "100060126096190",
            "count": 0
        },
        {
            "id": "100064468460050",
            "count": 0
        },
        {
            "id": "100070669012990",
            "count": 0
        },
        {
            "id": "100071362536898",
            "count": 3
        },
        {
            "id": "100074166605127",
            "count": 31
        },
        {
            "id": "100075401250019",
            "count": 2
        },
        {
            "id": "100079164163875",
            "count": 214
        },
        {
            "id": "100079403750960",
            "count": 0
        },
        {
            "id": "100080492468510",
            "count": 15
        },
        {
            "id": "100081303258290",
            "count": 0
        },
        {
            "id": "100082299016202",
            "count": 49
        },
        {
            "id": "100083894155505",
            "count": 33
        },
        {
            "id": "100053822353055",
            "count": 558
        },
        {
            "id": "100082076364565",
            "count": 3
        }
    ],
    "day": [
        {
            "id": "100007508957804",
            "count": 4
        },
        {
            "id": "100010457718526",
            "count": 55
        },
        {
            "id": "100011399797628",
            "count": 0
        },
        {
            "id": "100015408857745",
            "count": 21
        },
        {
            "id": "100015647791389",
            "count": 36
        },
        {
            "id": "100022367049499",
            "count": 11
        },
        {
            "id": "100023926653944",
            "count": 89
        },
        {
            "id": "100024334570210",
            "count": 0
        },
        {
            "id": "100024470802931",
            "count": 280
        },
        {
            "id": "100026630420708",
            "count": 0
        },
        {
            "id": "100027562992379",
            "count": 0
        },
        {
            "id": "100027934088057",
            "count": 166
        },
        {
            "id": "100030198694801",
            "count": 210
        },
        {
            "id": "100030537728795",
            "count": 1
        },
        {
            "id": "100035561717697",
            "count": 0
        },
        {
            "id": "100037272487067",
            "count": 74
        },
        {
            "id": "100037618633416",
            "count": 102
        },
        {
            "id": "100038475813994",
            "count": 5
        },
        {
            "id": "100039901245126",
            "count": 0
        },
        {
            "id": "100043109765585",
            "count": 0
        },
        {
            "id": "100043271753309",
            "count": 0
        },
        {
            "id": "100043389013254",
            "count": 1
        },
        {
            "id": "100044412062530",
            "count": 0
        },
        {
            "id": "100045170352177",
            "count": 0
        },
        {
            "id": "100045682874154",
            "count": 0
        },
        {
            "id": "100046851585139",
            "count": 0
        },
        {
            "id": "100047511303723",
            "count": 0
        },
        {
            "id": "100047905523975",
            "count": 134
        },
        {
            "id": "100051687703077",
            "count": 0
        },
        {
            "id": "100051726348897",
            "count": 208
        },
        {
            "id": "100052691251770",
            "count": 3
        },
        {
            "id": "100054062978934",
            "count": 13
        },
        {
            "id": "100054325479682",
            "count": 0
        },
        {
            "id": "100055018026192",
            "count": 33
        },
        {
            "id": "100055626666080",
            "count": 0
        },
        {
            "id": "100055893409731",
            "count": 15
        },
        {
            "id": "100055947102907",
            "count": 1
        },
        {
            "id": "100056824850431",
            "count": 50
        },
        {
            "id": "100057091100868",
            "count": 105
        },
        {
            "id": "100058361120540",
            "count": 16
        },
        {
            "id": "100059951060026",
            "count": 63
        },
        {
            "id": "100060126096190",
            "count": 0
        },
        {
            "id": "100064468460050",
            "count": 0
        },
        {
            "id": "100070669012990",
            "count": 0
        },
        {
            "id": "100071362536898",
            "count": 3
        },
        {
            "id": "100074166605127",
            "count": 31
        },
        {
            "id": "100075401250019",
            "count": 2
        },
        {
            "id": "100079164163875",
            "count": 214
        },
        {
            "id": "100079403750960",
            "count": 0
        },
        {
            "id": "100080492468510",
            "count": 15
        },
        {
            "id": "100081303258290",
            "count": 0
        },
        {
            "id": "100082299016202",
            "count": 49
        },
        {
            "id": "100083894155505",
            "count": 33
        },
        {
            "id": "100053822353055",
            "count": 558
        },
        {
            "id": "100082076364565",
            "count": 3
        }
    ],
    "time": 6
}