{
    "total": [
        {
            "id": "100023250277879",
            "count": 100
        },
        {
            "id": "100024699113853",
            "count": 0
        },
        {
            "id": "100027856957221",
            "count": 0
        },
        {
            "id": "100028283681209",
            "count": 0
        },
        {
            "id": "100029563191960",
            "count": 0
        },
        {
            "id": "100033058391872",
            "count": 0
        },
        {
            "id": "100036924351601",
            "count": 248
        },
        {
            "id": "100039781651563",
            "count": 0
        },
        {
            "id": "100041007560698",
            "count": 1
        },
        {
            "id": "100043102221792",
            "count": 0
        },
        {
            "id": "100043447100370",
            "count": 2
        },
        {
            "id": "100045572678587",
            "count": 0
        },
        {
            "id": "100049062545475",
            "count": 3
        },
        {
            "id": "100050494784755",
            "count": 0
        },
        {
            "id": "100053523862584",
            "count": 58
        },
        {
            "id": "100054548250879",
            "count": 13
        },
        {
            "id": "100060039256020",
            "count": 0
        },
        {
            "id": "100060367336935",
            "count": 204
        },
        {
            "id": "100060404988106",
            "count": 0
        },
        {
            "id": "100061351389039",
            "count": 9
        },
        {
            "id": "100061849301508",
            "count": 0
        },
        {
            "id": "100062447055884",
            "count": 0
        },
        {
            "id": "100063737407879",
            "count": 0
        },
        {
            "id": "100063858406456",
            "count": 226
        },
        {
            "id": "100064714337938",
            "count": 1
        },
        {
            "id": "100065095141252",
            "count": 12
        },
        {
            "id": "100065621923870",
            "count": 0
        },
        {
            "id": "100066039426834",
            "count": 0
        },
        {
            "id": "100067209575115",
            "count": 2
        },
        {
            "id": "100068352092394",
            "count": 0
        },
        {
            "id": "100069515769507",
            "count": 0
        },
        {
            "id": "100072464224772",
            "count": 1
        },
        {
            "id": "100073220500551",
            "count": 1
        },
        {
            "id": "100073729194201",
            "count": 0
        },
        {
            "id": "100073773593048",
            "count": 0
        },
        {
            "id": "100073920743769",
            "count": 0
        },
        {
            "id": "100073956313504",
            "count": 47
        },
        {
            "id": "100074151146944",
            "count": 0
        },
        {
            "id": "100074236045593",
            "count": 0
        },
        {
            "id": "100074880721593",
            "count": 52
        },
        {
            "id": "100075321715957",
            "count": 0
        },
        {
            "id": "100075535704879",
            "count": 267
        },
        {
            "id": "100075540302580",
            "count": 1
        },
        {
            "id": "100076086767572",
            "count": 0
        },
        {
            "id": "100077172661370",
            "count": 0
        },
        {
            "id": "100077489599935",
            "count": 1
        },
        {
            "id": "100077648027043",
            "count": 0
        },
        {
            "id": "100079017055391",
            "count": 171
        },
        {
            "id": "100079297249583",
            "count": 1
        },
        {
            "id": "100079916785351",
            "count": 63
        },
        {
            "id": "100080150230508",
            "count": 0
        },
        {
            "id": "100080161577303",
            "count": 0
        },
        {
            "id": "100083200562582",
            "count": 0
        },
        {
            "id": "100078925440178",
            "count": 656
        },
        {
            "id": "100069638221459",
            "count": 1
        },
        {
            "id": "100041210280306",
            "count": 18
        },
        {
            "id": "100082407499507",
            "count": 14
        }
    ],
    "week": [
        {
            "id": "100023250277879",
            "count": 0,
            "name": "Người dùng facebook"
        },
        {
            "id": "100024699113853",
            "count": 0,
            "name": "Người dùng facebook"
        },
        {
            "id": "100027856957221",
            "count": 0,
            "name": "Người dùng facebook"
        },
        {
            "id": "100028283681209",
            "count": 0,
            "name": "Người dùng facebook"
        },
        {
            "id": "100029563191960",
            "count": 0,
            "name": "Người dùng facebook"
        },
        {
            "id": "100033058391872",
            "count": 0,
            "name": "Người dùng facebook"
        },
        {
            "id": "100036924351601",
            "count": 0,
            "name": "Người dùng facebook"
        },
        {
            "id": "100039781651563",
            "count": 0,
            "name": "Người dùng facebook"
        },
        {
            "id": "100041007560698",
            "count": 0,
            "name": "Người dùng facebook"
        },
        {
            "id": "100043102221792",
            "count": 0,
            "name": "Người dùng facebook"
        },
        {
            "id": "100043447100370",
            "count": 0,
            "name": "Người dùng facebook"
        },
        {
            "id": "100045572678587",
            "count": 0,
            "name": "Người dùng facebook"
        },
        {
            "id": "100049062545475",
            "count": 0,
            "name": "Người dùng facebook"
        },
        {
            "id": "100050494784755",
            "count": 0,
            "name": "Người dùng facebook"
        },
        {
            "id": "100053523862584",
            "count": 0,
            "name": "Người dùng facebook"
        },
        {
            "id": "100054548250879",
            "count": 0,
            "name": "Người dùng facebook"
        },
        {
            "id": "100060039256020",
            "count": 0,
            "name": "Người dùng facebook"
        },
        {
            "id": "100060367336935",
            "count": 0,
            "name": "Người dùng facebook"
        },
        {
            "id": "100060404988106",
            "count": 0,
            "name": "Người dùng facebook"
        },
        {
            "id": "100061351389039",
            "count": 0,
            "name": "Người dùng facebook"
        },
        {
            "id": "100061849301508",
            "count": 0,
            "name": "Người dùng facebook"
        },
        {
            "id": "100062447055884",
            "count": 0,
            "name": "Người dùng facebook"
        },
        {
            "id": "100063737407879",
            "count": 0,
            "name": "Người dùng facebook"
        },
        {
            "id": "100063858406456",
            "count": 0,
            "name": "Người dùng facebook"
        },
        {
            "id": "100064714337938",
            "count": 0,
            "name": "Người dùng facebook"
        },
        {
            "id": "100065095141252",
            "count": 0,
            "name": "Người dùng facebook"
        },
        {
            "id": "100065621923870",
            "count": 0,
            "name": "Người dùng facebook"
        },
        {
            "id": "100066039426834",
            "count": 0,
            "name": "Người dùng facebook"
        },
        {
            "id": "100067209575115",
            "count": 0,
            "name": "Người dùng facebook"
        },
        {
            "id": "100068352092394",
            "count": 0,
            "name": "Người dùng facebook"
        },
        {
            "id": "100069515769507",
            "count": 0,
            "name": "Người dùng facebook"
        },
        {
            "id": "100072464224772",
            "count": 0,
            "name": "Người dùng facebook"
        },
        {
            "id": "100073220500551",
            "count": 0,
            "name": "Người dùng facebook"
        },
        {
            "id": "100073729194201",
            "count": 0,
            "name": "Người dùng facebook"
        },
        {
            "id": "100073773593048",
            "count": 0,
            "name": "Người dùng facebook"
        },
        {
            "id": "100073920743769",
            "count": 0,
            "name": "Người dùng facebook"
        },
        {
            "id": "100073956313504",
            "count": 0,
            "name": "Người dùng facebook"
        },
        {
            "id": "100074151146944",
            "count": 0,
            "name": "Người dùng facebook"
        },
        {
            "id": "100074236045593",
            "count": 0,
            "name": "Người dùng facebook"
        },
        {
            "id": "100074880721593",
            "count": 0,
            "name": "Người dùng facebook"
        },
        {
            "id": "100075321715957",
            "count": 0,
            "name": "Người dùng facebook"
        },
        {
            "id": "100075535704879",
            "count": 0,
            "name": "Người dùng facebook"
        },
        {
            "id": "100075540302580",
            "count": 0,
            "name": "Người dùng facebook"
        },
        {
            "id": "100076086767572",
            "count": 0,
            "name": "Người dùng facebook"
        },
        {
            "id": "100077172661370",
            "count": 0,
            "name": "Người dùng facebook"
        },
        {
            "id": "100077489599935",
            "count": 0,
            "name": "Người dùng facebook"
        },
        {
            "id": "100077648027043",
            "count": 0,
            "name": "Người dùng facebook"
        },
        {
            "id": "100079017055391",
            "count": 0,
            "name": "Người dùng facebook"
        },
        {
            "id": "100079297249583",
            "count": 0,
            "name": "Người dùng facebook"
        },
        {
            "id": "100079916785351",
            "count": 0,
            "name": "Người dùng facebook"
        },
        {
            "id": "100080150230508",
            "count": 0,
            "name": "Người dùng facebook"
        },
        {
            "id": "100080161577303",
            "count": 0,
            "name": "Người dùng facebook"
        },
        {
            "id": "100083200562582",
            "count": 0,
            "name": "Người dùng facebook"
        },
        {
            "id": "100078925440178",
            "count": 0,
            "name": "Người dùng facebook"
        },
        {
            "id": "100069638221459",
            "count": 0,
            "name": "Người dùng facebook"
        },
        {
            "id": "100041210280306",
            "count": 0,
            "name": "Người dùng facebook"
        },
        {
            "id": "100082407499507",
            "count": 0,
            "name": "Người dùng facebook"
        }
    ],
    "day": [
        {
            "id": "100023250277879",
            "count": 0,
            "name": "Người dùng facebook"
        },
        {
            "id": "100024699113853",
            "count": 0,
            "name": "Người dùng facebook"
        },
        {
            "id": "100027856957221",
            "count": 0,
            "name": "Người dùng facebook"
        },
        {
            "id": "100028283681209",
            "count": 0,
            "name": "Người dùng facebook"
        },
        {
            "id": "100029563191960",
            "count": 0,
            "name": "Người dùng facebook"
        },
        {
            "id": "100033058391872",
            "count": 0,
            "name": "Người dùng facebook"
        },
        {
            "id": "100036924351601",
            "count": 0,
            "name": "Người dùng facebook"
        },
        {
            "id": "100039781651563",
            "count": 0,
            "name": "Người dùng facebook"
        },
        {
            "id": "100041007560698",
            "count": 0,
            "name": "Người dùng facebook"
        },
        {
            "id": "100043102221792",
            "count": 0,
            "name": "Người dùng facebook"
        },
        {
            "id": "100043447100370",
            "count": 0,
            "name": "Người dùng facebook"
        },
        {
            "id": "100045572678587",
            "count": 0,
            "name": "Người dùng facebook"
        },
        {
            "id": "100049062545475",
            "count": 0,
            "name": "Người dùng facebook"
        },
        {
            "id": "100050494784755",
            "count": 0,
            "name": "Người dùng facebook"
        },
        {
            "id": "100053523862584",
            "count": 0,
            "name": "Người dùng facebook"
        },
        {
            "id": "100054548250879",
            "count": 0,
            "name": "Người dùng facebook"
        },
        {
            "id": "100060039256020",
            "count": 0,
            "name": "Người dùng facebook"
        },
        {
            "id": "100060367336935",
            "count": 0,
            "name": "Người dùng facebook"
        },
        {
            "id": "100060404988106",
            "count": 0,
            "name": "Người dùng facebook"
        },
        {
            "id": "100061351389039",
            "count": 0,
            "name": "Người dùng facebook"
        },
        {
            "id": "100061849301508",
            "count": 0,
            "name": "Người dùng facebook"
        },
        {
            "id": "100062447055884",
            "count": 0,
            "name": "Người dùng facebook"
        },
        {
            "id": "100063737407879",
            "count": 0,
            "name": "Người dùng facebook"
        },
        {
            "id": "100063858406456",
            "count": 0,
            "name": "Người dùng facebook"
        },
        {
            "id": "100064714337938",
            "count": 0,
            "name": "Người dùng facebook"
        },
        {
            "id": "100065095141252",
            "count": 0,
            "name": "Người dùng facebook"
        },
        {
            "id": "100065621923870",
            "count": 0,
            "name": "Người dùng facebook"
        },
        {
            "id": "100066039426834",
            "count": 0,
            "name": "Người dùng facebook"
        },
        {
            "id": "100067209575115",
            "count": 0,
            "name": "Người dùng facebook"
        },
        {
            "id": "100068352092394",
            "count": 0,
            "name": "Người dùng facebook"
        },
        {
            "id": "100069515769507",
            "count": 0,
            "name": "Người dùng facebook"
        },
        {
            "id": "100072464224772",
            "count": 0,
            "name": "Người dùng facebook"
        },
        {
            "id": "100073220500551",
            "count": 0,
            "name": "Người dùng facebook"
        },
        {
            "id": "100073729194201",
            "count": 0,
            "name": "Người dùng facebook"
        },
        {
            "id": "100073773593048",
            "count": 0,
            "name": "Người dùng facebook"
        },
        {
            "id": "100073920743769",
            "count": 0,
            "name": "Người dùng facebook"
        },
        {
            "id": "100073956313504",
            "count": 0,
            "name": "Người dùng facebook"
        },
        {
            "id": "100074151146944",
            "count": 0,
            "name": "Người dùng facebook"
        },
        {
            "id": "100074236045593",
            "count": 0,
            "name": "Người dùng facebook"
        },
        {
            "id": "100074880721593",
            "count": 0,
            "name": "Người dùng facebook"
        },
        {
            "id": "100075321715957",
            "count": 0,
            "name": "Người dùng facebook"
        },
        {
            "id": "100075535704879",
            "count": 0,
            "name": "Người dùng facebook"
        },
        {
            "id": "100075540302580",
            "count": 0,
            "name": "Người dùng facebook"
        },
        {
            "id": "100076086767572",
            "count": 0,
            "name": "Người dùng facebook"
        },
        {
            "id": "100077172661370",
            "count": 0,
            "name": "Người dùng facebook"
        },
        {
            "id": "100077489599935",
            "count": 0,
            "name": "Người dùng facebook"
        },
        {
            "id": "100077648027043",
            "count": 0,
            "name": "Người dùng facebook"
        },
        {
            "id": "100079017055391",
            "count": 0,
            "name": "Người dùng facebook"
        },
        {
            "id": "100079297249583",
            "count": 0,
            "name": "Người dùng facebook"
        },
        {
            "id": "100079916785351",
            "count": 0,
            "name": "Người dùng facebook"
        },
        {
            "id": "100080150230508",
            "count": 0,
            "name": "Người dùng facebook"
        },
        {
            "id": "100080161577303",
            "count": 0,
            "name": "Người dùng facebook"
        },
        {
            "id": "100083200562582",
            "count": 0,
            "name": "Người dùng facebook"
        },
        {
            "id": "100078925440178",
            "count": 0,
            "name": "Người dùng facebook"
        },
        {
            "id": "100069638221459",
            "count": 0,
            "name": "Người dùng facebook"
        },
        {
            "id": "100041210280306",
            "count": 0,
            "name": "Người dùng facebook"
        },
        {
            "id": "100082407499507",
            "count": 0,
            "name": "Người dùng facebook"
        }
    ],
    "time": 6
}