{
    "total": [
        {
            "id": "6705900",
            "count": 0
        },
        {
            "id": "541797805",
            "count": 1
        },
        {
            "id": "542207672",
            "count": 34
        },
        {
            "id": "646492314",
            "count": 72
        },
        {
            "id": "1170570796",
            "count": 0
        },
        {
            "id": "1320268609",
            "count": 0
        },
        {
            "id": "1848187823",
            "count": 538
        },
        {
            "id": "100000168940665",
            "count": 1082
        },
        {
            "id": "100000581721008",
            "count": 3
        },
        {
            "id": "100001385685908",
            "count": 116
        },
        {
            "id": "100001673971853",
            "count": 48
        },
        {
            "id": "100002572973116",
            "count": 59
        },
        {
            "id": "100002597500817",
            "count": 403
        },
        {
            "id": "100003886937986",
            "count": 0
        },
        {
            "id": "100003962299692",
            "count": 0
        },
        {
            "id": "100004540444213",
            "count": 801
        },
        {
            "id": "100005193611644",
            "count": 149
        },
        {
            "id": "100005464060999",
            "count": 49
        },
        {
            "id": "100005787302441",
            "count": 0
        },
        {
            "id": "100005921221831",
            "count": 845
        },
        {
            "id": "100006593615643",
            "count": 0
        },
        {
            "id": "100006892808115",
            "count": 20
        },
        {
            "id": "100007534232171",
            "count": 4
        },
        {
            "id": "100008496979488",
            "count": 1
        },
        {
            "id": "100008797188162",
            "count": 0
        },
        {
            "id": "100009611737897",
            "count": 0
        },
        {
            "id": "100011300704000",
            "count": 0
        },
        {
            "id": "100015151637257",
            "count": 0
        },
        {
            "id": "100015308170955",
            "count": 125
        },
        {
            "id": "100016029451185",
            "count": 507
        },
        {
            "id": "100016546475288",
            "count": 0
        },
        {
            "id": "100017170907189",
            "count": 41
        },
        {
            "id": "100018151875111",
            "count": 0
        },
        {
            "id": "100022547652883",
            "count": 1
        },
        {
            "id": "100024565543622",
            "count": 0
        },
        {
            "id": "100029787915660",
            "count": 257
        },
        {
            "id": "100034831938176",
            "count": 92
        },
        {
            "id": "100037115165816",
            "count": 6
        },
        {
            "id": "100038358829047",
            "count": 6
        },
        {
            "id": "100038758208695",
            "count": 0
        },
        {
            "id": "100039903853101",
            "count": 273
        },
        {
            "id": "100040373675468",
            "count": 48
        },
        {
            "id": "100040846521410",
            "count": 89
        },
        {
            "id": "100042415119261",
            "count": 0
        },
        {
            "id": "100043276500742",
            "count": 2
        },
        {
            "id": "100043807758626",
            "count": 21
        },
        {
            "id": "100045119106201",
            "count": 1
        },
        {
            "id": "100047035207533",
            "count": 0
        },
        {
            "id": "100047858130403",
            "count": 0
        },
        {
            "id": "100048464200178",
            "count": 0
        },
        {
            "id": "100048991791143",
            "count": 3
        },
        {
            "id": "100049606202185",
            "count": 107
        },
        {
            "id": "100049732817959",
            "count": 1
        },
        {
            "id": "100055018060508",
            "count": 27
        },
        {
            "id": "100056824850431",
            "count": 182
        },
        {
            "id": "100056859367700",
            "count": 9
        },
        {
            "id": "100058543508714",
            "count": 0
        },
        {
            "id": "100063644702191",
            "count": 105
        },
        {
            "id": "100064522451442",
            "count": 11
        },
        {
            "id": "100064850160235",
            "count": 8
        },
        {
            "id": "100066295651777",
            "count": 36
        },
        {
            "id": "100067868471979",
            "count": 0
        },
        {
            "id": "100069082623315",
            "count": 0
        },
        {
            "id": "100069527042075",
            "count": 0
        },
        {
            "id": "100070298465391",
            "count": 0
        },
        {
            "id": "100070315661399",
            "count": 6
        },
        {
            "id": "100070363950886",
            "count": 0
        },
        {
            "id": "100070864749271",
            "count": 0
        },
        {
            "id": "100071295286104",
            "count": 89
        },
        {
            "id": "100071392397767",
            "count": 0
        },
        {
            "id": "100072588734795",
            "count": 0
        },
        {
            "id": "100072793673973",
            "count": 0
        },
        {
            "id": "100073563257016",
            "count": 0
        },
        {
            "id": "100073865201863",
            "count": 0
        },
        {
            "id": "100074387847807",
            "count": 0
        },
        {
            "id": "100074791645367",
            "count": 6
        },
        {
            "id": "100074891346904",
            "count": 0
        },
        {
            "id": "100078985587693",
            "count": 0
        },
        {
            "id": "100079006087311",
            "count": 0
        },
        {
            "id": "100079644484515",
            "count": 0
        },
        {
            "id": "100080436783792",
            "count": 0
        },
        {
            "id": "100080787134310",
            "count": 0
        },
        {
            "id": "100081335456190",
            "count": 0
        },
        {
            "id": "100081486480098",
            "count": 0
        },
        {
            "id": "100081771387774",
            "count": 0
        },
        {
            "id": "100081853790019",
            "count": 0
        },
        {
            "id": "100082034947634",
            "count": 0
        },
        {
            "id": "100083273258747",
            "count": 0
        },
        {
            "id": "100077066798362",
            "count": 17
        },
        {
            "id": "100028023350843",
            "count": 215
        },
        {
            "id": "100014020472478",
            "count": 15
        },
        {
            "id": "100045812749954",
            "count": 2
        },
        {
            "id": "587517906",
            "count": 52
        }
    ],
    "week": [
        {
            "id": "6705900",
            "count": 0
        },
        {
            "id": "541797805",
            "count": 1
        },
        {
            "id": "542207672",
            "count": 34
        },
        {
            "id": "646492314",
            "count": 72
        },
        {
            "id": "1170570796",
            "count": 0
        },
        {
            "id": "1320268609",
            "count": 0
        },
        {
            "id": "1848187823",
            "count": 538
        },
        {
            "id": "100000168940665",
            "count": 1082
        },
        {
            "id": "100000581721008",
            "count": 3
        },
        {
            "id": "100001385685908",
            "count": 116
        },
        {
            "id": "100001673971853",
            "count": 48
        },
        {
            "id": "100002572973116",
            "count": 59
        },
        {
            "id": "100002597500817",
            "count": 403
        },
        {
            "id": "100003886937986",
            "count": 0
        },
        {
            "id": "100003962299692",
            "count": 0
        },
        {
            "id": "100004540444213",
            "count": 801
        },
        {
            "id": "100005193611644",
            "count": 149
        },
        {
            "id": "100005464060999",
            "count": 49
        },
        {
            "id": "100005787302441",
            "count": 0
        },
        {
            "id": "100005921221831",
            "count": 845
        },
        {
            "id": "100006593615643",
            "count": 0
        },
        {
            "id": "100006892808115",
            "count": 20
        },
        {
            "id": "100007534232171",
            "count": 4
        },
        {
            "id": "100008496979488",
            "count": 1
        },
        {
            "id": "100008797188162",
            "count": 0
        },
        {
            "id": "100009611737897",
            "count": 0
        },
        {
            "id": "100011300704000",
            "count": 0
        },
        {
            "id": "100015151637257",
            "count": 0
        },
        {
            "id": "100015308170955",
            "count": 125
        },
        {
            "id": "100016029451185",
            "count": 507
        },
        {
            "id": "100016546475288",
            "count": 0
        },
        {
            "id": "100017170907189",
            "count": 41
        },
        {
            "id": "100018151875111",
            "count": 0
        },
        {
            "id": "100022547652883",
            "count": 1
        },
        {
            "id": "100024565543622",
            "count": 0
        },
        {
            "id": "100029787915660",
            "count": 257
        },
        {
            "id": "100034831938176",
            "count": 92
        },
        {
            "id": "100037115165816",
            "count": 6
        },
        {
            "id": "100038358829047",
            "count": 6
        },
        {
            "id": "100038758208695",
            "count": 0
        },
        {
            "id": "100039903853101",
            "count": 273
        },
        {
            "id": "100040373675468",
            "count": 48
        },
        {
            "id": "100040846521410",
            "count": 89
        },
        {
            "id": "100042415119261",
            "count": 0
        },
        {
            "id": "100043276500742",
            "count": 2
        },
        {
            "id": "100043807758626",
            "count": 21
        },
        {
            "id": "100045119106201",
            "count": 1
        },
        {
            "id": "100047035207533",
            "count": 0
        },
        {
            "id": "100047858130403",
            "count": 0
        },
        {
            "id": "100048464200178",
            "count": 0
        },
        {
            "id": "100048991791143",
            "count": 3
        },
        {
            "id": "100049606202185",
            "count": 107
        },
        {
            "id": "100049732817959",
            "count": 1
        },
        {
            "id": "100055018060508",
            "count": 27
        },
        {
            "id": "100056824850431",
            "count": 182
        },
        {
            "id": "100056859367700",
            "count": 9
        },
        {
            "id": "100058543508714",
            "count": 0
        },
        {
            "id": "100063644702191",
            "count": 105
        },
        {
            "id": "100064522451442",
            "count": 11
        },
        {
            "id": "100064850160235",
            "count": 8
        },
        {
            "id": "100066295651777",
            "count": 36
        },
        {
            "id": "100067868471979",
            "count": 0
        },
        {
            "id": "100069082623315",
            "count": 0
        },
        {
            "id": "100069527042075",
            "count": 0
        },
        {
            "id": "100070298465391",
            "count": 0
        },
        {
            "id": "100070315661399",
            "count": 6
        },
        {
            "id": "100070363950886",
            "count": 0
        },
        {
            "id": "100070864749271",
            "count": 0
        },
        {
            "id": "100071295286104",
            "count": 89
        },
        {
            "id": "100071392397767",
            "count": 0
        },
        {
            "id": "100072588734795",
            "count": 0
        },
        {
            "id": "100072793673973",
            "count": 0
        },
        {
            "id": "100073563257016",
            "count": 0
        },
        {
            "id": "100073865201863",
            "count": 0
        },
        {
            "id": "100074387847807",
            "count": 0
        },
        {
            "id": "100074791645367",
            "count": 6
        },
        {
            "id": "100074891346904",
            "count": 0
        },
        {
            "id": "100078985587693",
            "count": 0
        },
        {
            "id": "100079006087311",
            "count": 0
        },
        {
            "id": "100079644484515",
            "count": 0
        },
        {
            "id": "100080436783792",
            "count": 0
        },
        {
            "id": "100080787134310",
            "count": 0
        },
        {
            "id": "100081335456190",
            "count": 0
        },
        {
            "id": "100081486480098",
            "count": 0
        },
        {
            "id": "100081771387774",
            "count": 0
        },
        {
            "id": "100081853790019",
            "count": 0
        },
        {
            "id": "100082034947634",
            "count": 0
        },
        {
            "id": "100083273258747",
            "count": 0
        },
        {
            "id": "100077066798362",
            "count": 17
        },
        {
            "id": "100028023350843",
            "count": 215
        },
        {
            "id": "100014020472478",
            "count": 15
        },
        {
            "id": "100045812749954",
            "count": 2
        },
        {
            "id": "587517906",
            "count": 52
        }
    ],
    "day": [
        {
            "id": "6705900",
            "count": 0
        },
        {
            "id": "541797805",
            "count": 1
        },
        {
            "id": "542207672",
            "count": 34
        },
        {
            "id": "646492314",
            "count": 72
        },
        {
            "id": "1170570796",
            "count": 0
        },
        {
            "id": "1320268609",
            "count": 0
        },
        {
            "id": "1848187823",
            "count": 538
        },
        {
            "id": "100000168940665",
            "count": 1082
        },
        {
            "id": "100000581721008",
            "count": 3
        },
        {
            "id": "100001385685908",
            "count": 116
        },
        {
            "id": "100001673971853",
            "count": 48
        },
        {
            "id": "100002572973116",
            "count": 59
        },
        {
            "id": "100002597500817",
            "count": 403
        },
        {
            "id": "100003886937986",
            "count": 0
        },
        {
            "id": "100003962299692",
            "count": 0
        },
        {
            "id": "100004540444213",
            "count": 801
        },
        {
            "id": "100005193611644",
            "count": 149
        },
        {
            "id": "100005464060999",
            "count": 49
        },
        {
            "id": "100005787302441",
            "count": 0
        },
        {
            "id": "100005921221831",
            "count": 845
        },
        {
            "id": "100006593615643",
            "count": 0
        },
        {
            "id": "100006892808115",
            "count": 20
        },
        {
            "id": "100007534232171",
            "count": 4
        },
        {
            "id": "100008496979488",
            "count": 1
        },
        {
            "id": "100008797188162",
            "count": 0
        },
        {
            "id": "100009611737897",
            "count": 0
        },
        {
            "id": "100011300704000",
            "count": 0
        },
        {
            "id": "100015151637257",
            "count": 0
        },
        {
            "id": "100015308170955",
            "count": 125
        },
        {
            "id": "100016029451185",
            "count": 507
        },
        {
            "id": "100016546475288",
            "count": 0
        },
        {
            "id": "100017170907189",
            "count": 41
        },
        {
            "id": "100018151875111",
            "count": 0
        },
        {
            "id": "100022547652883",
            "count": 1
        },
        {
            "id": "100024565543622",
            "count": 0
        },
        {
            "id": "100029787915660",
            "count": 257
        },
        {
            "id": "100034831938176",
            "count": 92
        },
        {
            "id": "100037115165816",
            "count": 6
        },
        {
            "id": "100038358829047",
            "count": 6
        },
        {
            "id": "100038758208695",
            "count": 0
        },
        {
            "id": "100039903853101",
            "count": 273
        },
        {
            "id": "100040373675468",
            "count": 48
        },
        {
            "id": "100040846521410",
            "count": 89
        },
        {
            "id": "100042415119261",
            "count": 0
        },
        {
            "id": "100043276500742",
            "count": 2
        },
        {
            "id": "100043807758626",
            "count": 21
        },
        {
            "id": "100045119106201",
            "count": 1
        },
        {
            "id": "100047035207533",
            "count": 0
        },
        {
            "id": "100047858130403",
            "count": 0
        },
        {
            "id": "100048464200178",
            "count": 0
        },
        {
            "id": "100048991791143",
            "count": 3
        },
        {
            "id": "100049606202185",
            "count": 107
        },
        {
            "id": "100049732817959",
            "count": 1
        },
        {
            "id": "100055018060508",
            "count": 27
        },
        {
            "id": "100056824850431",
            "count": 182
        },
        {
            "id": "100056859367700",
            "count": 9
        },
        {
            "id": "100058543508714",
            "count": 0
        },
        {
            "id": "100063644702191",
            "count": 105
        },
        {
            "id": "100064522451442",
            "count": 11
        },
        {
            "id": "100064850160235",
            "count": 8
        },
        {
            "id": "100066295651777",
            "count": 36
        },
        {
            "id": "100067868471979",
            "count": 0
        },
        {
            "id": "100069082623315",
            "count": 0
        },
        {
            "id": "100069527042075",
            "count": 0
        },
        {
            "id": "100070298465391",
            "count": 0
        },
        {
            "id": "100070315661399",
            "count": 6
        },
        {
            "id": "100070363950886",
            "count": 0
        },
        {
            "id": "100070864749271",
            "count": 0
        },
        {
            "id": "100071295286104",
            "count": 89
        },
        {
            "id": "100071392397767",
            "count": 0
        },
        {
            "id": "100072588734795",
            "count": 0
        },
        {
            "id": "100072793673973",
            "count": 0
        },
        {
            "id": "100073563257016",
            "count": 0
        },
        {
            "id": "100073865201863",
            "count": 0
        },
        {
            "id": "100074387847807",
            "count": 0
        },
        {
            "id": "100074791645367",
            "count": 6
        },
        {
            "id": "100074891346904",
            "count": 0
        },
        {
            "id": "100078985587693",
            "count": 0
        },
        {
            "id": "100079006087311",
            "count": 0
        },
        {
            "id": "100079644484515",
            "count": 0
        },
        {
            "id": "100080436783792",
            "count": 0
        },
        {
            "id": "100080787134310",
            "count": 0
        },
        {
            "id": "100081335456190",
            "count": 0
        },
        {
            "id": "100081486480098",
            "count": 0
        },
        {
            "id": "100081771387774",
            "count": 0
        },
        {
            "id": "100081853790019",
            "count": 0
        },
        {
            "id": "100082034947634",
            "count": 0
        },
        {
            "id": "100083273258747",
            "count": 0
        },
        {
            "id": "100077066798362",
            "count": 17
        },
        {
            "id": "100028023350843",
            "count": 215
        },
        {
            "id": "100014020472478",
            "count": 15
        },
        {
            "id": "100045812749954",
            "count": 2
        },
        {
            "id": "587517906",
            "count": 52
        }
    ],
    "time": 6
}