{
    "total": [
        {
            "id": "100023066844607",
            "count": 0
        },
        {
            "id": "100028323319858",
            "count": 0
        },
        {
            "id": "100037184677694",
            "count": 2
        },
        {
            "id": "100046150114230",
            "count": 61
        },
        {
            "id": "100048270057271",
            "count": 0
        },
        {
            "id": "100048324833952",
            "count": 6
        },
        {
            "id": "100048769820362",
            "count": 0
        },
        {
            "id": "100049853949902",
            "count": 0
        },
        {
            "id": "100050543944002",
            "count": 14
        },
        {
            "id": "100052541358260",
            "count": 0
        },
        {
            "id": "100054287296350",
            "count": 0
        },
        {
            "id": "100055028542623",
            "count": 0
        },
        {
            "id": "100057552126964",
            "count": 0
        },
        {
            "id": "100063546910574",
            "count": 0
        },
        {
            "id": "100063659836727",
            "count": 0
        },
        {
            "id": "100065344327301",
            "count": 0
        },
        {
            "id": "100066719080891",
            "count": 280
        },
        {
            "id": "100068572942172",
            "count": 0
        },
        {
            "id": "100068809203740",
            "count": 4
        },
        {
            "id": "100069049554081",
            "count": 7
        },
        {
            "id": "100069940727565",
            "count": 204
        },
        {
            "id": "100070504524815",
            "count": 0
        },
        {
            "id": "100070659972733",
            "count": 0
        },
        {
            "id": "100070766407851",
            "count": 0
        },
        {
            "id": "100070784327819",
            "count": 0
        },
        {
            "id": "100072045446646",
            "count": 0
        },
        {
            "id": "100072330024788",
            "count": 0
        },
        {
            "id": "100073087273149",
            "count": 0
        },
        {
            "id": "100073238179895",
            "count": 62
        },
        {
            "id": "100073269034194",
            "count": 0
        },
        {
            "id": "100073569652155",
            "count": 0
        },
        {
            "id": "100073662489922",
            "count": 0
        },
        {
            "id": "100073678462204",
            "count": 1
        },
        {
            "id": "100073695529519",
            "count": 0
        },
        {
            "id": "100073963692059",
            "count": 0
        },
        {
            "id": "100074289229982",
            "count": 0
        },
        {
            "id": "100074473968880",
            "count": 0
        },
        {
            "id": "100074604420445",
            "count": 0
        },
        {
            "id": "100074635413960",
            "count": 0
        },
        {
            "id": "100074665803085",
            "count": 8
        },
        {
            "id": "100074835423680",
            "count": 0
        },
        {
            "id": "100075037102158",
            "count": 113
        },
        {
            "id": "100075154518908",
            "count": 0
        },
        {
            "id": "100075199013563",
            "count": 0
        },
        {
            "id": "100075532750021",
            "count": 0
        },
        {
            "id": "100076443587611",
            "count": 0
        },
        {
            "id": "100077352668012",
            "count": 0
        },
        {
            "id": "100077388600682",
            "count": 3
        },
        {
            "id": "100077470761926",
            "count": 0
        },
        {
            "id": "100077646201337",
            "count": 0
        },
        {
            "id": "100077923156753",
            "count": 0
        },
        {
            "id": "100077999013793",
            "count": 139
        },
        {
            "id": "100078016047859",
            "count": 1
        },
        {
            "id": "100078031944650",
            "count": 0
        },
        {
            "id": "100078153294805",
            "count": 88
        },
        {
            "id": "100078445515654",
            "count": 0
        },
        {
            "id": "100078707302142",
            "count": 0
        },
        {
            "id": "100078714555440",
            "count": 0
        },
        {
            "id": "100078811705687",
            "count": 0
        },
        {
            "id": "100078815228253",
            "count": 1
        },
        {
            "id": "100078891547047",
            "count": 0
        },
        {
            "id": "100078941980101",
            "count": 0
        },
        {
            "id": "100079162356656",
            "count": 5
        },
        {
            "id": "100079682283356",
            "count": 1
        },
        {
            "id": "100079753629702",
            "count": 0
        },
        {
            "id": "100080245895375",
            "count": 0
        },
        {
            "id": "100080335540001",
            "count": 0
        },
        {
            "id": "100080725261548",
            "count": 0
        },
        {
            "id": "100081087796275",
            "count": 15
        },
        {
            "id": "100081099699755",
            "count": 0
        },
        {
            "id": "100081883144256",
            "count": 56
        },
        {
            "id": "100082038344163",
            "count": 11
        },
        {
            "id": "100082303847448",
            "count": 0
        },
        {
            "id": "100082865001938",
            "count": 3
        },
        {
            "id": "100083293825204",
            "count": 0
        },
        {
            "id": "100083320615521",
            "count": 0
        },
        {
            "id": "100083343357211",
            "count": 0
        },
        {
            "id": "100083371398531",
            "count": 274
        },
        {
            "id": "100083517221976",
            "count": 0
        }
    ],
    "week": [
        {
            "id": "100023066844607",
            "count": 0,
            "name": "Người dùng facebook"
        },
        {
            "id": "100028323319858",
            "count": 0,
            "name": "Người dùng facebook"
        },
        {
            "id": "100037184677694",
            "count": 0,
            "name": "Người dùng facebook"
        },
        {
            "id": "100046150114230",
            "count": 0,
            "name": "Người dùng facebook"
        },
        {
            "id": "100048270057271",
            "count": 0,
            "name": "Người dùng facebook"
        },
        {
            "id": "100048324833952",
            "count": 0,
            "name": "Người dùng facebook"
        },
        {
            "id": "100048769820362",
            "count": 0,
            "name": "Người dùng facebook"
        },
        {
            "id": "100049853949902",
            "count": 0,
            "name": "Người dùng facebook"
        },
        {
            "id": "100050543944002",
            "count": 0,
            "name": "Người dùng facebook"
        },
        {
            "id": "100052541358260",
            "count": 0,
            "name": "Người dùng facebook"
        },
        {
            "id": "100054287296350",
            "count": 0,
            "name": "Người dùng facebook"
        },
        {
            "id": "100055028542623",
            "count": 0,
            "name": "Người dùng facebook"
        },
        {
            "id": "100057552126964",
            "count": 0,
            "name": "Người dùng facebook"
        },
        {
            "id": "100063546910574",
            "count": 0,
            "name": "Người dùng facebook"
        },
        {
            "id": "100063659836727",
            "count": 0,
            "name": "Người dùng facebook"
        },
        {
            "id": "100065344327301",
            "count": 0,
            "name": "Người dùng facebook"
        },
        {
            "id": "100066719080891",
            "count": 0,
            "name": "Người dùng facebook"
        },
        {
            "id": "100068572942172",
            "count": 0,
            "name": "Người dùng facebook"
        },
        {
            "id": "100068809203740",
            "count": 0,
            "name": "Người dùng facebook"
        },
        {
            "id": "100069049554081",
            "count": 0,
            "name": "Người dùng facebook"
        },
        {
            "id": "100069940727565",
            "count": 0,
            "name": "Người dùng facebook"
        },
        {
            "id": "100070504524815",
            "count": 0,
            "name": "Người dùng facebook"
        },
        {
            "id": "100070659972733",
            "count": 0,
            "name": "Người dùng facebook"
        },
        {
            "id": "100070766407851",
            "count": 0,
            "name": "Người dùng facebook"
        },
        {
            "id": "100070784327819",
            "count": 0,
            "name": "Người dùng facebook"
        },
        {
            "id": "100072045446646",
            "count": 0,
            "name": "Người dùng facebook"
        },
        {
            "id": "100072330024788",
            "count": 0,
            "name": "Người dùng facebook"
        },
        {
            "id": "100073087273149",
            "count": 0,
            "name": "Người dùng facebook"
        },
        {
            "id": "100073238179895",
            "count": 0,
            "name": "Người dùng facebook"
        },
        {
            "id": "100073269034194",
            "count": 0,
            "name": "Người dùng facebook"
        },
        {
            "id": "100073569652155",
            "count": 0,
            "name": "Người dùng facebook"
        },
        {
            "id": "100073662489922",
            "count": 0,
            "name": "Người dùng facebook"
        },
        {
            "id": "100073678462204",
            "count": 0,
            "name": "Người dùng facebook"
        },
        {
            "id": "100073695529519",
            "count": 0,
            "name": "Người dùng facebook"
        },
        {
            "id": "100073963692059",
            "count": 0,
            "name": "Người dùng facebook"
        },
        {
            "id": "100074289229982",
            "count": 0,
            "name": "Người dùng facebook"
        },
        {
            "id": "100074473968880",
            "count": 0,
            "name": "Người dùng facebook"
        },
        {
            "id": "100074604420445",
            "count": 0,
            "name": "Người dùng facebook"
        },
        {
            "id": "100074635413960",
            "count": 0,
            "name": "Người dùng facebook"
        },
        {
            "id": "100074665803085",
            "count": 0,
            "name": "Người dùng facebook"
        },
        {
            "id": "100074835423680",
            "count": 0,
            "name": "Người dùng facebook"
        },
        {
            "id": "100075037102158",
            "count": 0,
            "name": "Người dùng facebook"
        },
        {
            "id": "100075154518908",
            "count": 0,
            "name": "Người dùng facebook"
        },
        {
            "id": "100075199013563",
            "count": 0,
            "name": "Người dùng facebook"
        },
        {
            "id": "100075532750021",
            "count": 0,
            "name": "Người dùng facebook"
        },
        {
            "id": "100076443587611",
            "count": 0,
            "name": "Người dùng facebook"
        },
        {
            "id": "100077352668012",
            "count": 0,
            "name": "Người dùng facebook"
        },
        {
            "id": "100077388600682",
            "count": 0,
            "name": "Người dùng facebook"
        },
        {
            "id": "100077470761926",
            "count": 0,
            "name": "Người dùng facebook"
        },
        {
            "id": "100077646201337",
            "count": 0,
            "name": "Người dùng facebook"
        },
        {
            "id": "100077923156753",
            "count": 0,
            "name": "Người dùng facebook"
        },
        {
            "id": "100077999013793",
            "count": 0,
            "name": "Người dùng facebook"
        },
        {
            "id": "100078016047859",
            "count": 0,
            "name": "Người dùng facebook"
        },
        {
            "id": "100078031944650",
            "count": 0,
            "name": "Người dùng facebook"
        },
        {
            "id": "100078153294805",
            "count": 0,
            "name": "Người dùng facebook"
        },
        {
            "id": "100078445515654",
            "count": 0,
            "name": "Người dùng facebook"
        },
        {
            "id": "100078707302142",
            "count": 0,
            "name": "Người dùng facebook"
        },
        {
            "id": "100078714555440",
            "count": 0,
            "name": "Người dùng facebook"
        },
        {
            "id": "100078811705687",
            "count": 0,
            "name": "Người dùng facebook"
        },
        {
            "id": "100078815228253",
            "count": 0,
            "name": "Người dùng facebook"
        },
        {
            "id": "100078891547047",
            "count": 0,
            "name": "Người dùng facebook"
        },
        {
            "id": "100078941980101",
            "count": 0,
            "name": "Người dùng facebook"
        },
        {
            "id": "100079162356656",
            "count": 0,
            "name": "Người dùng facebook"
        },
        {
            "id": "100079682283356",
            "count": 0,
            "name": "Người dùng facebook"
        },
        {
            "id": "100079753629702",
            "count": 0,
            "name": "Người dùng facebook"
        },
        {
            "id": "100080245895375",
            "count": 0,
            "name": "Người dùng facebook"
        },
        {
            "id": "100080335540001",
            "count": 0,
            "name": "Người dùng facebook"
        },
        {
            "id": "100080725261548",
            "count": 0,
            "name": "Người dùng facebook"
        },
        {
            "id": "100081087796275",
            "count": 0,
            "name": "Người dùng facebook"
        },
        {
            "id": "100081099699755",
            "count": 0,
            "name": "Người dùng facebook"
        },
        {
            "id": "100081883144256",
            "count": 0,
            "name": "Người dùng facebook"
        },
        {
            "id": "100082038344163",
            "count": 0,
            "name": "Người dùng facebook"
        },
        {
            "id": "100082303847448",
            "count": 0,
            "name": "Người dùng facebook"
        },
        {
            "id": "100082865001938",
            "count": 0,
            "name": "Người dùng facebook"
        },
        {
            "id": "100083293825204",
            "count": 0,
            "name": "Người dùng facebook"
        },
        {
            "id": "100083320615521",
            "count": 0,
            "name": "Người dùng facebook"
        },
        {
            "id": "100083343357211",
            "count": 0,
            "name": "Người dùng facebook"
        },
        {
            "id": "100083371398531",
            "count": 0,
            "name": "Người dùng facebook"
        },
        {
            "id": "100083517221976",
            "count": 0,
            "name": "Người dùng facebook"
        }
    ],
    "day": [
        {
            "id": "100023066844607",
            "count": 0,
            "name": "Người dùng facebook"
        },
        {
            "id": "100028323319858",
            "count": 0,
            "name": "Người dùng facebook"
        },
        {
            "id": "100037184677694",
            "count": 0,
            "name": "Người dùng facebook"
        },
        {
            "id": "100046150114230",
            "count": 0,
            "name": "Người dùng facebook"
        },
        {
            "id": "100048270057271",
            "count": 0,
            "name": "Người dùng facebook"
        },
        {
            "id": "100048324833952",
            "count": 0,
            "name": "Người dùng facebook"
        },
        {
            "id": "100048769820362",
            "count": 0,
            "name": "Người dùng facebook"
        },
        {
            "id": "100049853949902",
            "count": 0,
            "name": "Người dùng facebook"
        },
        {
            "id": "100050543944002",
            "count": 0,
            "name": "Người dùng facebook"
        },
        {
            "id": "100052541358260",
            "count": 0,
            "name": "Người dùng facebook"
        },
        {
            "id": "100054287296350",
            "count": 0,
            "name": "Người dùng facebook"
        },
        {
            "id": "100055028542623",
            "count": 0,
            "name": "Người dùng facebook"
        },
        {
            "id": "100057552126964",
            "count": 0,
            "name": "Người dùng facebook"
        },
        {
            "id": "100063546910574",
            "count": 0,
            "name": "Người dùng facebook"
        },
        {
            "id": "100063659836727",
            "count": 0,
            "name": "Người dùng facebook"
        },
        {
            "id": "100065344327301",
            "count": 0,
            "name": "Người dùng facebook"
        },
        {
            "id": "100066719080891",
            "count": 0,
            "name": "Người dùng facebook"
        },
        {
            "id": "100068572942172",
            "count": 0,
            "name": "Người dùng facebook"
        },
        {
            "id": "100068809203740",
            "count": 0,
            "name": "Người dùng facebook"
        },
        {
            "id": "100069049554081",
            "count": 0,
            "name": "Người dùng facebook"
        },
        {
            "id": "100069940727565",
            "count": 0,
            "name": "Người dùng facebook"
        },
        {
            "id": "100070504524815",
            "count": 0,
            "name": "Người dùng facebook"
        },
        {
            "id": "100070659972733",
            "count": 0,
            "name": "Người dùng facebook"
        },
        {
            "id": "100070766407851",
            "count": 0,
            "name": "Người dùng facebook"
        },
        {
            "id": "100070784327819",
            "count": 0,
            "name": "Người dùng facebook"
        },
        {
            "id": "100072045446646",
            "count": 0,
            "name": "Người dùng facebook"
        },
        {
            "id": "100072330024788",
            "count": 0,
            "name": "Người dùng facebook"
        },
        {
            "id": "100073087273149",
            "count": 0,
            "name": "Người dùng facebook"
        },
        {
            "id": "100073238179895",
            "count": 0,
            "name": "Người dùng facebook"
        },
        {
            "id": "100073269034194",
            "count": 0,
            "name": "Người dùng facebook"
        },
        {
            "id": "100073569652155",
            "count": 0,
            "name": "Người dùng facebook"
        },
        {
            "id": "100073662489922",
            "count": 0,
            "name": "Người dùng facebook"
        },
        {
            "id": "100073678462204",
            "count": 0,
            "name": "Người dùng facebook"
        },
        {
            "id": "100073695529519",
            "count": 0,
            "name": "Người dùng facebook"
        },
        {
            "id": "100073963692059",
            "count": 0,
            "name": "Người dùng facebook"
        },
        {
            "id": "100074289229982",
            "count": 0,
            "name": "Người dùng facebook"
        },
        {
            "id": "100074473968880",
            "count": 0,
            "name": "Người dùng facebook"
        },
        {
            "id": "100074604420445",
            "count": 0,
            "name": "Người dùng facebook"
        },
        {
            "id": "100074635413960",
            "count": 0,
            "name": "Người dùng facebook"
        },
        {
            "id": "100074665803085",
            "count": 0,
            "name": "Người dùng facebook"
        },
        {
            "id": "100074835423680",
            "count": 0,
            "name": "Người dùng facebook"
        },
        {
            "id": "100075037102158",
            "count": 0,
            "name": "Người dùng facebook"
        },
        {
            "id": "100075154518908",
            "count": 0,
            "name": "Người dùng facebook"
        },
        {
            "id": "100075199013563",
            "count": 0,
            "name": "Người dùng facebook"
        },
        {
            "id": "100075532750021",
            "count": 0,
            "name": "Người dùng facebook"
        },
        {
            "id": "100076443587611",
            "count": 0,
            "name": "Người dùng facebook"
        },
        {
            "id": "100077352668012",
            "count": 0,
            "name": "Người dùng facebook"
        },
        {
            "id": "100077388600682",
            "count": 0,
            "name": "Người dùng facebook"
        },
        {
            "id": "100077470761926",
            "count": 0,
            "name": "Người dùng facebook"
        },
        {
            "id": "100077646201337",
            "count": 0,
            "name": "Người dùng facebook"
        },
        {
            "id": "100077923156753",
            "count": 0,
            "name": "Người dùng facebook"
        },
        {
            "id": "100077999013793",
            "count": 0,
            "name": "Người dùng facebook"
        },
        {
            "id": "100078016047859",
            "count": 0,
            "name": "Người dùng facebook"
        },
        {
            "id": "100078031944650",
            "count": 0,
            "name": "Người dùng facebook"
        },
        {
            "id": "100078153294805",
            "count": 0,
            "name": "Người dùng facebook"
        },
        {
            "id": "100078445515654",
            "count": 0,
            "name": "Người dùng facebook"
        },
        {
            "id": "100078707302142",
            "count": 0,
            "name": "Người dùng facebook"
        },
        {
            "id": "100078714555440",
            "count": 0,
            "name": "Người dùng facebook"
        },
        {
            "id": "100078811705687",
            "count": 0,
            "name": "Người dùng facebook"
        },
        {
            "id": "100078815228253",
            "count": 0,
            "name": "Người dùng facebook"
        },
        {
            "id": "100078891547047",
            "count": 0,
            "name": "Người dùng facebook"
        },
        {
            "id": "100078941980101",
            "count": 0,
            "name": "Người dùng facebook"
        },
        {
            "id": "100079162356656",
            "count": 0,
            "name": "Người dùng facebook"
        },
        {
            "id": "100079682283356",
            "count": 0,
            "name": "Người dùng facebook"
        },
        {
            "id": "100079753629702",
            "count": 0,
            "name": "Người dùng facebook"
        },
        {
            "id": "100080245895375",
            "count": 0,
            "name": "Người dùng facebook"
        },
        {
            "id": "100080335540001",
            "count": 0,
            "name": "Người dùng facebook"
        },
        {
            "id": "100080725261548",
            "count": 0,
            "name": "Người dùng facebook"
        },
        {
            "id": "100081087796275",
            "count": 0,
            "name": "Người dùng facebook"
        },
        {
            "id": "100081099699755",
            "count": 0,
            "name": "Người dùng facebook"
        },
        {
            "id": "100081883144256",
            "count": 0,
            "name": "Người dùng facebook"
        },
        {
            "id": "100082038344163",
            "count": 0,
            "name": "Người dùng facebook"
        },
        {
            "id": "100082303847448",
            "count": 0,
            "name": "Người dùng facebook"
        },
        {
            "id": "100082865001938",
            "count": 0,
            "name": "Người dùng facebook"
        },
        {
            "id": "100083293825204",
            "count": 0,
            "name": "Người dùng facebook"
        },
        {
            "id": "100083320615521",
            "count": 0,
            "name": "Người dùng facebook"
        },
        {
            "id": "100083343357211",
            "count": 0,
            "name": "Người dùng facebook"
        },
        {
            "id": "100083371398531",
            "count": 0,
            "name": "Người dùng facebook"
        },
        {
            "id": "100083517221976",
            "count": 0,
            "name": "Người dùng facebook"
        }
    ],
    "time": 6
}