{
    "total": [
        {
            "id": "100001671253128",
            "count": 0
        },
        {
            "id": "100021660043848",
            "count": 0
        },
        {
            "id": "100023250277879",
            "count": 46
        },
        {
            "id": "100023794012725",
            "count": 0
        },
        {
            "id": "100024459962759",
            "count": 0
        },
        {
            "id": "100025827277468",
            "count": 1
        },
        {
            "id": "100028050514871",
            "count": 0
        },
        {
            "id": "100032950420144",
            "count": 3
        },
        {
            "id": "100034752158610",
            "count": 85
        },
        {
            "id": "100037891331404",
            "count": 0
        },
        {
            "id": "100038481848641",
            "count": 0
        },
        {
            "id": "100039049478012",
            "count": 0
        },
        {
            "id": "100041224269530",
            "count": 0
        },
        {
            "id": "100042543570745",
            "count": 0
        },
        {
            "id": "100046087420211",
            "count": 0
        },
        {
            "id": "100047229078446",
            "count": 0
        },
        {
            "id": "100049151586221",
            "count": 0
        },
        {
            "id": "100049563488196",
            "count": 0
        },
        {
            "id": "100049739466595",
            "count": 0
        },
        {
            "id": "100049909835007",
            "count": 0
        },
        {
            "id": "100050167029117",
            "count": 0
        },
        {
            "id": "100050561169780",
            "count": 0
        },
        {
            "id": "100050609571758",
            "count": 93
        },
        {
            "id": "100050611542712",
            "count": 0
        },
        {
            "id": "100050746869939",
            "count": 2
        },
        {
            "id": "100053342628057",
            "count": 0
        },
        {
            "id": "100055194101712",
            "count": 1
        },
        {
            "id": "100059385465650",
            "count": 0
        },
        {
            "id": "100060762771755",
            "count": 1
        },
        {
            "id": "100060830267041",
            "count": 0
        },
        {
            "id": "100061074339165",
            "count": 0
        },
        {
            "id": "100061478774418",
            "count": 0
        },
        {
            "id": "100062945290990",
            "count": 3
        },
        {
            "id": "100063605913042",
            "count": 0
        },
        {
            "id": "100063968425673",
            "count": 0
        },
        {
            "id": "100065062493244",
            "count": 0
        },
        {
            "id": "100065183230129",
            "count": 0
        },
        {
            "id": "100067083429948",
            "count": 118
        },
        {
            "id": "100068285625855",
            "count": 0
        },
        {
            "id": "100068532063764",
            "count": 0
        },
        {
            "id": "100068624034338",
            "count": 0
        },
        {
            "id": "100069923981319",
            "count": 0
        },
        {
            "id": "100072024413511",
            "count": 0
        },
        {
            "id": "100072526383909",
            "count": 0
        },
        {
            "id": "100073238922238",
            "count": 3
        },
        {
            "id": "100073332321653",
            "count": 0
        },
        {
            "id": "100073622444859",
            "count": 0
        },
        {
            "id": "100073709437287",
            "count": 9
        },
        {
            "id": "100073798774137",
            "count": 1
        },
        {
            "id": "100073947911390",
            "count": 0
        },
        {
            "id": "100074012658304",
            "count": 0
        },
        {
            "id": "100074029698648",
            "count": 0
        },
        {
            "id": "100074092800054",
            "count": 0
        },
        {
            "id": "100074335231881",
            "count": 27
        },
        {
            "id": "100074366615496",
            "count": 0
        },
        {
            "id": "100074376962763",
            "count": 5
        },
        {
            "id": "100074449815758",
            "count": 0
        },
        {
            "id": "100074998010779",
            "count": 0
        },
        {
            "id": "100075032027394",
            "count": 0
        },
        {
            "id": "100075086000284",
            "count": 0
        },
        {
            "id": "100075171700239",
            "count": 0
        },
        {
            "id": "100075357513961",
            "count": 0
        },
        {
            "id": "100075361662110",
            "count": 0
        },
        {
            "id": "100075516378760",
            "count": 0
        },
        {
            "id": "100075731781991",
            "count": 0
        },
        {
            "id": "100075836597182",
            "count": 0
        },
        {
            "id": "100075957766344",
            "count": 1
        },
        {
            "id": "100076069416578",
            "count": 3
        },
        {
            "id": "100076259203624",
            "count": 29
        },
        {
            "id": "100077368610894",
            "count": 0
        },
        {
            "id": "100077665175128",
            "count": 0
        },
        {
            "id": "100077937583084",
            "count": 0
        },
        {
            "id": "100078033225076",
            "count": 31
        },
        {
            "id": "100078162926680",
            "count": 0
        },
        {
            "id": "100078367181913",
            "count": 0
        },
        {
            "id": "100078603802108",
            "count": 0
        },
        {
            "id": "100078653337494",
            "count": 0
        },
        {
            "id": "100079094710424",
            "count": 15
        },
        {
            "id": "100079110394119",
            "count": 4
        },
        {
            "id": "100079138713011",
            "count": 0
        },
        {
            "id": "100079151132006",
            "count": 0
        },
        {
            "id": "100079178083725",
            "count": 0
        },
        {
            "id": "100079203895063",
            "count": 0
        },
        {
            "id": "100079523904216",
            "count": 15
        },
        {
            "id": "100079599662425",
            "count": 0
        },
        {
            "id": "100079756361202",
            "count": 0
        },
        {
            "id": "100079768208947",
            "count": 27
        },
        {
            "id": "100079849943377",
            "count": 1
        },
        {
            "id": "100080006347087",
            "count": 0
        },
        {
            "id": "100080099684409",
            "count": 0
        },
        {
            "id": "100080100444157",
            "count": 0
        },
        {
            "id": "100080219526166",
            "count": 0
        },
        {
            "id": "100080646703090",
            "count": 0
        },
        {
            "id": "100080739772349",
            "count": 0
        },
        {
            "id": "100080973293294",
            "count": 0
        },
        {
            "id": "100081033085315",
            "count": 0
        },
        {
            "id": "100081225715723",
            "count": 1
        },
        {
            "id": "100081818336926",
            "count": 29
        },
        {
            "id": "100082105915663",
            "count": 0
        },
        {
            "id": "100082149487939",
            "count": 0
        },
        {
            "id": "100082577468634",
            "count": 0
        },
        {
            "id": "100082617671564",
            "count": 0
        },
        {
            "id": "100082720905997",
            "count": 0
        },
        {
            "id": "100082726542387",
            "count": 6
        },
        {
            "id": "100082884073339",
            "count": 0
        },
        {
            "id": "100082903920878",
            "count": 0
        },
        {
            "id": "100082909483148",
            "count": 0
        },
        {
            "id": "100082967156431",
            "count": 16
        },
        {
            "id": "100083097519952",
            "count": 13
        }
    ],
    "week": [
        {
            "id": "100001671253128",
            "count": 0,
            "name": "Người dùng facebook"
        },
        {
            "id": "100021660043848",
            "count": 0,
            "name": "Người dùng facebook"
        },
        {
            "id": "100023250277879",
            "count": 0,
            "name": "Người dùng facebook"
        },
        {
            "id": "100023794012725",
            "count": 0,
            "name": "Người dùng facebook"
        },
        {
            "id": "100024459962759",
            "count": 0,
            "name": "Người dùng facebook"
        },
        {
            "id": "100025827277468",
            "count": 0,
            "name": "Người dùng facebook"
        },
        {
            "id": "100028050514871",
            "count": 0,
            "name": "Người dùng facebook"
        },
        {
            "id": "100032950420144",
            "count": 0,
            "name": "Người dùng facebook"
        },
        {
            "id": "100034752158610",
            "count": 0,
            "name": "Người dùng facebook"
        },
        {
            "id": "100037891331404",
            "count": 0,
            "name": "Người dùng facebook"
        },
        {
            "id": "100038481848641",
            "count": 0,
            "name": "Người dùng facebook"
        },
        {
            "id": "100039049478012",
            "count": 0,
            "name": "Người dùng facebook"
        },
        {
            "id": "100041224269530",
            "count": 0,
            "name": "Người dùng facebook"
        },
        {
            "id": "100042543570745",
            "count": 0,
            "name": "Người dùng facebook"
        },
        {
            "id": "100046087420211",
            "count": 0,
            "name": "Người dùng facebook"
        },
        {
            "id": "100047229078446",
            "count": 0,
            "name": "Người dùng facebook"
        },
        {
            "id": "100049151586221",
            "count": 0,
            "name": "Người dùng facebook"
        },
        {
            "id": "100049563488196",
            "count": 0,
            "name": "Người dùng facebook"
        },
        {
            "id": "100049739466595",
            "count": 0,
            "name": "Người dùng facebook"
        },
        {
            "id": "100049909835007",
            "count": 0,
            "name": "Người dùng facebook"
        },
        {
            "id": "100050167029117",
            "count": 0,
            "name": "Người dùng facebook"
        },
        {
            "id": "100050561169780",
            "count": 0,
            "name": "Người dùng facebook"
        },
        {
            "id": "100050609571758",
            "count": 0,
            "name": "Người dùng facebook"
        },
        {
            "id": "100050611542712",
            "count": 0,
            "name": "Người dùng facebook"
        },
        {
            "id": "100050746869939",
            "count": 0,
            "name": "Người dùng facebook"
        },
        {
            "id": "100053342628057",
            "count": 0,
            "name": "Người dùng facebook"
        },
        {
            "id": "100055194101712",
            "count": 0,
            "name": "Người dùng facebook"
        },
        {
            "id": "100059385465650",
            "count": 0,
            "name": "Người dùng facebook"
        },
        {
            "id": "100060762771755",
            "count": 0,
            "name": "Người dùng facebook"
        },
        {
            "id": "100060830267041",
            "count": 0,
            "name": "Người dùng facebook"
        },
        {
            "id": "100061074339165",
            "count": 0,
            "name": "Người dùng facebook"
        },
        {
            "id": "100061478774418",
            "count": 0,
            "name": "Người dùng facebook"
        },
        {
            "id": "100062945290990",
            "count": 0,
            "name": "Người dùng facebook"
        },
        {
            "id": "100063605913042",
            "count": 0,
            "name": "Người dùng facebook"
        },
        {
            "id": "100063968425673",
            "count": 0,
            "name": "Người dùng facebook"
        },
        {
            "id": "100065062493244",
            "count": 0,
            "name": "Người dùng facebook"
        },
        {
            "id": "100065183230129",
            "count": 0,
            "name": "Người dùng facebook"
        },
        {
            "id": "100067083429948",
            "count": 0,
            "name": "Người dùng facebook"
        },
        {
            "id": "100068285625855",
            "count": 0,
            "name": "Người dùng facebook"
        },
        {
            "id": "100068532063764",
            "count": 0,
            "name": "Người dùng facebook"
        },
        {
            "id": "100068624034338",
            "count": 0,
            "name": "Người dùng facebook"
        },
        {
            "id": "100069923981319",
            "count": 0,
            "name": "Người dùng facebook"
        },
        {
            "id": "100072024413511",
            "count": 0,
            "name": "Người dùng facebook"
        },
        {
            "id": "100072526383909",
            "count": 0,
            "name": "Người dùng facebook"
        },
        {
            "id": "100073238922238",
            "count": 0,
            "name": "Người dùng facebook"
        },
        {
            "id": "100073332321653",
            "count": 0,
            "name": "Người dùng facebook"
        },
        {
            "id": "100073622444859",
            "count": 0,
            "name": "Người dùng facebook"
        },
        {
            "id": "100073709437287",
            "count": 0,
            "name": "Người dùng facebook"
        },
        {
            "id": "100073798774137",
            "count": 0,
            "name": "Người dùng facebook"
        },
        {
            "id": "100073947911390",
            "count": 0,
            "name": "Người dùng facebook"
        },
        {
            "id": "100074012658304",
            "count": 0,
            "name": "Người dùng facebook"
        },
        {
            "id": "100074029698648",
            "count": 0,
            "name": "Người dùng facebook"
        },
        {
            "id": "100074092800054",
            "count": 0,
            "name": "Người dùng facebook"
        },
        {
            "id": "100074335231881",
            "count": 0,
            "name": "Người dùng facebook"
        },
        {
            "id": "100074366615496",
            "count": 0,
            "name": "Người dùng facebook"
        },
        {
            "id": "100074376962763",
            "count": 0,
            "name": "Người dùng facebook"
        },
        {
            "id": "100074449815758",
            "count": 0,
            "name": "Người dùng facebook"
        },
        {
            "id": "100074998010779",
            "count": 0,
            "name": "Người dùng facebook"
        },
        {
            "id": "100075032027394",
            "count": 0,
            "name": "Người dùng facebook"
        },
        {
            "id": "100075086000284",
            "count": 0,
            "name": "Người dùng facebook"
        },
        {
            "id": "100075171700239",
            "count": 0,
            "name": "Người dùng facebook"
        },
        {
            "id": "100075357513961",
            "count": 0,
            "name": "Người dùng facebook"
        },
        {
            "id": "100075361662110",
            "count": 0,
            "name": "Người dùng facebook"
        },
        {
            "id": "100075516378760",
            "count": 0,
            "name": "Người dùng facebook"
        },
        {
            "id": "100075731781991",
            "count": 0,
            "name": "Người dùng facebook"
        },
        {
            "id": "100075836597182",
            "count": 0,
            "name": "Người dùng facebook"
        },
        {
            "id": "100075957766344",
            "count": 0,
            "name": "Người dùng facebook"
        },
        {
            "id": "100076069416578",
            "count": 0,
            "name": "Người dùng facebook"
        },
        {
            "id": "100076259203624",
            "count": 0,
            "name": "Người dùng facebook"
        },
        {
            "id": "100077368610894",
            "count": 0,
            "name": "Người dùng facebook"
        },
        {
            "id": "100077665175128",
            "count": 0,
            "name": "Người dùng facebook"
        },
        {
            "id": "100077937583084",
            "count": 0,
            "name": "Người dùng facebook"
        },
        {
            "id": "100078033225076",
            "count": 0,
            "name": "Người dùng facebook"
        },
        {
            "id": "100078162926680",
            "count": 0,
            "name": "Người dùng facebook"
        },
        {
            "id": "100078367181913",
            "count": 0,
            "name": "Người dùng facebook"
        },
        {
            "id": "100078603802108",
            "count": 0,
            "name": "Người dùng facebook"
        },
        {
            "id": "100078653337494",
            "count": 0,
            "name": "Người dùng facebook"
        },
        {
            "id": "100079094710424",
            "count": 0,
            "name": "Người dùng facebook"
        },
        {
            "id": "100079110394119",
            "count": 0,
            "name": "Người dùng facebook"
        },
        {
            "id": "100079138713011",
            "count": 0,
            "name": "Người dùng facebook"
        },
        {
            "id": "100079151132006",
            "count": 0,
            "name": "Người dùng facebook"
        },
        {
            "id": "100079178083725",
            "count": 0,
            "name": "Người dùng facebook"
        },
        {
            "id": "100079203895063",
            "count": 0,
            "name": "Người dùng facebook"
        },
        {
            "id": "100079523904216",
            "count": 0,
            "name": "Người dùng facebook"
        },
        {
            "id": "100079599662425",
            "count": 0,
            "name": "Người dùng facebook"
        },
        {
            "id": "100079756361202",
            "count": 0,
            "name": "Người dùng facebook"
        },
        {
            "id": "100079768208947",
            "count": 0,
            "name": "Người dùng facebook"
        },
        {
            "id": "100079849943377",
            "count": 0,
            "name": "Người dùng facebook"
        },
        {
            "id": "100080006347087",
            "count": 0,
            "name": "Người dùng facebook"
        },
        {
            "id": "100080099684409",
            "count": 0,
            "name": "Người dùng facebook"
        },
        {
            "id": "100080100444157",
            "count": 0,
            "name": "Người dùng facebook"
        },
        {
            "id": "100080219526166",
            "count": 0,
            "name": "Người dùng facebook"
        },
        {
            "id": "100080646703090",
            "count": 0,
            "name": "Người dùng facebook"
        },
        {
            "id": "100080739772349",
            "count": 0,
            "name": "Người dùng facebook"
        },
        {
            "id": "100080973293294",
            "count": 0,
            "name": "Người dùng facebook"
        },
        {
            "id": "100081033085315",
            "count": 0,
            "name": "Người dùng facebook"
        },
        {
            "id": "100081225715723",
            "count": 0,
            "name": "Người dùng facebook"
        },
        {
            "id": "100081818336926",
            "count": 0,
            "name": "Người dùng facebook"
        },
        {
            "id": "100082105915663",
            "count": 0,
            "name": "Người dùng facebook"
        },
        {
            "id": "100082149487939",
            "count": 0,
            "name": "Người dùng facebook"
        },
        {
            "id": "100082577468634",
            "count": 0,
            "name": "Người dùng facebook"
        },
        {
            "id": "100082617671564",
            "count": 0,
            "name": "Người dùng facebook"
        },
        {
            "id": "100082720905997",
            "count": 0,
            "name": "Người dùng facebook"
        },
        {
            "id": "100082726542387",
            "count": 0,
            "name": "Người dùng facebook"
        },
        {
            "id": "100082884073339",
            "count": 0,
            "name": "Người dùng facebook"
        },
        {
            "id": "100082903920878",
            "count": 0,
            "name": "Người dùng facebook"
        },
        {
            "id": "100082909483148",
            "count": 0,
            "name": "Người dùng facebook"
        },
        {
            "id": "100082967156431",
            "count": 0,
            "name": "Người dùng facebook"
        },
        {
            "id": "100083097519952",
            "count": 0,
            "name": "Người dùng facebook"
        }
    ],
    "day": [
        {
            "id": "100001671253128",
            "count": 0,
            "name": "Người dùng facebook"
        },
        {
            "id": "100021660043848",
            "count": 0,
            "name": "Người dùng facebook"
        },
        {
            "id": "100023250277879",
            "count": 0,
            "name": "Người dùng facebook"
        },
        {
            "id": "100023794012725",
            "count": 0,
            "name": "Người dùng facebook"
        },
        {
            "id": "100024459962759",
            "count": 0,
            "name": "Người dùng facebook"
        },
        {
            "id": "100025827277468",
            "count": 0,
            "name": "Người dùng facebook"
        },
        {
            "id": "100028050514871",
            "count": 0,
            "name": "Người dùng facebook"
        },
        {
            "id": "100032950420144",
            "count": 0,
            "name": "Người dùng facebook"
        },
        {
            "id": "100034752158610",
            "count": 0,
            "name": "Người dùng facebook"
        },
        {
            "id": "100037891331404",
            "count": 0,
            "name": "Người dùng facebook"
        },
        {
            "id": "100038481848641",
            "count": 0,
            "name": "Người dùng facebook"
        },
        {
            "id": "100039049478012",
            "count": 0,
            "name": "Người dùng facebook"
        },
        {
            "id": "100041224269530",
            "count": 0,
            "name": "Người dùng facebook"
        },
        {
            "id": "100042543570745",
            "count": 0,
            "name": "Người dùng facebook"
        },
        {
            "id": "100046087420211",
            "count": 0,
            "name": "Người dùng facebook"
        },
        {
            "id": "100047229078446",
            "count": 0,
            "name": "Người dùng facebook"
        },
        {
            "id": "100049151586221",
            "count": 0,
            "name": "Người dùng facebook"
        },
        {
            "id": "100049563488196",
            "count": 0,
            "name": "Người dùng facebook"
        },
        {
            "id": "100049739466595",
            "count": 0,
            "name": "Người dùng facebook"
        },
        {
            "id": "100049909835007",
            "count": 0,
            "name": "Người dùng facebook"
        },
        {
            "id": "100050167029117",
            "count": 0,
            "name": "Người dùng facebook"
        },
        {
            "id": "100050561169780",
            "count": 0,
            "name": "Người dùng facebook"
        },
        {
            "id": "100050609571758",
            "count": 0,
            "name": "Người dùng facebook"
        },
        {
            "id": "100050611542712",
            "count": 0,
            "name": "Người dùng facebook"
        },
        {
            "id": "100050746869939",
            "count": 0,
            "name": "Người dùng facebook"
        },
        {
            "id": "100053342628057",
            "count": 0,
            "name": "Người dùng facebook"
        },
        {
            "id": "100055194101712",
            "count": 0,
            "name": "Người dùng facebook"
        },
        {
            "id": "100059385465650",
            "count": 0,
            "name": "Người dùng facebook"
        },
        {
            "id": "100060762771755",
            "count": 0,
            "name": "Người dùng facebook"
        },
        {
            "id": "100060830267041",
            "count": 0,
            "name": "Người dùng facebook"
        },
        {
            "id": "100061074339165",
            "count": 0,
            "name": "Người dùng facebook"
        },
        {
            "id": "100061478774418",
            "count": 0,
            "name": "Người dùng facebook"
        },
        {
            "id": "100062945290990",
            "count": 0,
            "name": "Người dùng facebook"
        },
        {
            "id": "100063605913042",
            "count": 0,
            "name": "Người dùng facebook"
        },
        {
            "id": "100063968425673",
            "count": 0,
            "name": "Người dùng facebook"
        },
        {
            "id": "100065062493244",
            "count": 0,
            "name": "Người dùng facebook"
        },
        {
            "id": "100065183230129",
            "count": 0,
            "name": "Người dùng facebook"
        },
        {
            "id": "100067083429948",
            "count": 0,
            "name": "Người dùng facebook"
        },
        {
            "id": "100068285625855",
            "count": 0,
            "name": "Người dùng facebook"
        },
        {
            "id": "100068532063764",
            "count": 0,
            "name": "Người dùng facebook"
        },
        {
            "id": "100068624034338",
            "count": 0,
            "name": "Người dùng facebook"
        },
        {
            "id": "100069923981319",
            "count": 0,
            "name": "Người dùng facebook"
        },
        {
            "id": "100072024413511",
            "count": 0,
            "name": "Người dùng facebook"
        },
        {
            "id": "100072526383909",
            "count": 0,
            "name": "Người dùng facebook"
        },
        {
            "id": "100073238922238",
            "count": 0,
            "name": "Người dùng facebook"
        },
        {
            "id": "100073332321653",
            "count": 0,
            "name": "Người dùng facebook"
        },
        {
            "id": "100073622444859",
            "count": 0,
            "name": "Người dùng facebook"
        },
        {
            "id": "100073709437287",
            "count": 0,
            "name": "Người dùng facebook"
        },
        {
            "id": "100073798774137",
            "count": 0,
            "name": "Người dùng facebook"
        },
        {
            "id": "100073947911390",
            "count": 0,
            "name": "Người dùng facebook"
        },
        {
            "id": "100074012658304",
            "count": 0,
            "name": "Người dùng facebook"
        },
        {
            "id": "100074029698648",
            "count": 0,
            "name": "Người dùng facebook"
        },
        {
            "id": "100074092800054",
            "count": 0,
            "name": "Người dùng facebook"
        },
        {
            "id": "100074335231881",
            "count": 0,
            "name": "Người dùng facebook"
        },
        {
            "id": "100074366615496",
            "count": 0,
            "name": "Người dùng facebook"
        },
        {
            "id": "100074376962763",
            "count": 0,
            "name": "Người dùng facebook"
        },
        {
            "id": "100074449815758",
            "count": 0,
            "name": "Người dùng facebook"
        },
        {
            "id": "100074998010779",
            "count": 0,
            "name": "Người dùng facebook"
        },
        {
            "id": "100075032027394",
            "count": 0,
            "name": "Người dùng facebook"
        },
        {
            "id": "100075086000284",
            "count": 0,
            "name": "Người dùng facebook"
        },
        {
            "id": "100075171700239",
            "count": 0,
            "name": "Người dùng facebook"
        },
        {
            "id": "100075357513961",
            "count": 0,
            "name": "Người dùng facebook"
        },
        {
            "id": "100075361662110",
            "count": 0,
            "name": "Người dùng facebook"
        },
        {
            "id": "100075516378760",
            "count": 0,
            "name": "Người dùng facebook"
        },
        {
            "id": "100075731781991",
            "count": 0,
            "name": "Người dùng facebook"
        },
        {
            "id": "100075836597182",
            "count": 0,
            "name": "Người dùng facebook"
        },
        {
            "id": "100075957766344",
            "count": 0,
            "name": "Người dùng facebook"
        },
        {
            "id": "100076069416578",
            "count": 0,
            "name": "Người dùng facebook"
        },
        {
            "id": "100076259203624",
            "count": 0,
            "name": "Người dùng facebook"
        },
        {
            "id": "100077368610894",
            "count": 0,
            "name": "Người dùng facebook"
        },
        {
            "id": "100077665175128",
            "count": 0,
            "name": "Người dùng facebook"
        },
        {
            "id": "100077937583084",
            "count": 0,
            "name": "Người dùng facebook"
        },
        {
            "id": "100078033225076",
            "count": 0,
            "name": "Người dùng facebook"
        },
        {
            "id": "100078162926680",
            "count": 0,
            "name": "Người dùng facebook"
        },
        {
            "id": "100078367181913",
            "count": 0,
            "name": "Người dùng facebook"
        },
        {
            "id": "100078603802108",
            "count": 0,
            "name": "Người dùng facebook"
        },
        {
            "id": "100078653337494",
            "count": 0,
            "name": "Người dùng facebook"
        },
        {
            "id": "100079094710424",
            "count": 0,
            "name": "Người dùng facebook"
        },
        {
            "id": "100079110394119",
            "count": 0,
            "name": "Người dùng facebook"
        },
        {
            "id": "100079138713011",
            "count": 0,
            "name": "Người dùng facebook"
        },
        {
            "id": "100079151132006",
            "count": 0,
            "name": "Người dùng facebook"
        },
        {
            "id": "100079178083725",
            "count": 0,
            "name": "Người dùng facebook"
        },
        {
            "id": "100079203895063",
            "count": 0,
            "name": "Người dùng facebook"
        },
        {
            "id": "100079523904216",
            "count": 0,
            "name": "Người dùng facebook"
        },
        {
            "id": "100079599662425",
            "count": 0,
            "name": "Người dùng facebook"
        },
        {
            "id": "100079756361202",
            "count": 0,
            "name": "Người dùng facebook"
        },
        {
            "id": "100079768208947",
            "count": 0,
            "name": "Người dùng facebook"
        },
        {
            "id": "100079849943377",
            "count": 0,
            "name": "Người dùng facebook"
        },
        {
            "id": "100080006347087",
            "count": 0,
            "name": "Người dùng facebook"
        },
        {
            "id": "100080099684409",
            "count": 0,
            "name": "Người dùng facebook"
        },
        {
            "id": "100080100444157",
            "count": 0,
            "name": "Người dùng facebook"
        },
        {
            "id": "100080219526166",
            "count": 0,
            "name": "Người dùng facebook"
        },
        {
            "id": "100080646703090",
            "count": 0,
            "name": "Người dùng facebook"
        },
        {
            "id": "100080739772349",
            "count": 0,
            "name": "Người dùng facebook"
        },
        {
            "id": "100080973293294",
            "count": 0,
            "name": "Người dùng facebook"
        },
        {
            "id": "100081033085315",
            "count": 0,
            "name": "Người dùng facebook"
        },
        {
            "id": "100081225715723",
            "count": 0,
            "name": "Người dùng facebook"
        },
        {
            "id": "100081818336926",
            "count": 0,
            "name": "Người dùng facebook"
        },
        {
            "id": "100082105915663",
            "count": 0,
            "name": "Người dùng facebook"
        },
        {
            "id": "100082149487939",
            "count": 0,
            "name": "Người dùng facebook"
        },
        {
            "id": "100082577468634",
            "count": 0,
            "name": "Người dùng facebook"
        },
        {
            "id": "100082617671564",
            "count": 0,
            "name": "Người dùng facebook"
        },
        {
            "id": "100082720905997",
            "count": 0,
            "name": "Người dùng facebook"
        },
        {
            "id": "100082726542387",
            "count": 0,
            "name": "Người dùng facebook"
        },
        {
            "id": "100082884073339",
            "count": 0,
            "name": "Người dùng facebook"
        },
        {
            "id": "100082903920878",
            "count": 0,
            "name": "Người dùng facebook"
        },
        {
            "id": "100082909483148",
            "count": 0,
            "name": "Người dùng facebook"
        },
        {
            "id": "100082967156431",
            "count": 0,
            "name": "Người dùng facebook"
        },
        {
            "id": "100083097519952",
            "count": 0,
            "name": "Người dùng facebook"
        }
    ],
    "time": 6
}