{
    "total": [
        {
            "id": "100016842787160",
            "count": 0
        },
        {
            "id": "100022875185905",
            "count": 0
        },
        {
            "id": "100030501466671",
            "count": 0
        },
        {
            "id": "100037686279022",
            "count": 0
        },
        {
            "id": "100044267348082",
            "count": 0
        },
        {
            "id": "100045484424267",
            "count": 0
        },
        {
            "id": "100051759919207",
            "count": 2
        },
        {
            "id": "100053836875121",
            "count": 0
        },
        {
            "id": "100054168670758",
            "count": 0
        },
        {
            "id": "100054460359106",
            "count": 28
        },
        {
            "id": "100054826711492",
            "count": 0
        },
        {
            "id": "100054969641580",
            "count": 0
        },
        {
            "id": "100055715154407",
            "count": 41
        },
        {
            "id": "100057113312836",
            "count": 0
        },
        {
            "id": "100058651681353",
            "count": 0
        },
        {
            "id": "100062336232021",
            "count": 0
        },
        {
            "id": "100063499820999",
            "count": 0
        },
        {
            "id": "100063517817837",
            "count": 0
        },
        {
            "id": "100063667680220",
            "count": 0
        },
        {
            "id": "100063798638437",
            "count": 0
        },
        {
            "id": "100064680618770",
            "count": 1
        },
        {
            "id": "100066154341087",
            "count": 2
        },
        {
            "id": "100066480116356",
            "count": 2
        },
        {
            "id": "100067563649699",
            "count": 0
        },
        {
            "id": "100068158830908",
            "count": 0
        },
        {
            "id": "100069362433994",
            "count": 0
        },
        {
            "id": "100069409495131",
            "count": 10
        },
        {
            "id": "100069546236306",
            "count": 24
        },
        {
            "id": "100069550098502",
            "count": 0
        },
        {
            "id": "100070237166977",
            "count": 0
        },
        {
            "id": "100070659844698",
            "count": 0
        },
        {
            "id": "100070769455724",
            "count": 0
        },
        {
            "id": "100070830977524",
            "count": 1
        },
        {
            "id": "100071622474427",
            "count": 0
        },
        {
            "id": "100072224155400",
            "count": 0
        },
        {
            "id": "100072364639805",
            "count": 0
        },
        {
            "id": "100072386859263",
            "count": 29
        },
        {
            "id": "100072563803348",
            "count": 0
        },
        {
            "id": "100072877119141",
            "count": 23
        },
        {
            "id": "100072973542508",
            "count": 0
        },
        {
            "id": "100073064807619",
            "count": 0
        },
        {
            "id": "100073193817169",
            "count": 0
        },
        {
            "id": "100073433832223",
            "count": 0
        },
        {
            "id": "100073583512065",
            "count": 0
        },
        {
            "id": "100073631093853",
            "count": 0
        },
        {
            "id": "100073648352734",
            "count": 0
        },
        {
            "id": "100073753846020",
            "count": 0
        },
        {
            "id": "100073754317715",
            "count": 0
        },
        {
            "id": "100074210786745",
            "count": 0
        },
        {
            "id": "100074556229243",
            "count": 3
        },
        {
            "id": "100074590935659",
            "count": 22
        },
        {
            "id": "100074735111456",
            "count": 0
        },
        {
            "id": "100074737872068",
            "count": 0
        },
        {
            "id": "100074759019090",
            "count": 0
        },
        {
            "id": "100074797743967",
            "count": 0
        },
        {
            "id": "100075037102158",
            "count": 47
        },
        {
            "id": "100075095016440",
            "count": 0
        },
        {
            "id": "100075139390187",
            "count": 0
        },
        {
            "id": "100075147336598",
            "count": 11
        },
        {
            "id": "100075251805441",
            "count": 0
        },
        {
            "id": "100075335282715",
            "count": 0
        },
        {
            "id": "100075341350087",
            "count": 0
        },
        {
            "id": "100075386825593",
            "count": 0
        },
        {
            "id": "100075405654135",
            "count": 0
        },
        {
            "id": "100075406202862",
            "count": 0
        },
        {
            "id": "100075451988855",
            "count": 5
        },
        {
            "id": "100075487843128",
            "count": 9
        },
        {
            "id": "100075790030953",
            "count": 0
        },
        {
            "id": "100075891546955",
            "count": 0
        },
        {
            "id": "100075970712150",
            "count": 16
        },
        {
            "id": "100075998343999",
            "count": 0
        },
        {
            "id": "100076239357860",
            "count": 0
        },
        {
            "id": "100076241808798",
            "count": 0
        },
        {
            "id": "100076464837213",
            "count": 0
        },
        {
            "id": "100076939427012",
            "count": 0
        },
        {
            "id": "100077349876502",
            "count": 0
        },
        {
            "id": "100078118480762",
            "count": 0
        },
        {
            "id": "100085698487900",
            "count": 190
        }
    ],
    "week": [
        {
            "id": "100016842787160",
            "count": 0,
            "name": "Người dùng facebook"
        },
        {
            "id": "100022875185905",
            "count": 0,
            "name": "Người dùng facebook"
        },
        {
            "id": "100030501466671",
            "count": 0,
            "name": "Người dùng facebook"
        },
        {
            "id": "100037686279022",
            "count": 0,
            "name": "Người dùng facebook"
        },
        {
            "id": "100044267348082",
            "count": 0,
            "name": "Người dùng facebook"
        },
        {
            "id": "100045484424267",
            "count": 0,
            "name": "Người dùng facebook"
        },
        {
            "id": "100051759919207",
            "count": 0,
            "name": "Người dùng facebook"
        },
        {
            "id": "100053836875121",
            "count": 0,
            "name": "Người dùng facebook"
        },
        {
            "id": "100054168670758",
            "count": 0,
            "name": "Người dùng facebook"
        },
        {
            "id": "100054460359106",
            "count": 0,
            "name": "Người dùng facebook"
        },
        {
            "id": "100054826711492",
            "count": 0,
            "name": "Người dùng facebook"
        },
        {
            "id": "100054969641580",
            "count": 0,
            "name": "Người dùng facebook"
        },
        {
            "id": "100055715154407",
            "count": 0,
            "name": "Người dùng facebook"
        },
        {
            "id": "100057113312836",
            "count": 0,
            "name": "Người dùng facebook"
        },
        {
            "id": "100058651681353",
            "count": 0,
            "name": "Người dùng facebook"
        },
        {
            "id": "100062336232021",
            "count": 0,
            "name": "Người dùng facebook"
        },
        {
            "id": "100063499820999",
            "count": 0,
            "name": "Người dùng facebook"
        },
        {
            "id": "100063517817837",
            "count": 0,
            "name": "Người dùng facebook"
        },
        {
            "id": "100063667680220",
            "count": 0,
            "name": "Người dùng facebook"
        },
        {
            "id": "100063798638437",
            "count": 0,
            "name": "Người dùng facebook"
        },
        {
            "id": "100064680618770",
            "count": 0,
            "name": "Người dùng facebook"
        },
        {
            "id": "100066154341087",
            "count": 0,
            "name": "Người dùng facebook"
        },
        {
            "id": "100066480116356",
            "count": 0,
            "name": "Người dùng facebook"
        },
        {
            "id": "100067563649699",
            "count": 0,
            "name": "Người dùng facebook"
        },
        {
            "id": "100068158830908",
            "count": 0,
            "name": "Người dùng facebook"
        },
        {
            "id": "100069362433994",
            "count": 0,
            "name": "Người dùng facebook"
        },
        {
            "id": "100069409495131",
            "count": 0,
            "name": "Người dùng facebook"
        },
        {
            "id": "100069546236306",
            "count": 0,
            "name": "Người dùng facebook"
        },
        {
            "id": "100069550098502",
            "count": 0,
            "name": "Người dùng facebook"
        },
        {
            "id": "100070237166977",
            "count": 0,
            "name": "Người dùng facebook"
        },
        {
            "id": "100070659844698",
            "count": 0,
            "name": "Người dùng facebook"
        },
        {
            "id": "100070769455724",
            "count": 0,
            "name": "Người dùng facebook"
        },
        {
            "id": "100070830977524",
            "count": 0,
            "name": "Người dùng facebook"
        },
        {
            "id": "100071622474427",
            "count": 0,
            "name": "Người dùng facebook"
        },
        {
            "id": "100072224155400",
            "count": 0,
            "name": "Người dùng facebook"
        },
        {
            "id": "100072364639805",
            "count": 0,
            "name": "Người dùng facebook"
        },
        {
            "id": "100072386859263",
            "count": 0,
            "name": "Người dùng facebook"
        },
        {
            "id": "100072563803348",
            "count": 0,
            "name": "Người dùng facebook"
        },
        {
            "id": "100072877119141",
            "count": 0,
            "name": "Người dùng facebook"
        },
        {
            "id": "100072973542508",
            "count": 0,
            "name": "Người dùng facebook"
        },
        {
            "id": "100073064807619",
            "count": 0,
            "name": "Người dùng facebook"
        },
        {
            "id": "100073193817169",
            "count": 0,
            "name": "Người dùng facebook"
        },
        {
            "id": "100073433832223",
            "count": 0,
            "name": "Người dùng facebook"
        },
        {
            "id": "100073583512065",
            "count": 0,
            "name": "Người dùng facebook"
        },
        {
            "id": "100073631093853",
            "count": 0,
            "name": "Người dùng facebook"
        },
        {
            "id": "100073648352734",
            "count": 0,
            "name": "Người dùng facebook"
        },
        {
            "id": "100073753846020",
            "count": 0,
            "name": "Người dùng facebook"
        },
        {
            "id": "100073754317715",
            "count": 0,
            "name": "Người dùng facebook"
        },
        {
            "id": "100074210786745",
            "count": 0,
            "name": "Người dùng facebook"
        },
        {
            "id": "100074556229243",
            "count": 0,
            "name": "Người dùng facebook"
        },
        {
            "id": "100074590935659",
            "count": 0,
            "name": "Người dùng facebook"
        },
        {
            "id": "100074735111456",
            "count": 0,
            "name": "Người dùng facebook"
        },
        {
            "id": "100074737872068",
            "count": 0,
            "name": "Người dùng facebook"
        },
        {
            "id": "100074759019090",
            "count": 0,
            "name": "Người dùng facebook"
        },
        {
            "id": "100074797743967",
            "count": 0,
            "name": "Người dùng facebook"
        },
        {
            "id": "100075037102158",
            "count": 0,
            "name": "Người dùng facebook"
        },
        {
            "id": "100075095016440",
            "count": 0,
            "name": "Người dùng facebook"
        },
        {
            "id": "100075139390187",
            "count": 0,
            "name": "Người dùng facebook"
        },
        {
            "id": "100075147336598",
            "count": 0,
            "name": "Người dùng facebook"
        },
        {
            "id": "100075251805441",
            "count": 0,
            "name": "Người dùng facebook"
        },
        {
            "id": "100075335282715",
            "count": 0,
            "name": "Người dùng facebook"
        },
        {
            "id": "100075341350087",
            "count": 0,
            "name": "Người dùng facebook"
        },
        {
            "id": "100075386825593",
            "count": 0,
            "name": "Người dùng facebook"
        },
        {
            "id": "100075405654135",
            "count": 0,
            "name": "Người dùng facebook"
        },
        {
            "id": "100075406202862",
            "count": 0,
            "name": "Người dùng facebook"
        },
        {
            "id": "100075451988855",
            "count": 0,
            "name": "Người dùng facebook"
        },
        {
            "id": "100075487843128",
            "count": 0,
            "name": "Người dùng facebook"
        },
        {
            "id": "100075790030953",
            "count": 0,
            "name": "Người dùng facebook"
        },
        {
            "id": "100075891546955",
            "count": 0,
            "name": "Người dùng facebook"
        },
        {
            "id": "100075970712150",
            "count": 0,
            "name": "Người dùng facebook"
        },
        {
            "id": "100075998343999",
            "count": 0,
            "name": "Người dùng facebook"
        },
        {
            "id": "100076239357860",
            "count": 0,
            "name": "Người dùng facebook"
        },
        {
            "id": "100076241808798",
            "count": 0,
            "name": "Người dùng facebook"
        },
        {
            "id": "100076464837213",
            "count": 0,
            "name": "Người dùng facebook"
        },
        {
            "id": "100076939427012",
            "count": 0,
            "name": "Người dùng facebook"
        },
        {
            "id": "100077349876502",
            "count": 0,
            "name": "Người dùng facebook"
        },
        {
            "id": "100078118480762",
            "count": 0,
            "name": "Người dùng facebook"
        },
        {
            "id": "100085698487900",
            "count": 0,
            "name": "Người dùng facebook"
        }
    ],
    "day": [
        {
            "id": "100016842787160",
            "count": 0,
            "name": "Người dùng facebook"
        },
        {
            "id": "100022875185905",
            "count": 0,
            "name": "Người dùng facebook"
        },
        {
            "id": "100030501466671",
            "count": 0,
            "name": "Người dùng facebook"
        },
        {
            "id": "100037686279022",
            "count": 0,
            "name": "Người dùng facebook"
        },
        {
            "id": "100044267348082",
            "count": 0,
            "name": "Người dùng facebook"
        },
        {
            "id": "100045484424267",
            "count": 0,
            "name": "Người dùng facebook"
        },
        {
            "id": "100051759919207",
            "count": 0,
            "name": "Người dùng facebook"
        },
        {
            "id": "100053836875121",
            "count": 0,
            "name": "Người dùng facebook"
        },
        {
            "id": "100054168670758",
            "count": 0,
            "name": "Người dùng facebook"
        },
        {
            "id": "100054460359106",
            "count": 0,
            "name": "Người dùng facebook"
        },
        {
            "id": "100054826711492",
            "count": 0,
            "name": "Người dùng facebook"
        },
        {
            "id": "100054969641580",
            "count": 0,
            "name": "Người dùng facebook"
        },
        {
            "id": "100055715154407",
            "count": 0,
            "name": "Người dùng facebook"
        },
        {
            "id": "100057113312836",
            "count": 0,
            "name": "Người dùng facebook"
        },
        {
            "id": "100058651681353",
            "count": 0,
            "name": "Người dùng facebook"
        },
        {
            "id": "100062336232021",
            "count": 0,
            "name": "Người dùng facebook"
        },
        {
            "id": "100063499820999",
            "count": 0,
            "name": "Người dùng facebook"
        },
        {
            "id": "100063517817837",
            "count": 0,
            "name": "Người dùng facebook"
        },
        {
            "id": "100063667680220",
            "count": 0,
            "name": "Người dùng facebook"
        },
        {
            "id": "100063798638437",
            "count": 0,
            "name": "Người dùng facebook"
        },
        {
            "id": "100064680618770",
            "count": 0,
            "name": "Người dùng facebook"
        },
        {
            "id": "100066154341087",
            "count": 0,
            "name": "Người dùng facebook"
        },
        {
            "id": "100066480116356",
            "count": 0,
            "name": "Người dùng facebook"
        },
        {
            "id": "100067563649699",
            "count": 0,
            "name": "Người dùng facebook"
        },
        {
            "id": "100068158830908",
            "count": 0,
            "name": "Người dùng facebook"
        },
        {
            "id": "100069362433994",
            "count": 0,
            "name": "Người dùng facebook"
        },
        {
            "id": "100069409495131",
            "count": 0,
            "name": "Người dùng facebook"
        },
        {
            "id": "100069546236306",
            "count": 0,
            "name": "Người dùng facebook"
        },
        {
            "id": "100069550098502",
            "count": 0,
            "name": "Người dùng facebook"
        },
        {
            "id": "100070237166977",
            "count": 0,
            "name": "Người dùng facebook"
        },
        {
            "id": "100070659844698",
            "count": 0,
            "name": "Người dùng facebook"
        },
        {
            "id": "100070769455724",
            "count": 0,
            "name": "Người dùng facebook"
        },
        {
            "id": "100070830977524",
            "count": 0,
            "name": "Người dùng facebook"
        },
        {
            "id": "100071622474427",
            "count": 0,
            "name": "Người dùng facebook"
        },
        {
            "id": "100072224155400",
            "count": 0,
            "name": "Người dùng facebook"
        },
        {
            "id": "100072364639805",
            "count": 0,
            "name": "Người dùng facebook"
        },
        {
            "id": "100072386859263",
            "count": 0,
            "name": "Người dùng facebook"
        },
        {
            "id": "100072563803348",
            "count": 0,
            "name": "Người dùng facebook"
        },
        {
            "id": "100072877119141",
            "count": 0,
            "name": "Người dùng facebook"
        },
        {
            "id": "100072973542508",
            "count": 0,
            "name": "Người dùng facebook"
        },
        {
            "id": "100073064807619",
            "count": 0,
            "name": "Người dùng facebook"
        },
        {
            "id": "100073193817169",
            "count": 0,
            "name": "Người dùng facebook"
        },
        {
            "id": "100073433832223",
            "count": 0,
            "name": "Người dùng facebook"
        },
        {
            "id": "100073583512065",
            "count": 0,
            "name": "Người dùng facebook"
        },
        {
            "id": "100073631093853",
            "count": 0,
            "name": "Người dùng facebook"
        },
        {
            "id": "100073648352734",
            "count": 0,
            "name": "Người dùng facebook"
        },
        {
            "id": "100073753846020",
            "count": 0,
            "name": "Người dùng facebook"
        },
        {
            "id": "100073754317715",
            "count": 0,
            "name": "Người dùng facebook"
        },
        {
            "id": "100074210786745",
            "count": 0,
            "name": "Người dùng facebook"
        },
        {
            "id": "100074556229243",
            "count": 0,
            "name": "Người dùng facebook"
        },
        {
            "id": "100074590935659",
            "count": 0,
            "name": "Người dùng facebook"
        },
        {
            "id": "100074735111456",
            "count": 0,
            "name": "Người dùng facebook"
        },
        {
            "id": "100074737872068",
            "count": 0,
            "name": "Người dùng facebook"
        },
        {
            "id": "100074759019090",
            "count": 0,
            "name": "Người dùng facebook"
        },
        {
            "id": "100074797743967",
            "count": 0,
            "name": "Người dùng facebook"
        },
        {
            "id": "100075037102158",
            "count": 0,
            "name": "Người dùng facebook"
        },
        {
            "id": "100075095016440",
            "count": 0,
            "name": "Người dùng facebook"
        },
        {
            "id": "100075139390187",
            "count": 0,
            "name": "Người dùng facebook"
        },
        {
            "id": "100075147336598",
            "count": 0,
            "name": "Người dùng facebook"
        },
        {
            "id": "100075251805441",
            "count": 0,
            "name": "Người dùng facebook"
        },
        {
            "id": "100075335282715",
            "count": 0,
            "name": "Người dùng facebook"
        },
        {
            "id": "100075341350087",
            "count": 0,
            "name": "Người dùng facebook"
        },
        {
            "id": "100075386825593",
            "count": 0,
            "name": "Người dùng facebook"
        },
        {
            "id": "100075405654135",
            "count": 0,
            "name": "Người dùng facebook"
        },
        {
            "id": "100075406202862",
            "count": 0,
            "name": "Người dùng facebook"
        },
        {
            "id": "100075451988855",
            "count": 0,
            "name": "Người dùng facebook"
        },
        {
            "id": "100075487843128",
            "count": 0,
            "name": "Người dùng facebook"
        },
        {
            "id": "100075790030953",
            "count": 0,
            "name": "Người dùng facebook"
        },
        {
            "id": "100075891546955",
            "count": 0,
            "name": "Người dùng facebook"
        },
        {
            "id": "100075970712150",
            "count": 0,
            "name": "Người dùng facebook"
        },
        {
            "id": "100075998343999",
            "count": 0,
            "name": "Người dùng facebook"
        },
        {
            "id": "100076239357860",
            "count": 0,
            "name": "Người dùng facebook"
        },
        {
            "id": "100076241808798",
            "count": 0,
            "name": "Người dùng facebook"
        },
        {
            "id": "100076464837213",
            "count": 0,
            "name": "Người dùng facebook"
        },
        {
            "id": "100076939427012",
            "count": 0,
            "name": "Người dùng facebook"
        },
        {
            "id": "100077349876502",
            "count": 0,
            "name": "Người dùng facebook"
        },
        {
            "id": "100078118480762",
            "count": 0,
            "name": "Người dùng facebook"
        },
        {
            "id": "100085698487900",
            "count": 0,
            "name": "Người dùng facebook"
        }
    ],
    "time": 6
}