{
    "total": [
        {
            "id": "100023250277879",
            "count": 24
        },
        {
            "id": "100013942628281",
            "count": 15
        },
        {
            "id": "100022993186903",
            "count": 14
        },
        {
            "id": "100039819378122",
            "count": 12
        },
        {
            "id": "100039542136410",
            "count": 8
        },
        {
            "id": "100062865215449",
            "count": 55
        },
        {
            "id": "100078370464921",
            "count": 18
        },
        {
            "id": "100074430368026",
            "count": 2
        },
        {
            "id": "100028548344383",
            "count": 1
        },
        {
            "id": "100077219902226",
            "count": 50
        },
        {
            "id": "100056551239752",
            "count": 5
        },
        {
            "id": "100049767361915",
            "count": 84
        },
        {
            "id": "100074581405498",
            "count": 133
        },
        {
            "id": "100065095141252",
            "count": 1
        },
        {
            "id": "100051412660645",
            "count": 5
        },
        {
            "id": "100078579821108",
            "count": 2
        },
        {
            "id": "100056312591212",
            "count": 34
        },
        {
            "id": "100076280575365",
            "count": 10
        },
        {
            "id": "100073027522281",
            "count": 7
        },
        {
            "id": "100075419596110",
            "count": 35
        },
        {
            "id": "100020247384564",
            "count": 1
        },
        {
            "id": "100053700382344",
            "count": 2
        },
        {
            "id": "100054979787498",
            "count": 1
        },
        {
            "id": "100051600756715",
            "count": 2
        },
        {
            "id": "100067392106411",
            "count": 1
        },
        {
            "id": "100067041385439",
            "count": 4
        },
        {
            "id": "100054959831434",
            "count": 47
        },
        {
            "id": "100080423293601",
            "count": 2
        },
        {
            "id": "100057210444665",
            "count": 6
        },
        {
            "id": "100054562740378",
            "count": 4
        },
        {
            "id": "100046656641547",
            "count": 5
        },
        {
            "id": "100071185916199",
            "count": 1
        },
        {
            "id": "100059888267462",
            "count": 2
        },
        {
            "id": "100073122767662",
            "count": 2
        },
        {
            "id": "100070460622441",
            "count": 1
        }
    ],
    "week": [
        {
            "id": "100023250277879",
            "count": 0,
            "name": "Người dùng facebook"
        },
        {
            "id": "100013942628281",
            "count": 0,
            "name": "Người dùng facebook"
        },
        {
            "id": "100022993186903",
            "count": 0,
            "name": "Người dùng facebook"
        },
        {
            "id": "100039819378122",
            "count": 0,
            "name": "Người dùng facebook"
        },
        {
            "id": "100039542136410",
            "count": 0,
            "name": "Người dùng facebook"
        },
        {
            "id": "100062865215449",
            "count": 0,
            "name": "Người dùng facebook"
        },
        {
            "id": "100078370464921",
            "count": 0,
            "name": "Người dùng facebook"
        },
        {
            "id": "100074430368026",
            "count": 0,
            "name": "Người dùng facebook"
        },
        {
            "id": "100028548344383",
            "count": 0,
            "name": "Người dùng facebook"
        },
        {
            "id": "100077219902226",
            "count": 0,
            "name": "Người dùng facebook"
        },
        {
            "id": "100056551239752",
            "count": 0,
            "name": "Người dùng facebook"
        },
        {
            "id": "100049767361915",
            "count": 0,
            "name": "Người dùng facebook"
        },
        {
            "id": "100074581405498",
            "count": 0,
            "name": "Người dùng facebook"
        },
        {
            "id": "100065095141252",
            "count": 0,
            "name": "Người dùng facebook"
        },
        {
            "id": "100051412660645",
            "count": 0,
            "name": "Người dùng facebook"
        },
        {
            "id": "100078579821108",
            "count": 0,
            "name": "Người dùng facebook"
        },
        {
            "id": "100056312591212",
            "count": 0,
            "name": "Người dùng facebook"
        },
        {
            "id": "100076280575365",
            "count": 0,
            "name": "Người dùng facebook"
        },
        {
            "id": "100073027522281",
            "count": 0,
            "name": "Người dùng facebook"
        },
        {
            "id": "100075419596110",
            "count": 0,
            "name": "Người dùng facebook"
        },
        {
            "id": "100020247384564",
            "count": 0,
            "name": "Người dùng facebook"
        },
        {
            "id": "100053700382344",
            "count": 0,
            "name": "Người dùng facebook"
        },
        {
            "id": "100054979787498",
            "count": 0,
            "name": "Người dùng facebook"
        },
        {
            "id": "100051600756715",
            "count": 0,
            "name": "Người dùng facebook"
        },
        {
            "id": "100067392106411",
            "count": 0,
            "name": "Người dùng facebook"
        },
        {
            "id": "100067041385439",
            "count": 0,
            "name": "Người dùng facebook"
        },
        {
            "id": "100054959831434",
            "count": 0,
            "name": "Người dùng facebook"
        },
        {
            "id": "100080423293601",
            "count": 0,
            "name": "Người dùng facebook"
        },
        {
            "id": "100057210444665",
            "count": 0,
            "name": "Người dùng facebook"
        },
        {
            "id": "100054562740378",
            "count": 0,
            "name": "Người dùng facebook"
        },
        {
            "id": "100046656641547",
            "count": 0,
            "name": "Người dùng facebook"
        },
        {
            "id": "100071185916199",
            "count": 0,
            "name": "Người dùng facebook"
        },
        {
            "id": "100059888267462",
            "count": 0,
            "name": "Người dùng facebook"
        },
        {
            "id": "100073122767662",
            "count": 0,
            "name": "Người dùng facebook"
        },
        {
            "id": "100070460622441",
            "count": 0,
            "name": "Người dùng facebook"
        }
    ],
    "day": [
        {
            "id": "100023250277879",
            "count": 0,
            "name": "Người dùng facebook"
        },
        {
            "id": "100013942628281",
            "count": 0,
            "name": "Người dùng facebook"
        },
        {
            "id": "100022993186903",
            "count": 0,
            "name": "Người dùng facebook"
        },
        {
            "id": "100039819378122",
            "count": 0,
            "name": "Người dùng facebook"
        },
        {
            "id": "100039542136410",
            "count": 0,
            "name": "Người dùng facebook"
        },
        {
            "id": "100062865215449",
            "count": 0,
            "name": "Người dùng facebook"
        },
        {
            "id": "100078370464921",
            "count": 0,
            "name": "Người dùng facebook"
        },
        {
            "id": "100074430368026",
            "count": 0,
            "name": "Người dùng facebook"
        },
        {
            "id": "100028548344383",
            "count": 0,
            "name": "Người dùng facebook"
        },
        {
            "id": "100077219902226",
            "count": 0,
            "name": "Người dùng facebook"
        },
        {
            "id": "100056551239752",
            "count": 0,
            "name": "Người dùng facebook"
        },
        {
            "id": "100049767361915",
            "count": 0,
            "name": "Người dùng facebook"
        },
        {
            "id": "100074581405498",
            "count": 0,
            "name": "Người dùng facebook"
        },
        {
            "id": "100065095141252",
            "count": 0,
            "name": "Người dùng facebook"
        },
        {
            "id": "100051412660645",
            "count": 0,
            "name": "Người dùng facebook"
        },
        {
            "id": "100078579821108",
            "count": 0,
            "name": "Người dùng facebook"
        },
        {
            "id": "100056312591212",
            "count": 0,
            "name": "Người dùng facebook"
        },
        {
            "id": "100076280575365",
            "count": 0,
            "name": "Người dùng facebook"
        },
        {
            "id": "100073027522281",
            "count": 0,
            "name": "Người dùng facebook"
        },
        {
            "id": "100075419596110",
            "count": 0,
            "name": "Người dùng facebook"
        },
        {
            "id": "100020247384564",
            "count": 0,
            "name": "Người dùng facebook"
        },
        {
            "id": "100053700382344",
            "count": 0,
            "name": "Người dùng facebook"
        },
        {
            "id": "100054979787498",
            "count": 0,
            "name": "Người dùng facebook"
        },
        {
            "id": "100051600756715",
            "count": 0,
            "name": "Người dùng facebook"
        },
        {
            "id": "100067392106411",
            "count": 0,
            "name": "Người dùng facebook"
        },
        {
            "id": "100067041385439",
            "count": 0,
            "name": "Người dùng facebook"
        },
        {
            "id": "100054959831434",
            "count": 0,
            "name": "Người dùng facebook"
        },
        {
            "id": "100080423293601",
            "count": 0,
            "name": "Người dùng facebook"
        },
        {
            "id": "100057210444665",
            "count": 0,
            "name": "Người dùng facebook"
        },
        {
            "id": "100054562740378",
            "count": 0,
            "name": "Người dùng facebook"
        },
        {
            "id": "100046656641547",
            "count": 0,
            "name": "Người dùng facebook"
        },
        {
            "id": "100071185916199",
            "count": 0,
            "name": "Người dùng facebook"
        },
        {
            "id": "100059888267462",
            "count": 0,
            "name": "Người dùng facebook"
        },
        {
            "id": "100073122767662",
            "count": 0,
            "name": "Người dùng facebook"
        },
        {
            "id": "100070460622441",
            "count": 0,
            "name": "Người dùng facebook"
        }
    ],
    "time": 6
}