{
    "total": [
        {
            "id": "20400900",
            "count": 55
        },
        {
            "id": "558338541",
            "count": 0
        },
        {
            "id": "1551310958",
            "count": 16
        },
        {
            "id": "1700244878",
            "count": 0
        },
        {
            "id": "100000168940665",
            "count": 4
        },
        {
            "id": "100000272507589",
            "count": 51
        },
        {
            "id": "100003127140455",
            "count": 0
        },
        {
            "id": "100004236194656",
            "count": 0
        },
        {
            "id": "100004253741257",
            "count": 76
        },
        {
            "id": "100005463556532",
            "count": 0
        },
        {
            "id": "100005921221831",
            "count": 655
        },
        {
            "id": "100006622276498",
            "count": 315
        },
        {
            "id": "100007534232171",
            "count": 0
        },
        {
            "id": "100007887640086",
            "count": 0
        },
        {
            "id": "100009355185480",
            "count": 0
        },
        {
            "id": "100010457718526",
            "count": 0
        },
        {
            "id": "100010567789005",
            "count": 0
        },
        {
            "id": "100012199992153",
            "count": 0
        },
        {
            "id": "100012733692034",
            "count": 0
        },
        {
            "id": "100012956147184",
            "count": 8
        },
        {
            "id": "100012965707151",
            "count": 0
        },
        {
            "id": "100014950892077",
            "count": 0
        },
        {
            "id": "100015151637257",
            "count": 15
        },
        {
            "id": "100015510305486",
            "count": 0
        },
        {
            "id": "100015647791389",
            "count": 3
        },
        {
            "id": "100018185582351",
            "count": 14
        },
        {
            "id": "100020908143321",
            "count": 10
        },
        {
            "id": "100022938713167",
            "count": 4
        },
        {
            "id": "100025052504299",
            "count": 3
        },
        {
            "id": "100025241267211",
            "count": 0
        },
        {
            "id": "100025536690946",
            "count": 138
        },
        {
            "id": "100026573436926",
            "count": 0
        },
        {
            "id": "100029629635665",
            "count": 24
        },
        {
            "id": "100029787915660",
            "count": 0
        },
        {
            "id": "100030537728795",
            "count": 0
        },
        {
            "id": "100030967444445",
            "count": 2
        },
        {
            "id": "100031353855049",
            "count": 0
        },
        {
            "id": "100032189318161",
            "count": 9
        },
        {
            "id": "100033478361032",
            "count": 3
        },
        {
            "id": "100034097061553",
            "count": 0
        },
        {
            "id": "100034811502390",
            "count": 3
        },
        {
            "id": "100035731083424",
            "count": 0
        },
        {
            "id": "100036947774673",
            "count": 23
        },
        {
            "id": "100037741424837",
            "count": 0
        },
        {
            "id": "100037910915086",
            "count": 0
        },
        {
            "id": "100038359899596",
            "count": 0
        },
        {
            "id": "100038379006171",
            "count": 2
        },
        {
            "id": "100040255552361",
            "count": 6
        },
        {
            "id": "100040984926932",
            "count": 4
        },
        {
            "id": "100041465832703",
            "count": 10
        },
        {
            "id": "100042167596738",
            "count": 16
        },
        {
            "id": "100042415119261",
            "count": 0
        },
        {
            "id": "100042817150429",
            "count": 366
        },
        {
            "id": "100042911320128",
            "count": 0
        },
        {
            "id": "100042922330067",
            "count": 0
        },
        {
            "id": "100044987873858",
            "count": 0
        },
        {
            "id": "100045679356501",
            "count": 3
        },
        {
            "id": "100046745231201",
            "count": 0
        },
        {
            "id": "100047541426767",
            "count": 0
        },
        {
            "id": "100048357344107",
            "count": 0
        },
        {
            "id": "100049162717191",
            "count": 93
        },
        {
            "id": "100049178770863",
            "count": 0
        },
        {
            "id": "100050613577131",
            "count": 0
        },
        {
            "id": "100050644054380",
            "count": 419
        },
        {
            "id": "100051638101791",
            "count": 350
        },
        {
            "id": "100052093413477",
            "count": 0
        },
        {
            "id": "100052165480842",
            "count": 0
        },
        {
            "id": "100053720924792",
            "count": 1
        },
        {
            "id": "100053800224181",
            "count": 0
        },
        {
            "id": "100054004903951",
            "count": 58
        },
        {
            "id": "100056754926046",
            "count": 1
        },
        {
            "id": "100056824850431",
            "count": 138
        },
        {
            "id": "100058262946039",
            "count": 0
        },
        {
            "id": "100060894693968",
            "count": 26
        },
        {
            "id": "100060918233890",
            "count": 0
        },
        {
            "id": "100061160525111",
            "count": 1
        },
        {
            "id": "100064094970279",
            "count": 140
        },
        {
            "id": "100066874932086",
            "count": 0
        },
        {
            "id": "100067800687146",
            "count": 0
        },
        {
            "id": "100068397840792",
            "count": 0
        },
        {
            "id": "100069584261811",
            "count": 0
        },
        {
            "id": "100069770504095",
            "count": 0
        },
        {
            "id": "100070235805773",
            "count": 31
        },
        {
            "id": "100070363950886",
            "count": 0
        },
        {
            "id": "100071132537313",
            "count": 0
        },
        {
            "id": "100074791645367",
            "count": 2
        },
        {
            "id": "100075285826252",
            "count": 13
        },
        {
            "id": "100075401250019",
            "count": 4
        },
        {
            "id": "100075676857572",
            "count": 13
        },
        {
            "id": "100077059530660",
            "count": 55
        },
        {
            "id": "100077328529731",
            "count": 0
        },
        {
            "id": "100077497857700",
            "count": 0
        },
        {
            "id": "100077558111664",
            "count": 0
        },
        {
            "id": "100077919126738",
            "count": 0
        },
        {
            "id": "100078689496316",
            "count": 0
        },
        {
            "id": "100078985587693",
            "count": 0
        },
        {
            "id": "100079022373812",
            "count": 5
        },
        {
            "id": "100079084911544",
            "count": 3
        },
        {
            "id": "100079134881017",
            "count": 0
        },
        {
            "id": "100079647698215",
            "count": 0
        },
        {
            "id": "100081744941745",
            "count": 5
        },
        {
            "id": "100028172778861",
            "count": 209
        },
        {
            "id": "100043671784094",
            "count": 180
        },
        {
            "id": "100023619860498",
            "count": 42
        },
        {
            "id": "100084033956982",
            "count": 56
        },
        {
            "id": "100040705111269",
            "count": 1
        },
        {
            "id": "100073726955412",
            "count": 6
        }
    ],
    "week": [
        {
            "id": "20400900",
            "count": 55
        },
        {
            "id": "558338541",
            "count": 0
        },
        {
            "id": "1551310958",
            "count": 16
        },
        {
            "id": "1700244878",
            "count": 0
        },
        {
            "id": "100000168940665",
            "count": 4
        },
        {
            "id": "100000272507589",
            "count": 51
        },
        {
            "id": "100003127140455",
            "count": 0
        },
        {
            "id": "100004236194656",
            "count": 0
        },
        {
            "id": "100004253741257",
            "count": 76
        },
        {
            "id": "100005463556532",
            "count": 0
        },
        {
            "id": "100005921221831",
            "count": 655
        },
        {
            "id": "100006622276498",
            "count": 315
        },
        {
            "id": "100007534232171",
            "count": 0
        },
        {
            "id": "100007887640086",
            "count": 0
        },
        {
            "id": "100009355185480",
            "count": 0
        },
        {
            "id": "100010457718526",
            "count": 0
        },
        {
            "id": "100010567789005",
            "count": 0
        },
        {
            "id": "100012199992153",
            "count": 0
        },
        {
            "id": "100012733692034",
            "count": 0
        },
        {
            "id": "100012956147184",
            "count": 8
        },
        {
            "id": "100012965707151",
            "count": 0
        },
        {
            "id": "100014950892077",
            "count": 0
        },
        {
            "id": "100015151637257",
            "count": 15
        },
        {
            "id": "100015510305486",
            "count": 0
        },
        {
            "id": "100015647791389",
            "count": 3
        },
        {
            "id": "100018185582351",
            "count": 14
        },
        {
            "id": "100020908143321",
            "count": 10
        },
        {
            "id": "100022938713167",
            "count": 4
        },
        {
            "id": "100025052504299",
            "count": 3
        },
        {
            "id": "100025241267211",
            "count": 0
        },
        {
            "id": "100025536690946",
            "count": 138
        },
        {
            "id": "100026573436926",
            "count": 0
        },
        {
            "id": "100029629635665",
            "count": 24
        },
        {
            "id": "100029787915660",
            "count": 0
        },
        {
            "id": "100030537728795",
            "count": 0
        },
        {
            "id": "100030967444445",
            "count": 2
        },
        {
            "id": "100031353855049",
            "count": 0
        },
        {
            "id": "100032189318161",
            "count": 9
        },
        {
            "id": "100033478361032",
            "count": 3
        },
        {
            "id": "100034097061553",
            "count": 0
        },
        {
            "id": "100034811502390",
            "count": 3
        },
        {
            "id": "100035731083424",
            "count": 0
        },
        {
            "id": "100036947774673",
            "count": 23
        },
        {
            "id": "100037741424837",
            "count": 0
        },
        {
            "id": "100037910915086",
            "count": 0
        },
        {
            "id": "100038359899596",
            "count": 0
        },
        {
            "id": "100038379006171",
            "count": 2
        },
        {
            "id": "100040255552361",
            "count": 6
        },
        {
            "id": "100040984926932",
            "count": 4
        },
        {
            "id": "100041465832703",
            "count": 10
        },
        {
            "id": "100042167596738",
            "count": 16
        },
        {
            "id": "100042415119261",
            "count": 0
        },
        {
            "id": "100042817150429",
            "count": 366
        },
        {
            "id": "100042911320128",
            "count": 0
        },
        {
            "id": "100042922330067",
            "count": 0
        },
        {
            "id": "100044987873858",
            "count": 0
        },
        {
            "id": "100045679356501",
            "count": 3
        },
        {
            "id": "100046745231201",
            "count": 0
        },
        {
            "id": "100047541426767",
            "count": 0
        },
        {
            "id": "100048357344107",
            "count": 0
        },
        {
            "id": "100049162717191",
            "count": 93
        },
        {
            "id": "100049178770863",
            "count": 0
        },
        {
            "id": "100050613577131",
            "count": 0
        },
        {
            "id": "100050644054380",
            "count": 419
        },
        {
            "id": "100051638101791",
            "count": 350
        },
        {
            "id": "100052093413477",
            "count": 0
        },
        {
            "id": "100052165480842",
            "count": 0
        },
        {
            "id": "100053720924792",
            "count": 1
        },
        {
            "id": "100053800224181",
            "count": 0
        },
        {
            "id": "100054004903951",
            "count": 58
        },
        {
            "id": "100056754926046",
            "count": 1
        },
        {
            "id": "100056824850431",
            "count": 138
        },
        {
            "id": "100058262946039",
            "count": 0
        },
        {
            "id": "100060894693968",
            "count": 26
        },
        {
            "id": "100060918233890",
            "count": 0
        },
        {
            "id": "100061160525111",
            "count": 1
        },
        {
            "id": "100064094970279",
            "count": 140
        },
        {
            "id": "100066874932086",
            "count": 0
        },
        {
            "id": "100067800687146",
            "count": 0
        },
        {
            "id": "100068397840792",
            "count": 0
        },
        {
            "id": "100069584261811",
            "count": 0
        },
        {
            "id": "100069770504095",
            "count": 0
        },
        {
            "id": "100070235805773",
            "count": 31
        },
        {
            "id": "100070363950886",
            "count": 0
        },
        {
            "id": "100071132537313",
            "count": 0
        },
        {
            "id": "100074791645367",
            "count": 2
        },
        {
            "id": "100075285826252",
            "count": 13
        },
        {
            "id": "100075401250019",
            "count": 4
        },
        {
            "id": "100075676857572",
            "count": 13
        },
        {
            "id": "100077059530660",
            "count": 55
        },
        {
            "id": "100077328529731",
            "count": 0
        },
        {
            "id": "100077497857700",
            "count": 0
        },
        {
            "id": "100077558111664",
            "count": 0
        },
        {
            "id": "100077919126738",
            "count": 0
        },
        {
            "id": "100078689496316",
            "count": 0
        },
        {
            "id": "100078985587693",
            "count": 0
        },
        {
            "id": "100079022373812",
            "count": 5
        },
        {
            "id": "100079084911544",
            "count": 3
        },
        {
            "id": "100079134881017",
            "count": 0
        },
        {
            "id": "100079647698215",
            "count": 0
        },
        {
            "id": "100081744941745",
            "count": 5
        },
        {
            "id": "100028172778861",
            "count": 209
        },
        {
            "id": "100043671784094",
            "count": 180
        },
        {
            "id": "100023619860498",
            "count": 42
        },
        {
            "id": "100084033956982",
            "count": 56
        },
        {
            "id": "100040705111269",
            "count": 1
        },
        {
            "id": "100073726955412",
            "count": 6
        }
    ],
    "day": [
        {
            "id": "20400900",
            "count": 55
        },
        {
            "id": "558338541",
            "count": 0
        },
        {
            "id": "1551310958",
            "count": 16
        },
        {
            "id": "1700244878",
            "count": 0
        },
        {
            "id": "100000168940665",
            "count": 4
        },
        {
            "id": "100000272507589",
            "count": 51
        },
        {
            "id": "100003127140455",
            "count": 0
        },
        {
            "id": "100004236194656",
            "count": 0
        },
        {
            "id": "100004253741257",
            "count": 76
        },
        {
            "id": "100005463556532",
            "count": 0
        },
        {
            "id": "100005921221831",
            "count": 655
        },
        {
            "id": "100006622276498",
            "count": 315
        },
        {
            "id": "100007534232171",
            "count": 0
        },
        {
            "id": "100007887640086",
            "count": 0
        },
        {
            "id": "100009355185480",
            "count": 0
        },
        {
            "id": "100010457718526",
            "count": 0
        },
        {
            "id": "100010567789005",
            "count": 0
        },
        {
            "id": "100012199992153",
            "count": 0
        },
        {
            "id": "100012733692034",
            "count": 0
        },
        {
            "id": "100012956147184",
            "count": 8
        },
        {
            "id": "100012965707151",
            "count": 0
        },
        {
            "id": "100014950892077",
            "count": 0
        },
        {
            "id": "100015151637257",
            "count": 15
        },
        {
            "id": "100015510305486",
            "count": 0
        },
        {
            "id": "100015647791389",
            "count": 3
        },
        {
            "id": "100018185582351",
            "count": 14
        },
        {
            "id": "100020908143321",
            "count": 10
        },
        {
            "id": "100022938713167",
            "count": 4
        },
        {
            "id": "100025052504299",
            "count": 3
        },
        {
            "id": "100025241267211",
            "count": 0
        },
        {
            "id": "100025536690946",
            "count": 138
        },
        {
            "id": "100026573436926",
            "count": 0
        },
        {
            "id": "100029629635665",
            "count": 24
        },
        {
            "id": "100029787915660",
            "count": 0
        },
        {
            "id": "100030537728795",
            "count": 0
        },
        {
            "id": "100030967444445",
            "count": 2
        },
        {
            "id": "100031353855049",
            "count": 0
        },
        {
            "id": "100032189318161",
            "count": 9
        },
        {
            "id": "100033478361032",
            "count": 3
        },
        {
            "id": "100034097061553",
            "count": 0
        },
        {
            "id": "100034811502390",
            "count": 3
        },
        {
            "id": "100035731083424",
            "count": 0
        },
        {
            "id": "100036947774673",
            "count": 23
        },
        {
            "id": "100037741424837",
            "count": 0
        },
        {
            "id": "100037910915086",
            "count": 0
        },
        {
            "id": "100038359899596",
            "count": 0
        },
        {
            "id": "100038379006171",
            "count": 2
        },
        {
            "id": "100040255552361",
            "count": 6
        },
        {
            "id": "100040984926932",
            "count": 4
        },
        {
            "id": "100041465832703",
            "count": 10
        },
        {
            "id": "100042167596738",
            "count": 16
        },
        {
            "id": "100042415119261",
            "count": 0
        },
        {
            "id": "100042817150429",
            "count": 366
        },
        {
            "id": "100042911320128",
            "count": 0
        },
        {
            "id": "100042922330067",
            "count": 0
        },
        {
            "id": "100044987873858",
            "count": 0
        },
        {
            "id": "100045679356501",
            "count": 3
        },
        {
            "id": "100046745231201",
            "count": 0
        },
        {
            "id": "100047541426767",
            "count": 0
        },
        {
            "id": "100048357344107",
            "count": 0
        },
        {
            "id": "100049162717191",
            "count": 93
        },
        {
            "id": "100049178770863",
            "count": 0
        },
        {
            "id": "100050613577131",
            "count": 0
        },
        {
            "id": "100050644054380",
            "count": 419
        },
        {
            "id": "100051638101791",
            "count": 350
        },
        {
            "id": "100052093413477",
            "count": 0
        },
        {
            "id": "100052165480842",
            "count": 0
        },
        {
            "id": "100053720924792",
            "count": 1
        },
        {
            "id": "100053800224181",
            "count": 0
        },
        {
            "id": "100054004903951",
            "count": 58
        },
        {
            "id": "100056754926046",
            "count": 1
        },
        {
            "id": "100056824850431",
            "count": 138
        },
        {
            "id": "100058262946039",
            "count": 0
        },
        {
            "id": "100060894693968",
            "count": 26
        },
        {
            "id": "100060918233890",
            "count": 0
        },
        {
            "id": "100061160525111",
            "count": 1
        },
        {
            "id": "100064094970279",
            "count": 140
        },
        {
            "id": "100066874932086",
            "count": 0
        },
        {
            "id": "100067800687146",
            "count": 0
        },
        {
            "id": "100068397840792",
            "count": 0
        },
        {
            "id": "100069584261811",
            "count": 0
        },
        {
            "id": "100069770504095",
            "count": 0
        },
        {
            "id": "100070235805773",
            "count": 31
        },
        {
            "id": "100070363950886",
            "count": 0
        },
        {
            "id": "100071132537313",
            "count": 0
        },
        {
            "id": "100074791645367",
            "count": 2
        },
        {
            "id": "100075285826252",
            "count": 13
        },
        {
            "id": "100075401250019",
            "count": 4
        },
        {
            "id": "100075676857572",
            "count": 13
        },
        {
            "id": "100077059530660",
            "count": 55
        },
        {
            "id": "100077328529731",
            "count": 0
        },
        {
            "id": "100077497857700",
            "count": 0
        },
        {
            "id": "100077558111664",
            "count": 0
        },
        {
            "id": "100077919126738",
            "count": 0
        },
        {
            "id": "100078689496316",
            "count": 0
        },
        {
            "id": "100078985587693",
            "count": 0
        },
        {
            "id": "100079022373812",
            "count": 5
        },
        {
            "id": "100079084911544",
            "count": 3
        },
        {
            "id": "100079134881017",
            "count": 0
        },
        {
            "id": "100079647698215",
            "count": 0
        },
        {
            "id": "100081744941745",
            "count": 5
        },
        {
            "id": "100028172778861",
            "count": 209
        },
        {
            "id": "100043671784094",
            "count": 180
        },
        {
            "id": "100023619860498",
            "count": 42
        },
        {
            "id": "100084033956982",
            "count": 56
        },
        {
            "id": "100040705111269",
            "count": 1
        },
        {
            "id": "100073726955412",
            "count": 6
        }
    ],
    "time": 6
}