{
    "total": [
        {
            "id": "100003046447031",
            "count": 0
        },
        {
            "id": "100003858974415",
            "count": 0
        },
        {
            "id": "100003868340804",
            "count": 0
        },
        {
            "id": "100004105061128",
            "count": 0
        },
        {
            "id": "100004539843918",
            "count": 0
        },
        {
            "id": "100005083770222",
            "count": 0
        },
        {
            "id": "100005236752012",
            "count": 0
        },
        {
            "id": "100005283781416",
            "count": 0
        },
        {
            "id": "100005649794177",
            "count": 0
        },
        {
            "id": "100005747688901",
            "count": 0
        },
        {
            "id": "100006177404690",
            "count": 0
        },
        {
            "id": "100006189960458",
            "count": 0
        },
        {
            "id": "100006534344549",
            "count": 1
        },
        {
            "id": "100008242728594",
            "count": 0
        },
        {
            "id": "100009541302314",
            "count": 0
        },
        {
            "id": "100009544328661",
            "count": 0
        },
        {
            "id": "100009673426108",
            "count": 0
        },
        {
            "id": "100009675154310",
            "count": 0
        },
        {
            "id": "100009745633236",
            "count": 0
        },
        {
            "id": "100010235318323",
            "count": 0
        },
        {
            "id": "100010713606476",
            "count": 0
        },
        {
            "id": "100011320063601",
            "count": 0
        },
        {
            "id": "100011429324783",
            "count": 0
        },
        {
            "id": "100011670843315",
            "count": 0
        },
        {
            "id": "100011813925837",
            "count": 0
        },
        {
            "id": "100012150941022",
            "count": 0
        },
        {
            "id": "100012594377369",
            "count": 0
        },
        {
            "id": "100013353187400",
            "count": 0
        },
        {
            "id": "100013428256020",
            "count": 0
        },
        {
            "id": "100013578220032",
            "count": 0
        },
        {
            "id": "100014050419933",
            "count": 0
        },
        {
            "id": "100014119142406",
            "count": 0
        },
        {
            "id": "100015433158569",
            "count": 0
        },
        {
            "id": "100016339568611",
            "count": 0
        },
        {
            "id": "100016620481914",
            "count": 0
        },
        {
            "id": "100017109454551",
            "count": 0
        },
        {
            "id": "100018230045130",
            "count": 0
        },
        {
            "id": "100018246734003",
            "count": 0
        },
        {
            "id": "100019019631090",
            "count": 0
        },
        {
            "id": "100021921762764",
            "count": 0
        },
        {
            "id": "100021987340039",
            "count": 0
        },
        {
            "id": "100022285802490",
            "count": 0
        },
        {
            "id": "100022302940504",
            "count": 0
        },
        {
            "id": "100022440458964",
            "count": 0
        },
        {
            "id": "100022847201834",
            "count": 0
        },
        {
            "id": "100023250277879",
            "count": 0
        },
        {
            "id": "100023326392358",
            "count": 0
        },
        {
            "id": "100024166489917",
            "count": 0
        },
        {
            "id": "100024469065245",
            "count": 0
        },
        {
            "id": "100024477521676",
            "count": 0
        },
        {
            "id": "100024644280053",
            "count": 0
        },
        {
            "id": "100024687430074",
            "count": 0
        },
        {
            "id": "100025051935187",
            "count": 0
        },
        {
            "id": "100025137888356",
            "count": 0
        },
        {
            "id": "100026757670704",
            "count": 0
        },
        {
            "id": "100028013825896",
            "count": 0
        },
        {
            "id": "100028282123440",
            "count": 0
        },
        {
            "id": "100028475061772",
            "count": 0
        },
        {
            "id": "100029037091323",
            "count": 0
        },
        {
            "id": "100031276537369",
            "count": 0
        },
        {
            "id": "100031377970621",
            "count": 0
        },
        {
            "id": "100031905307868",
            "count": 0
        },
        {
            "id": "100032024922779",
            "count": 0
        },
        {
            "id": "100032114738635",
            "count": 0
        },
        {
            "id": "100032713775027",
            "count": 0
        },
        {
            "id": "100033185988195",
            "count": 0
        },
        {
            "id": "100033473675430",
            "count": 0
        },
        {
            "id": "100033971777028",
            "count": 0
        },
        {
            "id": "100034125560839",
            "count": 2
        },
        {
            "id": "100034924544161",
            "count": 0
        },
        {
            "id": "100035348555431",
            "count": 0
        },
        {
            "id": "100037024860725",
            "count": 0
        },
        {
            "id": "100037081861011",
            "count": 0
        },
        {
            "id": "100037948880644",
            "count": 0
        },
        {
            "id": "100039420198131",
            "count": 0
        },
        {
            "id": "100040074983371",
            "count": 0
        },
        {
            "id": "100040157264860",
            "count": 0
        },
        {
            "id": "100042205569565",
            "count": 2
        },
        {
            "id": "100042236484570",
            "count": 0
        },
        {
            "id": "100042892714004",
            "count": 0
        },
        {
            "id": "100042968273588",
            "count": 0
        },
        {
            "id": "100043073791317",
            "count": 0
        },
        {
            "id": "100043977340749",
            "count": 0
        },
        {
            "id": "100044378318260",
            "count": 0
        },
        {
            "id": "100044506428450",
            "count": 0
        },
        {
            "id": "100044586630814",
            "count": 0
        },
        {
            "id": "100045059236022",
            "count": 0
        },
        {
            "id": "100045194333819",
            "count": 0
        },
        {
            "id": "100045374437684",
            "count": 0
        },
        {
            "id": "100046828568740",
            "count": 0
        },
        {
            "id": "100048524541814",
            "count": 0
        },
        {
            "id": "100052508401003",
            "count": 0
        },
        {
            "id": "100056073937464",
            "count": 0
        },
        {
            "id": "100056209400831",
            "count": 0
        },
        {
            "id": "100056361596609",
            "count": 0
        },
        {
            "id": "100058791858199",
            "count": 0
        },
        {
            "id": "100059150126870",
            "count": 0
        },
        {
            "id": "100063528468695",
            "count": 0
        },
        {
            "id": "100065230372080",
            "count": 0
        },
        {
            "id": "100067902762793",
            "count": 0
        },
        {
            "id": "100070613440491",
            "count": 0
        },
        {
            "id": "100072767269420",
            "count": 0
        },
        {
            "id": "100073295464462",
            "count": 0
        },
        {
            "id": "100074761818270",
            "count": 0
        },
        {
            "id": "100075037102158",
            "count": 0
        },
        {
            "id": "100076277052783",
            "count": 0
        },
        {
            "id": "100076281110801",
            "count": 0
        },
        {
            "id": "100076336434187",
            "count": 0
        },
        {
            "id": "100076961632915",
            "count": 0
        },
        {
            "id": "100077162937956",
            "count": 0
        },
        {
            "id": "100077734188666",
            "count": 0
        },
        {
            "id": "100079632980329",
            "count": 0
        },
        {
            "id": "100080147448853",
            "count": 0
        },
        {
            "id": "100080464674765",
            "count": 0
        },
        {
            "id": "100080988107506",
            "count": 0
        },
        {
            "id": "100086078177070",
            "count": 0
        },
        {
            "id": "100086130181570",
            "count": 0
        }
    ],
    "week": [
        {
            "id": "100003046447031",
            "count": 0,
            "name": "Người dùng facebook"
        },
        {
            "id": "100003858974415",
            "count": 0,
            "name": "Người dùng facebook"
        },
        {
            "id": "100003868340804",
            "count": 0,
            "name": "Người dùng facebook"
        },
        {
            "id": "100004105061128",
            "count": 0,
            "name": "Người dùng facebook"
        },
        {
            "id": "100004539843918",
            "count": 0,
            "name": "Người dùng facebook"
        },
        {
            "id": "100005083770222",
            "count": 0,
            "name": "Người dùng facebook"
        },
        {
            "id": "100005236752012",
            "count": 0,
            "name": "Người dùng facebook"
        },
        {
            "id": "100005283781416",
            "count": 0,
            "name": "Người dùng facebook"
        },
        {
            "id": "100005649794177",
            "count": 0,
            "name": "Người dùng facebook"
        },
        {
            "id": "100005747688901",
            "count": 0,
            "name": "Người dùng facebook"
        },
        {
            "id": "100006177404690",
            "count": 0,
            "name": "Người dùng facebook"
        },
        {
            "id": "100006189960458",
            "count": 0,
            "name": "Người dùng facebook"
        },
        {
            "id": "100006534344549",
            "count": 0,
            "name": "Người dùng facebook"
        },
        {
            "id": "100008242728594",
            "count": 0,
            "name": "Người dùng facebook"
        },
        {
            "id": "100009541302314",
            "count": 0,
            "name": "Người dùng facebook"
        },
        {
            "id": "100009544328661",
            "count": 0,
            "name": "Người dùng facebook"
        },
        {
            "id": "100009673426108",
            "count": 0,
            "name": "Người dùng facebook"
        },
        {
            "id": "100009675154310",
            "count": 0,
            "name": "Người dùng facebook"
        },
        {
            "id": "100009745633236",
            "count": 0,
            "name": "Người dùng facebook"
        },
        {
            "id": "100010235318323",
            "count": 0,
            "name": "Người dùng facebook"
        },
        {
            "id": "100010713606476",
            "count": 0,
            "name": "Người dùng facebook"
        },
        {
            "id": "100011320063601",
            "count": 0,
            "name": "Người dùng facebook"
        },
        {
            "id": "100011429324783",
            "count": 0,
            "name": "Người dùng facebook"
        },
        {
            "id": "100011670843315",
            "count": 0,
            "name": "Người dùng facebook"
        },
        {
            "id": "100011813925837",
            "count": 0,
            "name": "Người dùng facebook"
        },
        {
            "id": "100012150941022",
            "count": 0,
            "name": "Người dùng facebook"
        },
        {
            "id": "100012594377369",
            "count": 0,
            "name": "Người dùng facebook"
        },
        {
            "id": "100013353187400",
            "count": 0,
            "name": "Người dùng facebook"
        },
        {
            "id": "100013428256020",
            "count": 0,
            "name": "Người dùng facebook"
        },
        {
            "id": "100013578220032",
            "count": 0,
            "name": "Người dùng facebook"
        },
        {
            "id": "100014050419933",
            "count": 0,
            "name": "Người dùng facebook"
        },
        {
            "id": "100014119142406",
            "count": 0,
            "name": "Người dùng facebook"
        },
        {
            "id": "100015433158569",
            "count": 0,
            "name": "Người dùng facebook"
        },
        {
            "id": "100016339568611",
            "count": 0,
            "name": "Người dùng facebook"
        },
        {
            "id": "100016620481914",
            "count": 0,
            "name": "Người dùng facebook"
        },
        {
            "id": "100017109454551",
            "count": 0,
            "name": "Người dùng facebook"
        },
        {
            "id": "100018230045130",
            "count": 0,
            "name": "Người dùng facebook"
        },
        {
            "id": "100018246734003",
            "count": 0,
            "name": "Người dùng facebook"
        },
        {
            "id": "100019019631090",
            "count": 0,
            "name": "Người dùng facebook"
        },
        {
            "id": "100021921762764",
            "count": 0,
            "name": "Người dùng facebook"
        },
        {
            "id": "100021987340039",
            "count": 0,
            "name": "Người dùng facebook"
        },
        {
            "id": "100022285802490",
            "count": 0,
            "name": "Người dùng facebook"
        },
        {
            "id": "100022302940504",
            "count": 0,
            "name": "Người dùng facebook"
        },
        {
            "id": "100022440458964",
            "count": 0,
            "name": "Người dùng facebook"
        },
        {
            "id": "100022847201834",
            "count": 0,
            "name": "Người dùng facebook"
        },
        {
            "id": "100023250277879",
            "count": 0,
            "name": "Người dùng facebook"
        },
        {
            "id": "100023326392358",
            "count": 0,
            "name": "Người dùng facebook"
        },
        {
            "id": "100024166489917",
            "count": 0,
            "name": "Người dùng facebook"
        },
        {
            "id": "100024469065245",
            "count": 0,
            "name": "Người dùng facebook"
        },
        {
            "id": "100024477521676",
            "count": 0,
            "name": "Người dùng facebook"
        },
        {
            "id": "100024644280053",
            "count": 0,
            "name": "Người dùng facebook"
        },
        {
            "id": "100024687430074",
            "count": 0,
            "name": "Người dùng facebook"
        },
        {
            "id": "100025051935187",
            "count": 0,
            "name": "Người dùng facebook"
        },
        {
            "id": "100025137888356",
            "count": 0,
            "name": "Người dùng facebook"
        },
        {
            "id": "100026757670704",
            "count": 0,
            "name": "Người dùng facebook"
        },
        {
            "id": "100028013825896",
            "count": 0,
            "name": "Người dùng facebook"
        },
        {
            "id": "100028282123440",
            "count": 0,
            "name": "Người dùng facebook"
        },
        {
            "id": "100028475061772",
            "count": 0,
            "name": "Người dùng facebook"
        },
        {
            "id": "100029037091323",
            "count": 0,
            "name": "Người dùng facebook"
        },
        {
            "id": "100031276537369",
            "count": 0,
            "name": "Người dùng facebook"
        },
        {
            "id": "100031377970621",
            "count": 0,
            "name": "Người dùng facebook"
        },
        {
            "id": "100031905307868",
            "count": 0,
            "name": "Người dùng facebook"
        },
        {
            "id": "100032024922779",
            "count": 0,
            "name": "Người dùng facebook"
        },
        {
            "id": "100032114738635",
            "count": 0,
            "name": "Người dùng facebook"
        },
        {
            "id": "100032713775027",
            "count": 0,
            "name": "Người dùng facebook"
        },
        {
            "id": "100033185988195",
            "count": 0,
            "name": "Người dùng facebook"
        },
        {
            "id": "100033473675430",
            "count": 0,
            "name": "Người dùng facebook"
        },
        {
            "id": "100033971777028",
            "count": 0,
            "name": "Người dùng facebook"
        },
        {
            "id": "100034125560839",
            "count": 0,
            "name": "Người dùng facebook"
        },
        {
            "id": "100034924544161",
            "count": 0,
            "name": "Người dùng facebook"
        },
        {
            "id": "100035348555431",
            "count": 0,
            "name": "Người dùng facebook"
        },
        {
            "id": "100037024860725",
            "count": 0,
            "name": "Người dùng facebook"
        },
        {
            "id": "100037081861011",
            "count": 0,
            "name": "Người dùng facebook"
        },
        {
            "id": "100037948880644",
            "count": 0,
            "name": "Người dùng facebook"
        },
        {
            "id": "100039420198131",
            "count": 0,
            "name": "Người dùng facebook"
        },
        {
            "id": "100040074983371",
            "count": 0,
            "name": "Người dùng facebook"
        },
        {
            "id": "100040157264860",
            "count": 0,
            "name": "Người dùng facebook"
        },
        {
            "id": "100042205569565",
            "count": 0,
            "name": "Người dùng facebook"
        },
        {
            "id": "100042236484570",
            "count": 0,
            "name": "Người dùng facebook"
        },
        {
            "id": "100042892714004",
            "count": 0,
            "name": "Người dùng facebook"
        },
        {
            "id": "100042968273588",
            "count": 0,
            "name": "Người dùng facebook"
        },
        {
            "id": "100043073791317",
            "count": 0,
            "name": "Người dùng facebook"
        },
        {
            "id": "100043977340749",
            "count": 0,
            "name": "Người dùng facebook"
        },
        {
            "id": "100044378318260",
            "count": 0,
            "name": "Người dùng facebook"
        },
        {
            "id": "100044506428450",
            "count": 0,
            "name": "Người dùng facebook"
        },
        {
            "id": "100044586630814",
            "count": 0,
            "name": "Người dùng facebook"
        },
        {
            "id": "100045059236022",
            "count": 0,
            "name": "Người dùng facebook"
        },
        {
            "id": "100045194333819",
            "count": 0,
            "name": "Người dùng facebook"
        },
        {
            "id": "100045374437684",
            "count": 0,
            "name": "Người dùng facebook"
        },
        {
            "id": "100046828568740",
            "count": 0,
            "name": "Người dùng facebook"
        },
        {
            "id": "100048524541814",
            "count": 0,
            "name": "Người dùng facebook"
        },
        {
            "id": "100052508401003",
            "count": 0,
            "name": "Người dùng facebook"
        },
        {
            "id": "100056073937464",
            "count": 0,
            "name": "Người dùng facebook"
        },
        {
            "id": "100056209400831",
            "count": 0,
            "name": "Người dùng facebook"
        },
        {
            "id": "100056361596609",
            "count": 0,
            "name": "Người dùng facebook"
        },
        {
            "id": "100058791858199",
            "count": 0,
            "name": "Người dùng facebook"
        },
        {
            "id": "100059150126870",
            "count": 0,
            "name": "Người dùng facebook"
        },
        {
            "id": "100063528468695",
            "count": 0,
            "name": "Người dùng facebook"
        },
        {
            "id": "100065230372080",
            "count": 0,
            "name": "Người dùng facebook"
        },
        {
            "id": "100067902762793",
            "count": 0,
            "name": "Người dùng facebook"
        },
        {
            "id": "100070613440491",
            "count": 0,
            "name": "Người dùng facebook"
        },
        {
            "id": "100072767269420",
            "count": 0,
            "name": "Người dùng facebook"
        },
        {
            "id": "100073295464462",
            "count": 0,
            "name": "Người dùng facebook"
        },
        {
            "id": "100074761818270",
            "count": 0,
            "name": "Người dùng facebook"
        },
        {
            "id": "100075037102158",
            "count": 0,
            "name": "Người dùng facebook"
        },
        {
            "id": "100076277052783",
            "count": 0,
            "name": "Người dùng facebook"
        },
        {
            "id": "100076281110801",
            "count": 0,
            "name": "Người dùng facebook"
        },
        {
            "id": "100076336434187",
            "count": 0,
            "name": "Người dùng facebook"
        },
        {
            "id": "100076961632915",
            "count": 0,
            "name": "Người dùng facebook"
        },
        {
            "id": "100077162937956",
            "count": 0,
            "name": "Người dùng facebook"
        },
        {
            "id": "100077734188666",
            "count": 0,
            "name": "Người dùng facebook"
        },
        {
            "id": "100079632980329",
            "count": 0,
            "name": "Người dùng facebook"
        },
        {
            "id": "100080147448853",
            "count": 0,
            "name": "Người dùng facebook"
        },
        {
            "id": "100080464674765",
            "count": 0,
            "name": "Người dùng facebook"
        },
        {
            "id": "100080988107506",
            "count": 0,
            "name": "Người dùng facebook"
        },
        {
            "id": "100086078177070",
            "count": 0,
            "name": "Người dùng facebook"
        },
        {
            "id": "100086130181570",
            "count": 0,
            "name": "Người dùng facebook"
        }
    ],
    "day": [
        {
            "id": "100003046447031",
            "count": 0,
            "name": "Người dùng facebook"
        },
        {
            "id": "100003858974415",
            "count": 0,
            "name": "Người dùng facebook"
        },
        {
            "id": "100003868340804",
            "count": 0,
            "name": "Người dùng facebook"
        },
        {
            "id": "100004105061128",
            "count": 0,
            "name": "Người dùng facebook"
        },
        {
            "id": "100004539843918",
            "count": 0,
            "name": "Người dùng facebook"
        },
        {
            "id": "100005083770222",
            "count": 0,
            "name": "Người dùng facebook"
        },
        {
            "id": "100005236752012",
            "count": 0,
            "name": "Người dùng facebook"
        },
        {
            "id": "100005283781416",
            "count": 0,
            "name": "Người dùng facebook"
        },
        {
            "id": "100005649794177",
            "count": 0,
            "name": "Người dùng facebook"
        },
        {
            "id": "100005747688901",
            "count": 0,
            "name": "Người dùng facebook"
        },
        {
            "id": "100006177404690",
            "count": 0,
            "name": "Người dùng facebook"
        },
        {
            "id": "100006189960458",
            "count": 0,
            "name": "Người dùng facebook"
        },
        {
            "id": "100006534344549",
            "count": 0,
            "name": "Người dùng facebook"
        },
        {
            "id": "100008242728594",
            "count": 0,
            "name": "Người dùng facebook"
        },
        {
            "id": "100009541302314",
            "count": 0,
            "name": "Người dùng facebook"
        },
        {
            "id": "100009544328661",
            "count": 0,
            "name": "Người dùng facebook"
        },
        {
            "id": "100009673426108",
            "count": 0,
            "name": "Người dùng facebook"
        },
        {
            "id": "100009675154310",
            "count": 0,
            "name": "Người dùng facebook"
        },
        {
            "id": "100009745633236",
            "count": 0,
            "name": "Người dùng facebook"
        },
        {
            "id": "100010235318323",
            "count": 0,
            "name": "Người dùng facebook"
        },
        {
            "id": "100010713606476",
            "count": 0,
            "name": "Người dùng facebook"
        },
        {
            "id": "100011320063601",
            "count": 0,
            "name": "Người dùng facebook"
        },
        {
            "id": "100011429324783",
            "count": 0,
            "name": "Người dùng facebook"
        },
        {
            "id": "100011670843315",
            "count": 0,
            "name": "Người dùng facebook"
        },
        {
            "id": "100011813925837",
            "count": 0,
            "name": "Người dùng facebook"
        },
        {
            "id": "100012150941022",
            "count": 0,
            "name": "Người dùng facebook"
        },
        {
            "id": "100012594377369",
            "count": 0,
            "name": "Người dùng facebook"
        },
        {
            "id": "100013353187400",
            "count": 0,
            "name": "Người dùng facebook"
        },
        {
            "id": "100013428256020",
            "count": 0,
            "name": "Người dùng facebook"
        },
        {
            "id": "100013578220032",
            "count": 0,
            "name": "Người dùng facebook"
        },
        {
            "id": "100014050419933",
            "count": 0,
            "name": "Người dùng facebook"
        },
        {
            "id": "100014119142406",
            "count": 0,
            "name": "Người dùng facebook"
        },
        {
            "id": "100015433158569",
            "count": 0,
            "name": "Người dùng facebook"
        },
        {
            "id": "100016339568611",
            "count": 0,
            "name": "Người dùng facebook"
        },
        {
            "id": "100016620481914",
            "count": 0,
            "name": "Người dùng facebook"
        },
        {
            "id": "100017109454551",
            "count": 0,
            "name": "Người dùng facebook"
        },
        {
            "id": "100018230045130",
            "count": 0,
            "name": "Người dùng facebook"
        },
        {
            "id": "100018246734003",
            "count": 0,
            "name": "Người dùng facebook"
        },
        {
            "id": "100019019631090",
            "count": 0,
            "name": "Người dùng facebook"
        },
        {
            "id": "100021921762764",
            "count": 0,
            "name": "Người dùng facebook"
        },
        {
            "id": "100021987340039",
            "count": 0,
            "name": "Người dùng facebook"
        },
        {
            "id": "100022285802490",
            "count": 0,
            "name": "Người dùng facebook"
        },
        {
            "id": "100022302940504",
            "count": 0,
            "name": "Người dùng facebook"
        },
        {
            "id": "100022440458964",
            "count": 0,
            "name": "Người dùng facebook"
        },
        {
            "id": "100022847201834",
            "count": 0,
            "name": "Người dùng facebook"
        },
        {
            "id": "100023250277879",
            "count": 0,
            "name": "Người dùng facebook"
        },
        {
            "id": "100023326392358",
            "count": 0,
            "name": "Người dùng facebook"
        },
        {
            "id": "100024166489917",
            "count": 0,
            "name": "Người dùng facebook"
        },
        {
            "id": "100024469065245",
            "count": 0,
            "name": "Người dùng facebook"
        },
        {
            "id": "100024477521676",
            "count": 0,
            "name": "Người dùng facebook"
        },
        {
            "id": "100024644280053",
            "count": 0,
            "name": "Người dùng facebook"
        },
        {
            "id": "100024687430074",
            "count": 0,
            "name": "Người dùng facebook"
        },
        {
            "id": "100025051935187",
            "count": 0,
            "name": "Người dùng facebook"
        },
        {
            "id": "100025137888356",
            "count": 0,
            "name": "Người dùng facebook"
        },
        {
            "id": "100026757670704",
            "count": 0,
            "name": "Người dùng facebook"
        },
        {
            "id": "100028013825896",
            "count": 0,
            "name": "Người dùng facebook"
        },
        {
            "id": "100028282123440",
            "count": 0,
            "name": "Người dùng facebook"
        },
        {
            "id": "100028475061772",
            "count": 0,
            "name": "Người dùng facebook"
        },
        {
            "id": "100029037091323",
            "count": 0,
            "name": "Người dùng facebook"
        },
        {
            "id": "100031276537369",
            "count": 0,
            "name": "Người dùng facebook"
        },
        {
            "id": "100031377970621",
            "count": 0,
            "name": "Người dùng facebook"
        },
        {
            "id": "100031905307868",
            "count": 0,
            "name": "Người dùng facebook"
        },
        {
            "id": "100032024922779",
            "count": 0,
            "name": "Người dùng facebook"
        },
        {
            "id": "100032114738635",
            "count": 0,
            "name": "Người dùng facebook"
        },
        {
            "id": "100032713775027",
            "count": 0,
            "name": "Người dùng facebook"
        },
        {
            "id": "100033185988195",
            "count": 0,
            "name": "Người dùng facebook"
        },
        {
            "id": "100033473675430",
            "count": 0,
            "name": "Người dùng facebook"
        },
        {
            "id": "100033971777028",
            "count": 0,
            "name": "Người dùng facebook"
        },
        {
            "id": "100034125560839",
            "count": 0,
            "name": "Người dùng facebook"
        },
        {
            "id": "100034924544161",
            "count": 0,
            "name": "Người dùng facebook"
        },
        {
            "id": "100035348555431",
            "count": 0,
            "name": "Người dùng facebook"
        },
        {
            "id": "100037024860725",
            "count": 0,
            "name": "Người dùng facebook"
        },
        {
            "id": "100037081861011",
            "count": 0,
            "name": "Người dùng facebook"
        },
        {
            "id": "100037948880644",
            "count": 0,
            "name": "Người dùng facebook"
        },
        {
            "id": "100039420198131",
            "count": 0,
            "name": "Người dùng facebook"
        },
        {
            "id": "100040074983371",
            "count": 0,
            "name": "Người dùng facebook"
        },
        {
            "id": "100040157264860",
            "count": 0,
            "name": "Người dùng facebook"
        },
        {
            "id": "100042205569565",
            "count": 0,
            "name": "Người dùng facebook"
        },
        {
            "id": "100042236484570",
            "count": 0,
            "name": "Người dùng facebook"
        },
        {
            "id": "100042892714004",
            "count": 0,
            "name": "Người dùng facebook"
        },
        {
            "id": "100042968273588",
            "count": 0,
            "name": "Người dùng facebook"
        },
        {
            "id": "100043073791317",
            "count": 0,
            "name": "Người dùng facebook"
        },
        {
            "id": "100043977340749",
            "count": 0,
            "name": "Người dùng facebook"
        },
        {
            "id": "100044378318260",
            "count": 0,
            "name": "Người dùng facebook"
        },
        {
            "id": "100044506428450",
            "count": 0,
            "name": "Người dùng facebook"
        },
        {
            "id": "100044586630814",
            "count": 0,
            "name": "Người dùng facebook"
        },
        {
            "id": "100045059236022",
            "count": 0,
            "name": "Người dùng facebook"
        },
        {
            "id": "100045194333819",
            "count": 0,
            "name": "Người dùng facebook"
        },
        {
            "id": "100045374437684",
            "count": 0,
            "name": "Người dùng facebook"
        },
        {
            "id": "100046828568740",
            "count": 0,
            "name": "Người dùng facebook"
        },
        {
            "id": "100048524541814",
            "count": 0,
            "name": "Người dùng facebook"
        },
        {
            "id": "100052508401003",
            "count": 0,
            "name": "Người dùng facebook"
        },
        {
            "id": "100056073937464",
            "count": 0,
            "name": "Người dùng facebook"
        },
        {
            "id": "100056209400831",
            "count": 0,
            "name": "Người dùng facebook"
        },
        {
            "id": "100056361596609",
            "count": 0,
            "name": "Người dùng facebook"
        },
        {
            "id": "100058791858199",
            "count": 0,
            "name": "Người dùng facebook"
        },
        {
            "id": "100059150126870",
            "count": 0,
            "name": "Người dùng facebook"
        },
        {
            "id": "100063528468695",
            "count": 0,
            "name": "Người dùng facebook"
        },
        {
            "id": "100065230372080",
            "count": 0,
            "name": "Người dùng facebook"
        },
        {
            "id": "100067902762793",
            "count": 0,
            "name": "Người dùng facebook"
        },
        {
            "id": "100070613440491",
            "count": 0,
            "name": "Người dùng facebook"
        },
        {
            "id": "100072767269420",
            "count": 0,
            "name": "Người dùng facebook"
        },
        {
            "id": "100073295464462",
            "count": 0,
            "name": "Người dùng facebook"
        },
        {
            "id": "100074761818270",
            "count": 0,
            "name": "Người dùng facebook"
        },
        {
            "id": "100075037102158",
            "count": 0,
            "name": "Người dùng facebook"
        },
        {
            "id": "100076277052783",
            "count": 0,
            "name": "Người dùng facebook"
        },
        {
            "id": "100076281110801",
            "count": 0,
            "name": "Người dùng facebook"
        },
        {
            "id": "100076336434187",
            "count": 0,
            "name": "Người dùng facebook"
        },
        {
            "id": "100076961632915",
            "count": 0,
            "name": "Người dùng facebook"
        },
        {
            "id": "100077162937956",
            "count": 0,
            "name": "Người dùng facebook"
        },
        {
            "id": "100077734188666",
            "count": 0,
            "name": "Người dùng facebook"
        },
        {
            "id": "100079632980329",
            "count": 0,
            "name": "Người dùng facebook"
        },
        {
            "id": "100080147448853",
            "count": 0,
            "name": "Người dùng facebook"
        },
        {
            "id": "100080464674765",
            "count": 0,
            "name": "Người dùng facebook"
        },
        {
            "id": "100080988107506",
            "count": 0,
            "name": "Người dùng facebook"
        },
        {
            "id": "100086078177070",
            "count": 0,
            "name": "Người dùng facebook"
        },
        {
            "id": "100086130181570",
            "count": 0,
            "name": "Người dùng facebook"
        }
    ],
    "time": 6
}