{
    "total": [
        {
            "id": "1413520449",
            "count": 0
        },
        {
            "id": "1538740091",
            "count": 0
        },
        {
            "id": "100000087033336",
            "count": 0
        },
        {
            "id": "100000539243952",
            "count": 0
        },
        {
            "id": "100001240582497",
            "count": 0
        },
        {
            "id": "100002033291273",
            "count": 0
        },
        {
            "id": "100003758742606",
            "count": 0
        },
        {
            "id": "100004219596355",
            "count": 0
        },
        {
            "id": "100026401270130",
            "count": 0
        },
        {
            "id": "100027470016345",
            "count": 0
        },
        {
            "id": "100030685202705",
            "count": 0
        },
        {
            "id": "100031068223424",
            "count": 0
        },
        {
            "id": "100034235446654",
            "count": 0
        },
        {
            "id": "100037688152123",
            "count": 0
        },
        {
            "id": "100037719705747",
            "count": 0
        },
        {
            "id": "100039030130177",
            "count": 0
        },
        {
            "id": "100042402888175",
            "count": 0
        },
        {
            "id": "100043747986696",
            "count": 0
        },
        {
            "id": "100043777746776",
            "count": 24
        },
        {
            "id": "100046912218768",
            "count": 0
        },
        {
            "id": "100047002420375",
            "count": 0
        },
        {
            "id": "100047822809816",
            "count": 0
        },
        {
            "id": "100049907077369",
            "count": 0
        },
        {
            "id": "100051395717290",
            "count": 0
        },
        {
            "id": "100051827356269",
            "count": 0
        },
        {
            "id": "100054257054715",
            "count": 0
        },
        {
            "id": "100055916053164",
            "count": 0
        },
        {
            "id": "100059665400424",
            "count": 0
        },
        {
            "id": "100060856905650",
            "count": 0
        },
        {
            "id": "100062624451581",
            "count": 0
        },
        {
            "id": "100063551424429",
            "count": 0
        },
        {
            "id": "100064342459825",
            "count": 0
        },
        {
            "id": "100065107360230",
            "count": 0
        },
        {
            "id": "100066935648941",
            "count": 3
        },
        {
            "id": "100067102524342",
            "count": 0
        },
        {
            "id": "100067358003651",
            "count": 0
        },
        {
            "id": "100067770438980",
            "count": 0
        },
        {
            "id": "100068085694092",
            "count": 0
        },
        {
            "id": "100069122466515",
            "count": 0
        },
        {
            "id": "100069562447762",
            "count": 0
        },
        {
            "id": "100071364670508",
            "count": 0
        },
        {
            "id": "100071725688801",
            "count": 0
        },
        {
            "id": "100071859708728",
            "count": 0
        },
        {
            "id": "100072714212069",
            "count": 0
        },
        {
            "id": "100073103493566",
            "count": 0
        },
        {
            "id": "100073188330376",
            "count": 0
        },
        {
            "id": "100073707874906",
            "count": 0
        },
        {
            "id": "100073857796669",
            "count": 0
        },
        {
            "id": "100074225061486",
            "count": 0
        },
        {
            "id": "100074816299345",
            "count": 0
        },
        {
            "id": "100075134060889",
            "count": 0
        },
        {
            "id": "100075939582182",
            "count": 0
        },
        {
            "id": "100076082232506",
            "count": 0
        },
        {
            "id": "100076092885425",
            "count": 0
        },
        {
            "id": "100076603960769",
            "count": 0
        },
        {
            "id": "100076952721401",
            "count": 0
        },
        {
            "id": "100077110136459",
            "count": 0
        },
        {
            "id": "100077408664009",
            "count": 0
        },
        {
            "id": "100077446434198",
            "count": 47
        },
        {
            "id": "100077719041228",
            "count": 0
        },
        {
            "id": "100078268454932",
            "count": 0
        },
        {
            "id": "100078524930735",
            "count": 32
        },
        {
            "id": "100078633771194",
            "count": 0
        },
        {
            "id": "100078643754014",
            "count": 0
        },
        {
            "id": "100078835656328",
            "count": 0
        },
        {
            "id": "100078983258051",
            "count": 0
        },
        {
            "id": "100079065278674",
            "count": 0
        },
        {
            "id": "100079741131468",
            "count": 0
        },
        {
            "id": "100079980056857",
            "count": 0
        },
        {
            "id": "100080378785718",
            "count": 0
        },
        {
            "id": "100081235269928",
            "count": 0
        },
        {
            "id": "100081312776353",
            "count": 0
        },
        {
            "id": "100081433205582",
            "count": 0
        },
        {
            "id": "100081466960907",
            "count": 0
        },
        {
            "id": "100081980570201",
            "count": 0
        },
        {
            "id": "100082053716964",
            "count": 0
        },
        {
            "id": "100082322504284",
            "count": 0
        },
        {
            "id": "100082460590480",
            "count": 0
        },
        {
            "id": "100082749181738",
            "count": 0
        },
        {
            "id": "100082867324524",
            "count": 0
        },
        {
            "id": "100083372814149",
            "count": 0
        },
        {
            "id": "100083504070644",
            "count": 0
        },
        {
            "id": "100083632461158",
            "count": 0
        },
        {
            "id": "100083725316261",
            "count": 0
        },
        {
            "id": "100083860757176",
            "count": 0
        },
        {
            "id": "100084346694443",
            "count": 0
        },
        {
            "id": "100084348936274",
            "count": 6
        },
        {
            "id": "100084480505155",
            "count": 0
        },
        {
            "id": "100084587401895",
            "count": 0
        },
        {
            "id": "100084960530125",
            "count": 0
        },
        {
            "id": "100085206334128",
            "count": 0
        },
        {
            "id": "100085502600729",
            "count": 0
        },
        {
            "id": "100085873453367",
            "count": 0
        },
        {
            "id": "100086164154205",
            "count": 0
        },
        {
            "id": "100086204306724",
            "count": 0
        },
        {
            "id": "100086974837152",
            "count": 0
        },
        {
            "id": "100086989599180",
            "count": 0
        },
        {
            "id": "100087198338928",
            "count": 0
        },
        {
            "id": "100087469666428",
            "count": 0
        },
        {
            "id": "100087768411555",
            "count": 0
        },
        {
            "id": "100087858480556",
            "count": 1
        },
        {
            "id": "100088347790192",
            "count": 0
        }
    ],
    "week": [
        {
            "id": "1413520449",
            "count": 0,
            "name": "Người dùng facebook"
        },
        {
            "id": "1538740091",
            "count": 0,
            "name": "Người dùng facebook"
        },
        {
            "id": "100000087033336",
            "count": 0,
            "name": "Người dùng facebook"
        },
        {
            "id": "100000539243952",
            "count": 0,
            "name": "Người dùng facebook"
        },
        {
            "id": "100001240582497",
            "count": 0,
            "name": "Người dùng facebook"
        },
        {
            "id": "100002033291273",
            "count": 0,
            "name": "Người dùng facebook"
        },
        {
            "id": "100003758742606",
            "count": 0,
            "name": "Người dùng facebook"
        },
        {
            "id": "100004219596355",
            "count": 0,
            "name": "Người dùng facebook"
        },
        {
            "id": "100026401270130",
            "count": 0,
            "name": "Người dùng facebook"
        },
        {
            "id": "100027470016345",
            "count": 0,
            "name": "Người dùng facebook"
        },
        {
            "id": "100030685202705",
            "count": 0,
            "name": "Người dùng facebook"
        },
        {
            "id": "100031068223424",
            "count": 0,
            "name": "Người dùng facebook"
        },
        {
            "id": "100034235446654",
            "count": 0,
            "name": "Người dùng facebook"
        },
        {
            "id": "100037688152123",
            "count": 0,
            "name": "Người dùng facebook"
        },
        {
            "id": "100037719705747",
            "count": 0,
            "name": "Người dùng facebook"
        },
        {
            "id": "100039030130177",
            "count": 0,
            "name": "Người dùng facebook"
        },
        {
            "id": "100042402888175",
            "count": 0,
            "name": "Người dùng facebook"
        },
        {
            "id": "100043747986696",
            "count": 0,
            "name": "Người dùng facebook"
        },
        {
            "id": "100043777746776",
            "count": 0,
            "name": "Người dùng facebook"
        },
        {
            "id": "100046912218768",
            "count": 0,
            "name": "Người dùng facebook"
        },
        {
            "id": "100047002420375",
            "count": 0,
            "name": "Người dùng facebook"
        },
        {
            "id": "100047822809816",
            "count": 0,
            "name": "Người dùng facebook"
        },
        {
            "id": "100049907077369",
            "count": 0,
            "name": "Người dùng facebook"
        },
        {
            "id": "100051395717290",
            "count": 0,
            "name": "Người dùng facebook"
        },
        {
            "id": "100051827356269",
            "count": 0,
            "name": "Người dùng facebook"
        },
        {
            "id": "100054257054715",
            "count": 0,
            "name": "Người dùng facebook"
        },
        {
            "id": "100055916053164",
            "count": 0,
            "name": "Người dùng facebook"
        },
        {
            "id": "100059665400424",
            "count": 0,
            "name": "Người dùng facebook"
        },
        {
            "id": "100060856905650",
            "count": 0,
            "name": "Người dùng facebook"
        },
        {
            "id": "100062624451581",
            "count": 0,
            "name": "Người dùng facebook"
        },
        {
            "id": "100063551424429",
            "count": 0,
            "name": "Người dùng facebook"
        },
        {
            "id": "100064342459825",
            "count": 0,
            "name": "Người dùng facebook"
        },
        {
            "id": "100065107360230",
            "count": 0,
            "name": "Người dùng facebook"
        },
        {
            "id": "100066935648941",
            "count": 0,
            "name": "Người dùng facebook"
        },
        {
            "id": "100067102524342",
            "count": 0,
            "name": "Người dùng facebook"
        },
        {
            "id": "100067358003651",
            "count": 0,
            "name": "Người dùng facebook"
        },
        {
            "id": "100067770438980",
            "count": 0,
            "name": "Người dùng facebook"
        },
        {
            "id": "100068085694092",
            "count": 0,
            "name": "Người dùng facebook"
        },
        {
            "id": "100069122466515",
            "count": 0,
            "name": "Người dùng facebook"
        },
        {
            "id": "100069562447762",
            "count": 0,
            "name": "Người dùng facebook"
        },
        {
            "id": "100071364670508",
            "count": 0,
            "name": "Người dùng facebook"
        },
        {
            "id": "100071725688801",
            "count": 0,
            "name": "Người dùng facebook"
        },
        {
            "id": "100071859708728",
            "count": 0,
            "name": "Người dùng facebook"
        },
        {
            "id": "100072714212069",
            "count": 0,
            "name": "Người dùng facebook"
        },
        {
            "id": "100073103493566",
            "count": 0,
            "name": "Người dùng facebook"
        },
        {
            "id": "100073188330376",
            "count": 0,
            "name": "Người dùng facebook"
        },
        {
            "id": "100073707874906",
            "count": 0,
            "name": "Người dùng facebook"
        },
        {
            "id": "100073857796669",
            "count": 0,
            "name": "Người dùng facebook"
        },
        {
            "id": "100074225061486",
            "count": 0,
            "name": "Người dùng facebook"
        },
        {
            "id": "100074816299345",
            "count": 0,
            "name": "Người dùng facebook"
        },
        {
            "id": "100075134060889",
            "count": 0,
            "name": "Người dùng facebook"
        },
        {
            "id": "100075939582182",
            "count": 0,
            "name": "Người dùng facebook"
        },
        {
            "id": "100076082232506",
            "count": 0,
            "name": "Người dùng facebook"
        },
        {
            "id": "100076092885425",
            "count": 0,
            "name": "Người dùng facebook"
        },
        {
            "id": "100076603960769",
            "count": 0,
            "name": "Người dùng facebook"
        },
        {
            "id": "100076952721401",
            "count": 0,
            "name": "Người dùng facebook"
        },
        {
            "id": "100077110136459",
            "count": 0,
            "name": "Người dùng facebook"
        },
        {
            "id": "100077408664009",
            "count": 0,
            "name": "Người dùng facebook"
        },
        {
            "id": "100077446434198",
            "count": 0,
            "name": "Người dùng facebook"
        },
        {
            "id": "100077719041228",
            "count": 0,
            "name": "Người dùng facebook"
        },
        {
            "id": "100078268454932",
            "count": 0,
            "name": "Người dùng facebook"
        },
        {
            "id": "100078524930735",
            "count": 0,
            "name": "Người dùng facebook"
        },
        {
            "id": "100078633771194",
            "count": 0,
            "name": "Người dùng facebook"
        },
        {
            "id": "100078643754014",
            "count": 0,
            "name": "Người dùng facebook"
        },
        {
            "id": "100078835656328",
            "count": 0,
            "name": "Người dùng facebook"
        },
        {
            "id": "100078983258051",
            "count": 0,
            "name": "Người dùng facebook"
        },
        {
            "id": "100079065278674",
            "count": 0,
            "name": "Người dùng facebook"
        },
        {
            "id": "100079741131468",
            "count": 0,
            "name": "Người dùng facebook"
        },
        {
            "id": "100079980056857",
            "count": 0,
            "name": "Người dùng facebook"
        },
        {
            "id": "100080378785718",
            "count": 0,
            "name": "Người dùng facebook"
        },
        {
            "id": "100081235269928",
            "count": 0,
            "name": "Người dùng facebook"
        },
        {
            "id": "100081312776353",
            "count": 0,
            "name": "Người dùng facebook"
        },
        {
            "id": "100081433205582",
            "count": 0,
            "name": "Người dùng facebook"
        },
        {
            "id": "100081466960907",
            "count": 0,
            "name": "Người dùng facebook"
        },
        {
            "id": "100081980570201",
            "count": 0,
            "name": "Người dùng facebook"
        },
        {
            "id": "100082053716964",
            "count": 0,
            "name": "Người dùng facebook"
        },
        {
            "id": "100082322504284",
            "count": 0,
            "name": "Người dùng facebook"
        },
        {
            "id": "100082460590480",
            "count": 0,
            "name": "Người dùng facebook"
        },
        {
            "id": "100082749181738",
            "count": 0,
            "name": "Người dùng facebook"
        },
        {
            "id": "100082867324524",
            "count": 0,
            "name": "Người dùng facebook"
        },
        {
            "id": "100083372814149",
            "count": 0,
            "name": "Người dùng facebook"
        },
        {
            "id": "100083504070644",
            "count": 0,
            "name": "Người dùng facebook"
        },
        {
            "id": "100083632461158",
            "count": 0,
            "name": "Người dùng facebook"
        },
        {
            "id": "100083725316261",
            "count": 0,
            "name": "Người dùng facebook"
        },
        {
            "id": "100083860757176",
            "count": 0,
            "name": "Người dùng facebook"
        },
        {
            "id": "100084346694443",
            "count": 0,
            "name": "Người dùng facebook"
        },
        {
            "id": "100084348936274",
            "count": 0,
            "name": "Người dùng facebook"
        },
        {
            "id": "100084480505155",
            "count": 0,
            "name": "Người dùng facebook"
        },
        {
            "id": "100084587401895",
            "count": 0,
            "name": "Người dùng facebook"
        },
        {
            "id": "100084960530125",
            "count": 0,
            "name": "Người dùng facebook"
        },
        {
            "id": "100085206334128",
            "count": 0,
            "name": "Người dùng facebook"
        },
        {
            "id": "100085502600729",
            "count": 0,
            "name": "Người dùng facebook"
        },
        {
            "id": "100085873453367",
            "count": 0,
            "name": "Người dùng facebook"
        },
        {
            "id": "100086164154205",
            "count": 0,
            "name": "Người dùng facebook"
        },
        {
            "id": "100086204306724",
            "count": 0,
            "name": "Người dùng facebook"
        },
        {
            "id": "100086974837152",
            "count": 0,
            "name": "Người dùng facebook"
        },
        {
            "id": "100086989599180",
            "count": 0,
            "name": "Người dùng facebook"
        },
        {
            "id": "100087198338928",
            "count": 0,
            "name": "Người dùng facebook"
        },
        {
            "id": "100087469666428",
            "count": 0,
            "name": "Người dùng facebook"
        },
        {
            "id": "100087768411555",
            "count": 0,
            "name": "Người dùng facebook"
        },
        {
            "id": "100087858480556",
            "count": 0,
            "name": "Người dùng facebook"
        },
        {
            "id": "100088347790192",
            "count": 0,
            "name": "Người dùng facebook"
        }
    ],
    "day": [
        {
            "id": "1413520449",
            "count": 0,
            "name": "Người dùng facebook"
        },
        {
            "id": "1538740091",
            "count": 0,
            "name": "Người dùng facebook"
        },
        {
            "id": "100000087033336",
            "count": 0,
            "name": "Người dùng facebook"
        },
        {
            "id": "100000539243952",
            "count": 0,
            "name": "Người dùng facebook"
        },
        {
            "id": "100001240582497",
            "count": 0,
            "name": "Người dùng facebook"
        },
        {
            "id": "100002033291273",
            "count": 0,
            "name": "Người dùng facebook"
        },
        {
            "id": "100003758742606",
            "count": 0,
            "name": "Người dùng facebook"
        },
        {
            "id": "100004219596355",
            "count": 0,
            "name": "Người dùng facebook"
        },
        {
            "id": "100026401270130",
            "count": 0,
            "name": "Người dùng facebook"
        },
        {
            "id": "100027470016345",
            "count": 0,
            "name": "Người dùng facebook"
        },
        {
            "id": "100030685202705",
            "count": 0,
            "name": "Người dùng facebook"
        },
        {
            "id": "100031068223424",
            "count": 0,
            "name": "Người dùng facebook"
        },
        {
            "id": "100034235446654",
            "count": 0,
            "name": "Người dùng facebook"
        },
        {
            "id": "100037688152123",
            "count": 0,
            "name": "Người dùng facebook"
        },
        {
            "id": "100037719705747",
            "count": 0,
            "name": "Người dùng facebook"
        },
        {
            "id": "100039030130177",
            "count": 0,
            "name": "Người dùng facebook"
        },
        {
            "id": "100042402888175",
            "count": 0,
            "name": "Người dùng facebook"
        },
        {
            "id": "100043747986696",
            "count": 0,
            "name": "Người dùng facebook"
        },
        {
            "id": "100043777746776",
            "count": 0,
            "name": "Người dùng facebook"
        },
        {
            "id": "100046912218768",
            "count": 0,
            "name": "Người dùng facebook"
        },
        {
            "id": "100047002420375",
            "count": 0,
            "name": "Người dùng facebook"
        },
        {
            "id": "100047822809816",
            "count": 0,
            "name": "Người dùng facebook"
        },
        {
            "id": "100049907077369",
            "count": 0,
            "name": "Người dùng facebook"
        },
        {
            "id": "100051395717290",
            "count": 0,
            "name": "Người dùng facebook"
        },
        {
            "id": "100051827356269",
            "count": 0,
            "name": "Người dùng facebook"
        },
        {
            "id": "100054257054715",
            "count": 0,
            "name": "Người dùng facebook"
        },
        {
            "id": "100055916053164",
            "count": 0,
            "name": "Người dùng facebook"
        },
        {
            "id": "100059665400424",
            "count": 0,
            "name": "Người dùng facebook"
        },
        {
            "id": "100060856905650",
            "count": 0,
            "name": "Người dùng facebook"
        },
        {
            "id": "100062624451581",
            "count": 0,
            "name": "Người dùng facebook"
        },
        {
            "id": "100063551424429",
            "count": 0,
            "name": "Người dùng facebook"
        },
        {
            "id": "100064342459825",
            "count": 0,
            "name": "Người dùng facebook"
        },
        {
            "id": "100065107360230",
            "count": 0,
            "name": "Người dùng facebook"
        },
        {
            "id": "100066935648941",
            "count": 0,
            "name": "Người dùng facebook"
        },
        {
            "id": "100067102524342",
            "count": 0,
            "name": "Người dùng facebook"
        },
        {
            "id": "100067358003651",
            "count": 0,
            "name": "Người dùng facebook"
        },
        {
            "id": "100067770438980",
            "count": 0,
            "name": "Người dùng facebook"
        },
        {
            "id": "100068085694092",
            "count": 0,
            "name": "Người dùng facebook"
        },
        {
            "id": "100069122466515",
            "count": 0,
            "name": "Người dùng facebook"
        },
        {
            "id": "100069562447762",
            "count": 0,
            "name": "Người dùng facebook"
        },
        {
            "id": "100071364670508",
            "count": 0,
            "name": "Người dùng facebook"
        },
        {
            "id": "100071725688801",
            "count": 0,
            "name": "Người dùng facebook"
        },
        {
            "id": "100071859708728",
            "count": 0,
            "name": "Người dùng facebook"
        },
        {
            "id": "100072714212069",
            "count": 0,
            "name": "Người dùng facebook"
        },
        {
            "id": "100073103493566",
            "count": 0,
            "name": "Người dùng facebook"
        },
        {
            "id": "100073188330376",
            "count": 0,
            "name": "Người dùng facebook"
        },
        {
            "id": "100073707874906",
            "count": 0,
            "name": "Người dùng facebook"
        },
        {
            "id": "100073857796669",
            "count": 0,
            "name": "Người dùng facebook"
        },
        {
            "id": "100074225061486",
            "count": 0,
            "name": "Người dùng facebook"
        },
        {
            "id": "100074816299345",
            "count": 0,
            "name": "Người dùng facebook"
        },
        {
            "id": "100075134060889",
            "count": 0,
            "name": "Người dùng facebook"
        },
        {
            "id": "100075939582182",
            "count": 0,
            "name": "Người dùng facebook"
        },
        {
            "id": "100076082232506",
            "count": 0,
            "name": "Người dùng facebook"
        },
        {
            "id": "100076092885425",
            "count": 0,
            "name": "Người dùng facebook"
        },
        {
            "id": "100076603960769",
            "count": 0,
            "name": "Người dùng facebook"
        },
        {
            "id": "100076952721401",
            "count": 0,
            "name": "Người dùng facebook"
        },
        {
            "id": "100077110136459",
            "count": 0,
            "name": "Người dùng facebook"
        },
        {
            "id": "100077408664009",
            "count": 0,
            "name": "Người dùng facebook"
        },
        {
            "id": "100077446434198",
            "count": 0,
            "name": "Người dùng facebook"
        },
        {
            "id": "100077719041228",
            "count": 0,
            "name": "Người dùng facebook"
        },
        {
            "id": "100078268454932",
            "count": 0,
            "name": "Người dùng facebook"
        },
        {
            "id": "100078524930735",
            "count": 0,
            "name": "Người dùng facebook"
        },
        {
            "id": "100078633771194",
            "count": 0,
            "name": "Người dùng facebook"
        },
        {
            "id": "100078643754014",
            "count": 0,
            "name": "Người dùng facebook"
        },
        {
            "id": "100078835656328",
            "count": 0,
            "name": "Người dùng facebook"
        },
        {
            "id": "100078983258051",
            "count": 0,
            "name": "Người dùng facebook"
        },
        {
            "id": "100079065278674",
            "count": 0,
            "name": "Người dùng facebook"
        },
        {
            "id": "100079741131468",
            "count": 0,
            "name": "Người dùng facebook"
        },
        {
            "id": "100079980056857",
            "count": 0,
            "name": "Người dùng facebook"
        },
        {
            "id": "100080378785718",
            "count": 0,
            "name": "Người dùng facebook"
        },
        {
            "id": "100081235269928",
            "count": 0,
            "name": "Người dùng facebook"
        },
        {
            "id": "100081312776353",
            "count": 0,
            "name": "Người dùng facebook"
        },
        {
            "id": "100081433205582",
            "count": 0,
            "name": "Người dùng facebook"
        },
        {
            "id": "100081466960907",
            "count": 0,
            "name": "Người dùng facebook"
        },
        {
            "id": "100081980570201",
            "count": 0,
            "name": "Người dùng facebook"
        },
        {
            "id": "100082053716964",
            "count": 0,
            "name": "Người dùng facebook"
        },
        {
            "id": "100082322504284",
            "count": 0,
            "name": "Người dùng facebook"
        },
        {
            "id": "100082460590480",
            "count": 0,
            "name": "Người dùng facebook"
        },
        {
            "id": "100082749181738",
            "count": 0,
            "name": "Người dùng facebook"
        },
        {
            "id": "100082867324524",
            "count": 0,
            "name": "Người dùng facebook"
        },
        {
            "id": "100083372814149",
            "count": 0,
            "name": "Người dùng facebook"
        },
        {
            "id": "100083504070644",
            "count": 0,
            "name": "Người dùng facebook"
        },
        {
            "id": "100083632461158",
            "count": 0,
            "name": "Người dùng facebook"
        },
        {
            "id": "100083725316261",
            "count": 0,
            "name": "Người dùng facebook"
        },
        {
            "id": "100083860757176",
            "count": 0,
            "name": "Người dùng facebook"
        },
        {
            "id": "100084346694443",
            "count": 0,
            "name": "Người dùng facebook"
        },
        {
            "id": "100084348936274",
            "count": 0,
            "name": "Người dùng facebook"
        },
        {
            "id": "100084480505155",
            "count": 0,
            "name": "Người dùng facebook"
        },
        {
            "id": "100084587401895",
            "count": 0,
            "name": "Người dùng facebook"
        },
        {
            "id": "100084960530125",
            "count": 0,
            "name": "Người dùng facebook"
        },
        {
            "id": "100085206334128",
            "count": 0,
            "name": "Người dùng facebook"
        },
        {
            "id": "100085502600729",
            "count": 0,
            "name": "Người dùng facebook"
        },
        {
            "id": "100085873453367",
            "count": 0,
            "name": "Người dùng facebook"
        },
        {
            "id": "100086164154205",
            "count": 0,
            "name": "Người dùng facebook"
        },
        {
            "id": "100086204306724",
            "count": 0,
            "name": "Người dùng facebook"
        },
        {
            "id": "100086974837152",
            "count": 0,
            "name": "Người dùng facebook"
        },
        {
            "id": "100086989599180",
            "count": 0,
            "name": "Người dùng facebook"
        },
        {
            "id": "100087198338928",
            "count": 0,
            "name": "Người dùng facebook"
        },
        {
            "id": "100087469666428",
            "count": 0,
            "name": "Người dùng facebook"
        },
        {
            "id": "100087768411555",
            "count": 0,
            "name": "Người dùng facebook"
        },
        {
            "id": "100087858480556",
            "count": 0,
            "name": "Người dùng facebook"
        },
        {
            "id": "100088347790192",
            "count": 0,
            "name": "Người dùng facebook"
        }
    ],
    "time": 6
}