{
    "total": [
        {
            "id": "100000493880003",
            "count": 0
        },
        {
            "id": "100002478682929",
            "count": 21
        },
        {
            "id": "100017272291234",
            "count": 137
        },
        {
            "id": "100023250277879",
            "count": 3607
        },
        {
            "id": "100023605007046",
            "count": 2
        },
        {
            "id": "100026157203193",
            "count": 1
        },
        {
            "id": "100026614500573",
            "count": 26
        },
        {
            "id": "100033643681827",
            "count": 3960
        },
        {
            "id": "100035493400236",
            "count": 0
        },
        {
            "id": "100036966851892",
            "count": 0
        },
        {
            "id": "100037470936532",
            "count": 0
        },
        {
            "id": "100038551194026",
            "count": 159
        },
        {
            "id": "100042758482331",
            "count": 50
        },
        {
            "id": "100047568294333",
            "count": 60
        },
        {
            "id": "100049720209468",
            "count": 137
        },
        {
            "id": "100050137308405",
            "count": 2
        },
        {
            "id": "100050313470026",
            "count": 3
        },
        {
            "id": "100050422747198",
            "count": 957
        },
        {
            "id": "100052496200506",
            "count": 1
        },
        {
            "id": "100055971592393",
            "count": 25
        },
        {
            "id": "100063734477981",
            "count": 5
        },
        {
            "id": "100063849505017",
            "count": 3
        },
        {
            "id": "100064518602515",
            "count": 1
        },
        {
            "id": "100064566768945",
            "count": 0
        },
        {
            "id": "100066148961209",
            "count": 111
        },
        {
            "id": "100070809467918",
            "count": 72
        },
        {
            "id": "100072542740413",
            "count": 31
        },
        {
            "id": "100074953374097",
            "count": 0
        },
        {
            "id": "100076076090847",
            "count": 0
        },
        {
            "id": "100078739848610",
            "count": 748
        },
        {
            "id": "100081133836928",
            "count": 7
        },
        {
            "id": "100082736551459",
            "count": 0
        },
        {
            "id": "100082902540233",
            "count": 0
        },
        {
            "id": "100013942628281",
            "count": 26
        },
        {
            "id": "100069755137726",
            "count": 17
        },
        {
            "id": "100055479976661",
            "count": 619
        },
        {
            "id": "100028408234046",
            "count": 2320
        },
        {
            "id": "100053649430052",
            "count": 9
        },
        {
            "id": "100047943023283",
            "count": 8
        },
        {
            "id": "100050714739435",
            "count": 11
        },
        {
            "id": "20105838",
            "count": 3425
        },
        {
            "id": "100074747032577",
            "count": 197
        },
        {
            "id": "100067324221226",
            "count": 734
        },
        {
            "id": "100071367610620",
            "count": 65
        },
        {
            "id": "100001410541804",
            "count": 1246
        },
        {
            "id": "100078120581112",
            "count": 3780
        },
        {
            "id": "100036714613982",
            "count": 377
        },
        {
            "id": "100010458046897",
            "count": 45
        },
        {
            "id": "100065095141252",
            "count": 252
        },
        {
            "id": "100035943964499",
            "count": 103
        },
        {
            "id": "100083503897840",
            "count": 2
        },
        {
            "id": "100054630908292",
            "count": 159
        },
        {
            "id": "100072790006152",
            "count": 107
        },
        {
            "id": "100082539435511",
            "count": 754
        },
        {
            "id": "100083640610887",
            "count": 22
        },
        {
            "id": "100079015024439",
            "count": 36
        },
        {
            "id": "100080962011999",
            "count": 76
        },
        {
            "id": "100082908942469",
            "count": 10
        },
        {
            "id": "100078125255271",
            "count": 482
        },
        {
            "id": "100074807367943",
            "count": 46
        },
        {
            "id": "100070058481863",
            "count": 431
        },
        {
            "id": "100045550571479",
            "count": 10
        },
        {
            "id": "100021207367211",
            "count": 58
        },
        {
            "id": "100075205794784",
            "count": 11
        },
        {
            "id": "100082050559535",
            "count": 145
        },
        {
            "id": "100083730756397",
            "count": 43
        },
        {
            "id": "100035348190654",
            "count": 4
        },
        {
            "id": "100053225581568",
            "count": 248
        },
        {
            "id": "100080988913991",
            "count": 7
        },
        {
            "id": "100071500861963",
            "count": 71
        },
        {
            "id": "100066228500117",
            "count": 42
        },
        {
            "id": "100048991578913",
            "count": 11
        },
        {
            "id": "100075210571146",
            "count": 29
        },
        {
            "id": "100042757568124",
            "count": 11
        },
        {
            "id": "100081771564581",
            "count": 292
        },
        {
            "id": "100036047179587",
            "count": 2068
        },
        {
            "id": "100001737415862",
            "count": 4233
        },
        {
            "id": "100083694187781",
            "count": 5
        },
        {
            "id": "100002000483218",
            "count": 1855
        },
        {
            "id": "100076010689599",
            "count": 41
        },
        {
            "id": "100027297690829",
            "count": 99
        },
        {
            "id": "100078413925480",
            "count": 3
        },
        {
            "id": "100023383274248",
            "count": 66
        },
        {
            "id": "100000140389987",
            "count": 206
        },
        {
            "id": "100050010845452",
            "count": 9
        },
        {
            "id": "100057222008134",
            "count": 174
        },
        {
            "id": "100017492381536",
            "count": 1873
        },
        {
            "id": "100001508023707",
            "count": 58
        },
        {
            "id": "100082249167063",
            "count": 2
        },
        {
            "id": "100083874120019",
            "count": 253
        },
        {
            "id": "100022738570845",
            "count": 1447
        },
        {
            "id": "100083801793582",
            "count": 5
        },
        {
            "id": "100014225046287",
            "count": 319
        },
        {
            "id": "100001653221976",
            "count": 491
        },
        {
            "id": "100079017055391",
            "count": 86
        },
        {
            "id": "100000493374945",
            "count": 11
        },
        {
            "id": "100075869043706",
            "count": 2
        },
        {
            "id": "100001684936846",
            "count": 225
        },
        {
            "id": "100073675664502",
            "count": 5
        },
        {
            "id": "100024798762967",
            "count": 318
        },
        {
            "id": "1700991913",
            "count": 785
        },
        {
            "id": "752770143",
            "count": 152
        },
        {
            "id": "100066914445631",
            "count": 7
        },
        {
            "id": "100068722099921",
            "count": 70
        },
        {
            "id": "100063823081895",
            "count": 210
        },
        {
            "id": "100010556238514",
            "count": 263
        },
        {
            "id": "100000826718887",
            "count": 55
        },
        {
            "id": "100016889431166",
            "count": 3
        },
        {
            "id": "100057617537255",
            "count": 7
        },
        {
            "id": "100041346219244",
            "count": 266
        },
        {
            "id": "100072468265591",
            "count": 24
        },
        {
            "id": "100083731586148",
            "count": 18
        },
        {
            "id": "100084310980154",
            "count": 47
        },
        {
            "id": "100076744074556",
            "count": 49
        },
        {
            "id": "100075532184534",
            "count": 18
        },
        {
            "id": "100072540724279",
            "count": 8
        },
        {
            "id": "100004209935833",
            "count": 179
        },
        {
            "id": "100055676787014",
            "count": 52
        },
        {
            "id": "100077590367948",
            "count": 1
        },
        {
            "id": "100039286300660",
            "count": 48
        },
        {
            "id": "100082798484384",
            "count": 2
        },
        {
            "id": "100075698537191",
            "count": 4
        },
        {
            "id": "100075981180515",
            "count": 76
        },
        {
            "id": "100008112752074",
            "count": 18
        },
        {
            "id": "100044648601288",
            "count": 17
        },
        {
            "id": "100056999400139",
            "count": 3
        },
        {
            "id": "100084078463075",
            "count": 5
        },
        {
            "id": "100005460524632",
            "count": 2
        }
    ],
    "week": [
        {
            "id": "100000493880003",
            "count": 0,
            "name": "Người dùng facebook"
        },
        {
            "id": "100002478682929",
            "count": 0,
            "name": "Người dùng facebook"
        },
        {
            "id": "100017272291234",
            "count": 0,
            "name": "Người dùng facebook"
        },
        {
            "id": "100023250277879",
            "count": 0,
            "name": "Người dùng facebook"
        },
        {
            "id": "100023605007046",
            "count": 0,
            "name": "Người dùng facebook"
        },
        {
            "id": "100026157203193",
            "count": 0,
            "name": "Người dùng facebook"
        },
        {
            "id": "100026614500573",
            "count": 0,
            "name": "Người dùng facebook"
        },
        {
            "id": "100033643681827",
            "count": 0,
            "name": "Người dùng facebook"
        },
        {
            "id": "100035493400236",
            "count": 0,
            "name": "Người dùng facebook"
        },
        {
            "id": "100036966851892",
            "count": 0,
            "name": "Người dùng facebook"
        },
        {
            "id": "100037470936532",
            "count": 0,
            "name": "Người dùng facebook"
        },
        {
            "id": "100038551194026",
            "count": 0,
            "name": "Người dùng facebook"
        },
        {
            "id": "100042758482331",
            "count": 0,
            "name": "Người dùng facebook"
        },
        {
            "id": "100047568294333",
            "count": 0,
            "name": "Người dùng facebook"
        },
        {
            "id": "100049720209468",
            "count": 0,
            "name": "Người dùng facebook"
        },
        {
            "id": "100050137308405",
            "count": 0,
            "name": "Người dùng facebook"
        },
        {
            "id": "100050313470026",
            "count": 0,
            "name": "Người dùng facebook"
        },
        {
            "id": "100050422747198",
            "count": 0,
            "name": "Người dùng facebook"
        },
        {
            "id": "100052496200506",
            "count": 0,
            "name": "Người dùng facebook"
        },
        {
            "id": "100055971592393",
            "count": 0,
            "name": "Người dùng facebook"
        },
        {
            "id": "100063734477981",
            "count": 0,
            "name": "Người dùng facebook"
        },
        {
            "id": "100063849505017",
            "count": 0,
            "name": "Người dùng facebook"
        },
        {
            "id": "100064518602515",
            "count": 0,
            "name": "Người dùng facebook"
        },
        {
            "id": "100064566768945",
            "count": 0,
            "name": "Người dùng facebook"
        },
        {
            "id": "100066148961209",
            "count": 0,
            "name": "Người dùng facebook"
        },
        {
            "id": "100070809467918",
            "count": 0,
            "name": "Người dùng facebook"
        },
        {
            "id": "100072542740413",
            "count": 0,
            "name": "Người dùng facebook"
        },
        {
            "id": "100074953374097",
            "count": 0,
            "name": "Người dùng facebook"
        },
        {
            "id": "100076076090847",
            "count": 0,
            "name": "Người dùng facebook"
        },
        {
            "id": "100078739848610",
            "count": 0,
            "name": "Người dùng facebook"
        },
        {
            "id": "100081133836928",
            "count": 0,
            "name": "Người dùng facebook"
        },
        {
            "id": "100082736551459",
            "count": 0,
            "name": "Người dùng facebook"
        },
        {
            "id": "100082902540233",
            "count": 0,
            "name": "Người dùng facebook"
        },
        {
            "id": "100013942628281",
            "count": 0,
            "name": "Người dùng facebook"
        },
        {
            "id": "100069755137726",
            "count": 0,
            "name": "Người dùng facebook"
        },
        {
            "id": "100055479976661",
            "count": 0,
            "name": "Người dùng facebook"
        },
        {
            "id": "100028408234046",
            "count": 0,
            "name": "Người dùng facebook"
        },
        {
            "id": "100053649430052",
            "count": 0,
            "name": "Người dùng facebook"
        },
        {
            "id": "100047943023283",
            "count": 0,
            "name": "Người dùng facebook"
        },
        {
            "id": "100050714739435",
            "count": 0,
            "name": "Người dùng facebook"
        },
        {
            "id": "20105838",
            "count": 0,
            "name": "Người dùng facebook"
        },
        {
            "id": "100074747032577",
            "count": 0,
            "name": "Người dùng facebook"
        },
        {
            "id": "100067324221226",
            "count": 0,
            "name": "Người dùng facebook"
        },
        {
            "id": "100071367610620",
            "count": 0,
            "name": "Người dùng facebook"
        },
        {
            "id": "100001410541804",
            "count": 0,
            "name": "Người dùng facebook"
        },
        {
            "id": "100078120581112",
            "count": 0,
            "name": "Người dùng facebook"
        },
        {
            "id": "100036714613982",
            "count": 0,
            "name": "Người dùng facebook"
        },
        {
            "id": "100010458046897",
            "count": 0,
            "name": "Người dùng facebook"
        },
        {
            "id": "100065095141252",
            "count": 0,
            "name": "Người dùng facebook"
        },
        {
            "id": "100035943964499",
            "count": 0,
            "name": "Người dùng facebook"
        },
        {
            "id": "100083503897840",
            "count": 0,
            "name": "Người dùng facebook"
        },
        {
            "id": "100054630908292",
            "count": 0,
            "name": "Người dùng facebook"
        },
        {
            "id": "100072790006152",
            "count": 0,
            "name": "Người dùng facebook"
        },
        {
            "id": "100082539435511",
            "count": 0,
            "name": "Người dùng facebook"
        },
        {
            "id": "100083640610887",
            "count": 0,
            "name": "Người dùng facebook"
        },
        {
            "id": "100079015024439",
            "count": 0,
            "name": "Người dùng facebook"
        },
        {
            "id": "100080962011999",
            "count": 0,
            "name": "Người dùng facebook"
        },
        {
            "id": "100082908942469",
            "count": 0,
            "name": "Người dùng facebook"
        },
        {
            "id": "100078125255271",
            "count": 0,
            "name": "Người dùng facebook"
        },
        {
            "id": "100074807367943",
            "count": 0,
            "name": "Người dùng facebook"
        },
        {
            "id": "100070058481863",
            "count": 0,
            "name": "Người dùng facebook"
        },
        {
            "id": "100045550571479",
            "count": 0,
            "name": "Người dùng facebook"
        },
        {
            "id": "100021207367211",
            "count": 0,
            "name": "Người dùng facebook"
        },
        {
            "id": "100075205794784",
            "count": 0,
            "name": "Người dùng facebook"
        },
        {
            "id": "100082050559535",
            "count": 0,
            "name": "Người dùng facebook"
        },
        {
            "id": "100083730756397",
            "count": 0,
            "name": "Người dùng facebook"
        },
        {
            "id": "100035348190654",
            "count": 0,
            "name": "Người dùng facebook"
        },
        {
            "id": "100053225581568",
            "count": 0,
            "name": "Người dùng facebook"
        },
        {
            "id": "100080988913991",
            "count": 0,
            "name": "Người dùng facebook"
        },
        {
            "id": "100071500861963",
            "count": 0,
            "name": "Người dùng facebook"
        },
        {
            "id": "100066228500117",
            "count": 0,
            "name": "Người dùng facebook"
        },
        {
            "id": "100048991578913",
            "count": 0,
            "name": "Người dùng facebook"
        },
        {
            "id": "100075210571146",
            "count": 0,
            "name": "Người dùng facebook"
        },
        {
            "id": "100042757568124",
            "count": 0,
            "name": "Người dùng facebook"
        },
        {
            "id": "100081771564581",
            "count": 0,
            "name": "Người dùng facebook"
        },
        {
            "id": "100036047179587",
            "count": 0,
            "name": "Người dùng facebook"
        },
        {
            "id": "100001737415862",
            "count": 0,
            "name": "Người dùng facebook"
        },
        {
            "id": "100083694187781",
            "count": 0,
            "name": "Người dùng facebook"
        },
        {
            "id": "100002000483218",
            "count": 0,
            "name": "Người dùng facebook"
        },
        {
            "id": "100076010689599",
            "count": 0,
            "name": "Người dùng facebook"
        },
        {
            "id": "100027297690829",
            "count": 0,
            "name": "Người dùng facebook"
        },
        {
            "id": "100078413925480",
            "count": 0,
            "name": "Người dùng facebook"
        },
        {
            "id": "100023383274248",
            "count": 0,
            "name": "Người dùng facebook"
        },
        {
            "id": "100000140389987",
            "count": 0,
            "name": "Người dùng facebook"
        },
        {
            "id": "100050010845452",
            "count": 0,
            "name": "Người dùng facebook"
        },
        {
            "id": "100057222008134",
            "count": 0,
            "name": "Người dùng facebook"
        },
        {
            "id": "100017492381536",
            "count": 0,
            "name": "Người dùng facebook"
        },
        {
            "id": "100001508023707",
            "count": 0,
            "name": "Người dùng facebook"
        },
        {
            "id": "100082249167063",
            "count": 0,
            "name": "Người dùng facebook"
        },
        {
            "id": "100083874120019",
            "count": 0,
            "name": "Người dùng facebook"
        },
        {
            "id": "100022738570845",
            "count": 0,
            "name": "Người dùng facebook"
        },
        {
            "id": "100083801793582",
            "count": 0,
            "name": "Người dùng facebook"
        },
        {
            "id": "100014225046287",
            "count": 0,
            "name": "Người dùng facebook"
        },
        {
            "id": "100001653221976",
            "count": 0,
            "name": "Người dùng facebook"
        },
        {
            "id": "100079017055391",
            "count": 0,
            "name": "Người dùng facebook"
        },
        {
            "id": "100000493374945",
            "count": 0,
            "name": "Người dùng facebook"
        },
        {
            "id": "100075869043706",
            "count": 0,
            "name": "Người dùng facebook"
        },
        {
            "id": "100001684936846",
            "count": 0,
            "name": "Người dùng facebook"
        },
        {
            "id": "100073675664502",
            "count": 0,
            "name": "Người dùng facebook"
        },
        {
            "id": "100024798762967",
            "count": 0,
            "name": "Người dùng facebook"
        },
        {
            "id": "1700991913",
            "count": 0,
            "name": "Người dùng facebook"
        },
        {
            "id": "752770143",
            "count": 0,
            "name": "Người dùng facebook"
        },
        {
            "id": "100066914445631",
            "count": 0,
            "name": "Người dùng facebook"
        },
        {
            "id": "100068722099921",
            "count": 0,
            "name": "Người dùng facebook"
        },
        {
            "id": "100063823081895",
            "count": 0,
            "name": "Người dùng facebook"
        },
        {
            "id": "100010556238514",
            "count": 0,
            "name": "Người dùng facebook"
        },
        {
            "id": "100000826718887",
            "count": 0,
            "name": "Người dùng facebook"
        },
        {
            "id": "100016889431166",
            "count": 0,
            "name": "Người dùng facebook"
        },
        {
            "id": "100057617537255",
            "count": 0,
            "name": "Người dùng facebook"
        },
        {
            "id": "100041346219244",
            "count": 0,
            "name": "Người dùng facebook"
        },
        {
            "id": "100072468265591",
            "count": 0,
            "name": "Người dùng facebook"
        },
        {
            "id": "100083731586148",
            "count": 0,
            "name": "Người dùng facebook"
        },
        {
            "id": "100084310980154",
            "count": 0,
            "name": "Người dùng facebook"
        },
        {
            "id": "100076744074556",
            "count": 0,
            "name": "Người dùng facebook"
        },
        {
            "id": "100075532184534",
            "count": 0,
            "name": "Người dùng facebook"
        },
        {
            "id": "100072540724279",
            "count": 0,
            "name": "Người dùng facebook"
        },
        {
            "id": "100004209935833",
            "count": 0,
            "name": "Người dùng facebook"
        },
        {
            "id": "100055676787014",
            "count": 0,
            "name": "Người dùng facebook"
        },
        {
            "id": "100077590367948",
            "count": 0,
            "name": "Người dùng facebook"
        },
        {
            "id": "100039286300660",
            "count": 0,
            "name": "Người dùng facebook"
        },
        {
            "id": "100082798484384",
            "count": 0,
            "name": "Người dùng facebook"
        },
        {
            "id": "100075698537191",
            "count": 0,
            "name": "Người dùng facebook"
        },
        {
            "id": "100075981180515",
            "count": 0,
            "name": "Người dùng facebook"
        },
        {
            "id": "100008112752074",
            "count": 0,
            "name": "Người dùng facebook"
        },
        {
            "id": "100044648601288",
            "count": 0,
            "name": "Người dùng facebook"
        },
        {
            "id": "100056999400139",
            "count": 0,
            "name": "Người dùng facebook"
        },
        {
            "id": "100084078463075",
            "count": 0,
            "name": "Người dùng facebook"
        },
        {
            "id": "100005460524632",
            "count": 0,
            "name": "Người dùng facebook"
        }
    ],
    "day": [
        {
            "id": "100000493880003",
            "count": 0,
            "name": "Người dùng facebook"
        },
        {
            "id": "100002478682929",
            "count": 0,
            "name": "Người dùng facebook"
        },
        {
            "id": "100017272291234",
            "count": 0,
            "name": "Người dùng facebook"
        },
        {
            "id": "100023250277879",
            "count": 0,
            "name": "Người dùng facebook"
        },
        {
            "id": "100023605007046",
            "count": 0,
            "name": "Người dùng facebook"
        },
        {
            "id": "100026157203193",
            "count": 0,
            "name": "Người dùng facebook"
        },
        {
            "id": "100026614500573",
            "count": 0,
            "name": "Người dùng facebook"
        },
        {
            "id": "100033643681827",
            "count": 0,
            "name": "Người dùng facebook"
        },
        {
            "id": "100035493400236",
            "count": 0,
            "name": "Người dùng facebook"
        },
        {
            "id": "100036966851892",
            "count": 0,
            "name": "Người dùng facebook"
        },
        {
            "id": "100037470936532",
            "count": 0,
            "name": "Người dùng facebook"
        },
        {
            "id": "100038551194026",
            "count": 0,
            "name": "Người dùng facebook"
        },
        {
            "id": "100042758482331",
            "count": 0,
            "name": "Người dùng facebook"
        },
        {
            "id": "100047568294333",
            "count": 0,
            "name": "Người dùng facebook"
        },
        {
            "id": "100049720209468",
            "count": 0,
            "name": "Người dùng facebook"
        },
        {
            "id": "100050137308405",
            "count": 0,
            "name": "Người dùng facebook"
        },
        {
            "id": "100050313470026",
            "count": 0,
            "name": "Người dùng facebook"
        },
        {
            "id": "100050422747198",
            "count": 0,
            "name": "Người dùng facebook"
        },
        {
            "id": "100052496200506",
            "count": 0,
            "name": "Người dùng facebook"
        },
        {
            "id": "100055971592393",
            "count": 0,
            "name": "Người dùng facebook"
        },
        {
            "id": "100063734477981",
            "count": 0,
            "name": "Người dùng facebook"
        },
        {
            "id": "100063849505017",
            "count": 0,
            "name": "Người dùng facebook"
        },
        {
            "id": "100064518602515",
            "count": 0,
            "name": "Người dùng facebook"
        },
        {
            "id": "100064566768945",
            "count": 0,
            "name": "Người dùng facebook"
        },
        {
            "id": "100066148961209",
            "count": 0,
            "name": "Người dùng facebook"
        },
        {
            "id": "100070809467918",
            "count": 0,
            "name": "Người dùng facebook"
        },
        {
            "id": "100072542740413",
            "count": 0,
            "name": "Người dùng facebook"
        },
        {
            "id": "100074953374097",
            "count": 0,
            "name": "Người dùng facebook"
        },
        {
            "id": "100076076090847",
            "count": 0,
            "name": "Người dùng facebook"
        },
        {
            "id": "100078739848610",
            "count": 0,
            "name": "Người dùng facebook"
        },
        {
            "id": "100081133836928",
            "count": 0,
            "name": "Người dùng facebook"
        },
        {
            "id": "100082736551459",
            "count": 0,
            "name": "Người dùng facebook"
        },
        {
            "id": "100082902540233",
            "count": 0,
            "name": "Người dùng facebook"
        },
        {
            "id": "100013942628281",
            "count": 0,
            "name": "Người dùng facebook"
        },
        {
            "id": "100069755137726",
            "count": 0,
            "name": "Người dùng facebook"
        },
        {
            "id": "100055479976661",
            "count": 0,
            "name": "Người dùng facebook"
        },
        {
            "id": "100028408234046",
            "count": 0,
            "name": "Người dùng facebook"
        },
        {
            "id": "100053649430052",
            "count": 0,
            "name": "Người dùng facebook"
        },
        {
            "id": "100047943023283",
            "count": 0,
            "name": "Người dùng facebook"
        },
        {
            "id": "100050714739435",
            "count": 0,
            "name": "Người dùng facebook"
        },
        {
            "id": "20105838",
            "count": 0,
            "name": "Người dùng facebook"
        },
        {
            "id": "100074747032577",
            "count": 0,
            "name": "Người dùng facebook"
        },
        {
            "id": "100067324221226",
            "count": 0,
            "name": "Người dùng facebook"
        },
        {
            "id": "100071367610620",
            "count": 0,
            "name": "Người dùng facebook"
        },
        {
            "id": "100001410541804",
            "count": 0,
            "name": "Người dùng facebook"
        },
        {
            "id": "100078120581112",
            "count": 0,
            "name": "Người dùng facebook"
        },
        {
            "id": "100036714613982",
            "count": 0,
            "name": "Người dùng facebook"
        },
        {
            "id": "100010458046897",
            "count": 0,
            "name": "Người dùng facebook"
        },
        {
            "id": "100065095141252",
            "count": 0,
            "name": "Người dùng facebook"
        },
        {
            "id": "100035943964499",
            "count": 0,
            "name": "Người dùng facebook"
        },
        {
            "id": "100083503897840",
            "count": 0,
            "name": "Người dùng facebook"
        },
        {
            "id": "100054630908292",
            "count": 0,
            "name": "Người dùng facebook"
        },
        {
            "id": "100072790006152",
            "count": 0,
            "name": "Người dùng facebook"
        },
        {
            "id": "100082539435511",
            "count": 0,
            "name": "Người dùng facebook"
        },
        {
            "id": "100083640610887",
            "count": 0,
            "name": "Người dùng facebook"
        },
        {
            "id": "100079015024439",
            "count": 0,
            "name": "Người dùng facebook"
        },
        {
            "id": "100080962011999",
            "count": 0,
            "name": "Người dùng facebook"
        },
        {
            "id": "100082908942469",
            "count": 0,
            "name": "Người dùng facebook"
        },
        {
            "id": "100078125255271",
            "count": 0,
            "name": "Người dùng facebook"
        },
        {
            "id": "100074807367943",
            "count": 0,
            "name": "Người dùng facebook"
        },
        {
            "id": "100070058481863",
            "count": 0,
            "name": "Người dùng facebook"
        },
        {
            "id": "100045550571479",
            "count": 0,
            "name": "Người dùng facebook"
        },
        {
            "id": "100021207367211",
            "count": 0,
            "name": "Người dùng facebook"
        },
        {
            "id": "100075205794784",
            "count": 0,
            "name": "Người dùng facebook"
        },
        {
            "id": "100082050559535",
            "count": 0,
            "name": "Người dùng facebook"
        },
        {
            "id": "100083730756397",
            "count": 0,
            "name": "Người dùng facebook"
        },
        {
            "id": "100035348190654",
            "count": 0,
            "name": "Người dùng facebook"
        },
        {
            "id": "100053225581568",
            "count": 0,
            "name": "Người dùng facebook"
        },
        {
            "id": "100080988913991",
            "count": 0,
            "name": "Người dùng facebook"
        },
        {
            "id": "100071500861963",
            "count": 0,
            "name": "Người dùng facebook"
        },
        {
            "id": "100066228500117",
            "count": 0,
            "name": "Người dùng facebook"
        },
        {
            "id": "100048991578913",
            "count": 0,
            "name": "Người dùng facebook"
        },
        {
            "id": "100075210571146",
            "count": 0,
            "name": "Người dùng facebook"
        },
        {
            "id": "100042757568124",
            "count": 0,
            "name": "Người dùng facebook"
        },
        {
            "id": "100081771564581",
            "count": 0,
            "name": "Người dùng facebook"
        },
        {
            "id": "100036047179587",
            "count": 0,
            "name": "Người dùng facebook"
        },
        {
            "id": "100001737415862",
            "count": 0,
            "name": "Người dùng facebook"
        },
        {
            "id": "100083694187781",
            "count": 0,
            "name": "Người dùng facebook"
        },
        {
            "id": "100002000483218",
            "count": 0,
            "name": "Người dùng facebook"
        },
        {
            "id": "100076010689599",
            "count": 0,
            "name": "Người dùng facebook"
        },
        {
            "id": "100027297690829",
            "count": 0,
            "name": "Người dùng facebook"
        },
        {
            "id": "100078413925480",
            "count": 0,
            "name": "Người dùng facebook"
        },
        {
            "id": "100023383274248",
            "count": 0,
            "name": "Người dùng facebook"
        },
        {
            "id": "100000140389987",
            "count": 0,
            "name": "Người dùng facebook"
        },
        {
            "id": "100050010845452",
            "count": 0,
            "name": "Người dùng facebook"
        },
        {
            "id": "100057222008134",
            "count": 0,
            "name": "Người dùng facebook"
        },
        {
            "id": "100017492381536",
            "count": 0,
            "name": "Người dùng facebook"
        },
        {
            "id": "100001508023707",
            "count": 0,
            "name": "Người dùng facebook"
        },
        {
            "id": "100082249167063",
            "count": 0,
            "name": "Người dùng facebook"
        },
        {
            "id": "100083874120019",
            "count": 0,
            "name": "Người dùng facebook"
        },
        {
            "id": "100022738570845",
            "count": 0,
            "name": "Người dùng facebook"
        },
        {
            "id": "100083801793582",
            "count": 0,
            "name": "Người dùng facebook"
        },
        {
            "id": "100014225046287",
            "count": 0,
            "name": "Người dùng facebook"
        },
        {
            "id": "100001653221976",
            "count": 0,
            "name": "Người dùng facebook"
        },
        {
            "id": "100079017055391",
            "count": 0,
            "name": "Người dùng facebook"
        },
        {
            "id": "100000493374945",
            "count": 0,
            "name": "Người dùng facebook"
        },
        {
            "id": "100075869043706",
            "count": 0,
            "name": "Người dùng facebook"
        },
        {
            "id": "100001684936846",
            "count": 0,
            "name": "Người dùng facebook"
        },
        {
            "id": "100073675664502",
            "count": 0,
            "name": "Người dùng facebook"
        },
        {
            "id": "100024798762967",
            "count": 0,
            "name": "Người dùng facebook"
        },
        {
            "id": "1700991913",
            "count": 0,
            "name": "Người dùng facebook"
        },
        {
            "id": "752770143",
            "count": 0,
            "name": "Người dùng facebook"
        },
        {
            "id": "100066914445631",
            "count": 0,
            "name": "Người dùng facebook"
        },
        {
            "id": "100068722099921",
            "count": 0,
            "name": "Người dùng facebook"
        },
        {
            "id": "100063823081895",
            "count": 0,
            "name": "Người dùng facebook"
        },
        {
            "id": "100010556238514",
            "count": 0,
            "name": "Người dùng facebook"
        },
        {
            "id": "100000826718887",
            "count": 0,
            "name": "Người dùng facebook"
        },
        {
            "id": "100016889431166",
            "count": 0,
            "name": "Người dùng facebook"
        },
        {
            "id": "100057617537255",
            "count": 0,
            "name": "Người dùng facebook"
        },
        {
            "id": "100041346219244",
            "count": 0,
            "name": "Người dùng facebook"
        },
        {
            "id": "100072468265591",
            "count": 0,
            "name": "Người dùng facebook"
        },
        {
            "id": "100083731586148",
            "count": 0,
            "name": "Người dùng facebook"
        },
        {
            "id": "100084310980154",
            "count": 0,
            "name": "Người dùng facebook"
        },
        {
            "id": "100076744074556",
            "count": 0,
            "name": "Người dùng facebook"
        },
        {
            "id": "100075532184534",
            "count": 0,
            "name": "Người dùng facebook"
        },
        {
            "id": "100072540724279",
            "count": 0,
            "name": "Người dùng facebook"
        },
        {
            "id": "100004209935833",
            "count": 0,
            "name": "Người dùng facebook"
        },
        {
            "id": "100055676787014",
            "count": 0,
            "name": "Người dùng facebook"
        },
        {
            "id": "100077590367948",
            "count": 0,
            "name": "Người dùng facebook"
        },
        {
            "id": "100039286300660",
            "count": 0,
            "name": "Người dùng facebook"
        },
        {
            "id": "100082798484384",
            "count": 0,
            "name": "Người dùng facebook"
        },
        {
            "id": "100075698537191",
            "count": 0,
            "name": "Người dùng facebook"
        },
        {
            "id": "100075981180515",
            "count": 0,
            "name": "Người dùng facebook"
        },
        {
            "id": "100008112752074",
            "count": 0,
            "name": "Người dùng facebook"
        },
        {
            "id": "100044648601288",
            "count": 0,
            "name": "Người dùng facebook"
        },
        {
            "id": "100056999400139",
            "count": 0,
            "name": "Người dùng facebook"
        },
        {
            "id": "100084078463075",
            "count": 0,
            "name": "Người dùng facebook"
        },
        {
            "id": "100005460524632",
            "count": 0,
            "name": "Người dùng facebook"
        }
    ],
    "time": 6
}