{
    "total": [
        {
            "id": "100004906260496",
            "count": 0
        },
        {
            "id": "100025972303087",
            "count": 0
        },
        {
            "id": "100027358425826",
            "count": 0
        },
        {
            "id": "100032719155150",
            "count": 0
        },
        {
            "id": "100037773813301",
            "count": 0
        },
        {
            "id": "100040631714622",
            "count": 0
        },
        {
            "id": "100041220229653",
            "count": 0
        },
        {
            "id": "100041730666254",
            "count": 0
        },
        {
            "id": "100043251998390",
            "count": 0
        },
        {
            "id": "100046510204000",
            "count": 0
        },
        {
            "id": "100047086275120",
            "count": 0
        },
        {
            "id": "100047891721220",
            "count": 0
        },
        {
            "id": "100048705273245",
            "count": 0
        },
        {
            "id": "100048816261175",
            "count": 0
        },
        {
            "id": "100048848049508",
            "count": 0
        },
        {
            "id": "100050220636606",
            "count": 0
        },
        {
            "id": "100050477508179",
            "count": 0
        },
        {
            "id": "100050746592339",
            "count": 0
        },
        {
            "id": "100051381937841",
            "count": 0
        },
        {
            "id": "100051567590225",
            "count": 0
        },
        {
            "id": "100051985088789",
            "count": 0
        },
        {
            "id": "100052629851020",
            "count": 0
        },
        {
            "id": "100053887844833",
            "count": 0
        },
        {
            "id": "100054647137515",
            "count": 0
        },
        {
            "id": "100054738350800",
            "count": 0
        },
        {
            "id": "100054775489863",
            "count": 2
        },
        {
            "id": "100055893938210",
            "count": 0
        },
        {
            "id": "100056235016961",
            "count": 0
        },
        {
            "id": "100056732205328",
            "count": 0
        },
        {
            "id": "100058589343978",
            "count": 0
        },
        {
            "id": "100059630282763",
            "count": 1
        },
        {
            "id": "100060528481918",
            "count": 0
        },
        {
            "id": "100060660421380",
            "count": 0
        },
        {
            "id": "100060684412354",
            "count": 0
        },
        {
            "id": "100061002256713",
            "count": 0
        },
        {
            "id": "100061295130282",
            "count": 5
        },
        {
            "id": "100061357934030",
            "count": 0
        },
        {
            "id": "100063510781265",
            "count": 0
        },
        {
            "id": "100063849441314",
            "count": 0
        },
        {
            "id": "100064186645330",
            "count": 0
        },
        {
            "id": "100065565760239",
            "count": 0
        },
        {
            "id": "100065628939237",
            "count": 0
        },
        {
            "id": "100068422149755",
            "count": 0
        },
        {
            "id": "100068505891588",
            "count": 0
        },
        {
            "id": "100069531212211",
            "count": 0
        },
        {
            "id": "100069683572498",
            "count": 0
        },
        {
            "id": "100069881785790",
            "count": 10
        },
        {
            "id": "100070112170555",
            "count": 1
        },
        {
            "id": "100070330342264",
            "count": 0
        },
        {
            "id": "100070830066418",
            "count": 0
        },
        {
            "id": "100072076715370",
            "count": 0
        },
        {
            "id": "100072687972648",
            "count": 0
        },
        {
            "id": "100073428111335",
            "count": 0
        },
        {
            "id": "100073492583990",
            "count": 0
        },
        {
            "id": "100073902832337",
            "count": 0
        },
        {
            "id": "100073990215126",
            "count": 1
        },
        {
            "id": "100073995971726",
            "count": 0
        },
        {
            "id": "100074385364245",
            "count": 0
        },
        {
            "id": "100074506598095",
            "count": 0
        },
        {
            "id": "100074540160780",
            "count": 1
        },
        {
            "id": "100074645940467",
            "count": 0
        },
        {
            "id": "100074729392437",
            "count": 0
        },
        {
            "id": "100074838618488",
            "count": 0
        },
        {
            "id": "100074883840914",
            "count": 0
        },
        {
            "id": "100075037102158",
            "count": 13
        },
        {
            "id": "100075126306548",
            "count": 0
        },
        {
            "id": "100075211782824",
            "count": 0
        },
        {
            "id": "100075286473344",
            "count": 0
        },
        {
            "id": "100075487346371",
            "count": 0
        },
        {
            "id": "100075749212160",
            "count": 0
        },
        {
            "id": "100075800280492",
            "count": 1
        },
        {
            "id": "100076305849468",
            "count": 0
        },
        {
            "id": "100076325118423",
            "count": 0
        },
        {
            "id": "100076641666889",
            "count": 0
        },
        {
            "id": "100076977614772",
            "count": 0
        },
        {
            "id": "100077192841096",
            "count": 2
        },
        {
            "id": "100077416244072",
            "count": 8
        },
        {
            "id": "100077520399034",
            "count": 0
        },
        {
            "id": "100077530033255",
            "count": 0
        },
        {
            "id": "100077598844429",
            "count": 0
        },
        {
            "id": "100077709293095",
            "count": 2
        },
        {
            "id": "100077923159563",
            "count": 0
        },
        {
            "id": "100078011530049",
            "count": 0
        },
        {
            "id": "100079282822912",
            "count": 0
        },
        {
            "id": "100080714074829",
            "count": 0
        },
        {
            "id": "100082089951871",
            "count": 0
        }
    ],
    "week": [
        {
            "id": "100004906260496",
            "count": 0,
            "name": "Người dùng facebook"
        },
        {
            "id": "100025972303087",
            "count": 0,
            "name": "Người dùng facebook"
        },
        {
            "id": "100027358425826",
            "count": 0,
            "name": "Người dùng facebook"
        },
        {
            "id": "100032719155150",
            "count": 0,
            "name": "Người dùng facebook"
        },
        {
            "id": "100037773813301",
            "count": 0,
            "name": "Người dùng facebook"
        },
        {
            "id": "100040631714622",
            "count": 0,
            "name": "Người dùng facebook"
        },
        {
            "id": "100041220229653",
            "count": 0,
            "name": "Người dùng facebook"
        },
        {
            "id": "100041730666254",
            "count": 0,
            "name": "Người dùng facebook"
        },
        {
            "id": "100043251998390",
            "count": 0,
            "name": "Người dùng facebook"
        },
        {
            "id": "100046510204000",
            "count": 0,
            "name": "Người dùng facebook"
        },
        {
            "id": "100047086275120",
            "count": 0,
            "name": "Người dùng facebook"
        },
        {
            "id": "100047891721220",
            "count": 0,
            "name": "Người dùng facebook"
        },
        {
            "id": "100048705273245",
            "count": 0,
            "name": "Người dùng facebook"
        },
        {
            "id": "100048816261175",
            "count": 0,
            "name": "Người dùng facebook"
        },
        {
            "id": "100048848049508",
            "count": 0,
            "name": "Người dùng facebook"
        },
        {
            "id": "100050220636606",
            "count": 0,
            "name": "Người dùng facebook"
        },
        {
            "id": "100050477508179",
            "count": 0,
            "name": "Người dùng facebook"
        },
        {
            "id": "100050746592339",
            "count": 0,
            "name": "Người dùng facebook"
        },
        {
            "id": "100051381937841",
            "count": 0,
            "name": "Người dùng facebook"
        },
        {
            "id": "100051567590225",
            "count": 0,
            "name": "Người dùng facebook"
        },
        {
            "id": "100051985088789",
            "count": 0,
            "name": "Người dùng facebook"
        },
        {
            "id": "100052629851020",
            "count": 0,
            "name": "Người dùng facebook"
        },
        {
            "id": "100053887844833",
            "count": 0,
            "name": "Người dùng facebook"
        },
        {
            "id": "100054647137515",
            "count": 0,
            "name": "Người dùng facebook"
        },
        {
            "id": "100054738350800",
            "count": 0,
            "name": "Người dùng facebook"
        },
        {
            "id": "100054775489863",
            "count": 0,
            "name": "Người dùng facebook"
        },
        {
            "id": "100055893938210",
            "count": 0,
            "name": "Người dùng facebook"
        },
        {
            "id": "100056235016961",
            "count": 0,
            "name": "Người dùng facebook"
        },
        {
            "id": "100056732205328",
            "count": 0,
            "name": "Người dùng facebook"
        },
        {
            "id": "100058589343978",
            "count": 0,
            "name": "Người dùng facebook"
        },
        {
            "id": "100059630282763",
            "count": 0,
            "name": "Người dùng facebook"
        },
        {
            "id": "100060528481918",
            "count": 0,
            "name": "Người dùng facebook"
        },
        {
            "id": "100060660421380",
            "count": 0,
            "name": "Người dùng facebook"
        },
        {
            "id": "100060684412354",
            "count": 0,
            "name": "Người dùng facebook"
        },
        {
            "id": "100061002256713",
            "count": 0,
            "name": "Người dùng facebook"
        },
        {
            "id": "100061295130282",
            "count": 0,
            "name": "Người dùng facebook"
        },
        {
            "id": "100061357934030",
            "count": 0,
            "name": "Người dùng facebook"
        },
        {
            "id": "100063510781265",
            "count": 0,
            "name": "Người dùng facebook"
        },
        {
            "id": "100063849441314",
            "count": 0,
            "name": "Người dùng facebook"
        },
        {
            "id": "100064186645330",
            "count": 0,
            "name": "Người dùng facebook"
        },
        {
            "id": "100065565760239",
            "count": 0,
            "name": "Người dùng facebook"
        },
        {
            "id": "100065628939237",
            "count": 0,
            "name": "Người dùng facebook"
        },
        {
            "id": "100068422149755",
            "count": 0,
            "name": "Người dùng facebook"
        },
        {
            "id": "100068505891588",
            "count": 0,
            "name": "Người dùng facebook"
        },
        {
            "id": "100069531212211",
            "count": 0,
            "name": "Người dùng facebook"
        },
        {
            "id": "100069683572498",
            "count": 0,
            "name": "Người dùng facebook"
        },
        {
            "id": "100069881785790",
            "count": 0,
            "name": "Người dùng facebook"
        },
        {
            "id": "100070112170555",
            "count": 0,
            "name": "Người dùng facebook"
        },
        {
            "id": "100070330342264",
            "count": 0,
            "name": "Người dùng facebook"
        },
        {
            "id": "100070830066418",
            "count": 0,
            "name": "Người dùng facebook"
        },
        {
            "id": "100072076715370",
            "count": 0,
            "name": "Người dùng facebook"
        },
        {
            "id": "100072687972648",
            "count": 0,
            "name": "Người dùng facebook"
        },
        {
            "id": "100073428111335",
            "count": 0,
            "name": "Người dùng facebook"
        },
        {
            "id": "100073492583990",
            "count": 0,
            "name": "Người dùng facebook"
        },
        {
            "id": "100073902832337",
            "count": 0,
            "name": "Người dùng facebook"
        },
        {
            "id": "100073990215126",
            "count": 0,
            "name": "Người dùng facebook"
        },
        {
            "id": "100073995971726",
            "count": 0,
            "name": "Người dùng facebook"
        },
        {
            "id": "100074385364245",
            "count": 0,
            "name": "Người dùng facebook"
        },
        {
            "id": "100074506598095",
            "count": 0,
            "name": "Người dùng facebook"
        },
        {
            "id": "100074540160780",
            "count": 0,
            "name": "Người dùng facebook"
        },
        {
            "id": "100074645940467",
            "count": 0,
            "name": "Người dùng facebook"
        },
        {
            "id": "100074729392437",
            "count": 0,
            "name": "Người dùng facebook"
        },
        {
            "id": "100074838618488",
            "count": 0,
            "name": "Người dùng facebook"
        },
        {
            "id": "100074883840914",
            "count": 0,
            "name": "Người dùng facebook"
        },
        {
            "id": "100075037102158",
            "count": 0,
            "name": "Người dùng facebook"
        },
        {
            "id": "100075126306548",
            "count": 0,
            "name": "Người dùng facebook"
        },
        {
            "id": "100075211782824",
            "count": 0,
            "name": "Người dùng facebook"
        },
        {
            "id": "100075286473344",
            "count": 0,
            "name": "Người dùng facebook"
        },
        {
            "id": "100075487346371",
            "count": 0,
            "name": "Người dùng facebook"
        },
        {
            "id": "100075749212160",
            "count": 0,
            "name": "Người dùng facebook"
        },
        {
            "id": "100075800280492",
            "count": 0,
            "name": "Người dùng facebook"
        },
        {
            "id": "100076305849468",
            "count": 0,
            "name": "Người dùng facebook"
        },
        {
            "id": "100076325118423",
            "count": 0,
            "name": "Người dùng facebook"
        },
        {
            "id": "100076641666889",
            "count": 0,
            "name": "Người dùng facebook"
        },
        {
            "id": "100076977614772",
            "count": 0,
            "name": "Người dùng facebook"
        },
        {
            "id": "100077192841096",
            "count": 0,
            "name": "Người dùng facebook"
        },
        {
            "id": "100077416244072",
            "count": 0,
            "name": "Người dùng facebook"
        },
        {
            "id": "100077520399034",
            "count": 0,
            "name": "Người dùng facebook"
        },
        {
            "id": "100077530033255",
            "count": 0,
            "name": "Người dùng facebook"
        },
        {
            "id": "100077598844429",
            "count": 0,
            "name": "Người dùng facebook"
        },
        {
            "id": "100077709293095",
            "count": 0,
            "name": "Người dùng facebook"
        },
        {
            "id": "100077923159563",
            "count": 0,
            "name": "Người dùng facebook"
        },
        {
            "id": "100078011530049",
            "count": 0,
            "name": "Người dùng facebook"
        },
        {
            "id": "100079282822912",
            "count": 0,
            "name": "Người dùng facebook"
        },
        {
            "id": "100080714074829",
            "count": 0,
            "name": "Người dùng facebook"
        },
        {
            "id": "100082089951871",
            "count": 0,
            "name": "Người dùng facebook"
        }
    ],
    "day": [
        {
            "id": "100004906260496",
            "count": 0,
            "name": "Người dùng facebook"
        },
        {
            "id": "100025972303087",
            "count": 0,
            "name": "Người dùng facebook"
        },
        {
            "id": "100027358425826",
            "count": 0,
            "name": "Người dùng facebook"
        },
        {
            "id": "100032719155150",
            "count": 0,
            "name": "Người dùng facebook"
        },
        {
            "id": "100037773813301",
            "count": 0,
            "name": "Người dùng facebook"
        },
        {
            "id": "100040631714622",
            "count": 0,
            "name": "Người dùng facebook"
        },
        {
            "id": "100041220229653",
            "count": 0,
            "name": "Người dùng facebook"
        },
        {
            "id": "100041730666254",
            "count": 0,
            "name": "Người dùng facebook"
        },
        {
            "id": "100043251998390",
            "count": 0,
            "name": "Người dùng facebook"
        },
        {
            "id": "100046510204000",
            "count": 0,
            "name": "Người dùng facebook"
        },
        {
            "id": "100047086275120",
            "count": 0,
            "name": "Người dùng facebook"
        },
        {
            "id": "100047891721220",
            "count": 0,
            "name": "Người dùng facebook"
        },
        {
            "id": "100048705273245",
            "count": 0,
            "name": "Người dùng facebook"
        },
        {
            "id": "100048816261175",
            "count": 0,
            "name": "Người dùng facebook"
        },
        {
            "id": "100048848049508",
            "count": 0,
            "name": "Người dùng facebook"
        },
        {
            "id": "100050220636606",
            "count": 0,
            "name": "Người dùng facebook"
        },
        {
            "id": "100050477508179",
            "count": 0,
            "name": "Người dùng facebook"
        },
        {
            "id": "100050746592339",
            "count": 0,
            "name": "Người dùng facebook"
        },
        {
            "id": "100051381937841",
            "count": 0,
            "name": "Người dùng facebook"
        },
        {
            "id": "100051567590225",
            "count": 0,
            "name": "Người dùng facebook"
        },
        {
            "id": "100051985088789",
            "count": 0,
            "name": "Người dùng facebook"
        },
        {
            "id": "100052629851020",
            "count": 0,
            "name": "Người dùng facebook"
        },
        {
            "id": "100053887844833",
            "count": 0,
            "name": "Người dùng facebook"
        },
        {
            "id": "100054647137515",
            "count": 0,
            "name": "Người dùng facebook"
        },
        {
            "id": "100054738350800",
            "count": 0,
            "name": "Người dùng facebook"
        },
        {
            "id": "100054775489863",
            "count": 0,
            "name": "Người dùng facebook"
        },
        {
            "id": "100055893938210",
            "count": 0,
            "name": "Người dùng facebook"
        },
        {
            "id": "100056235016961",
            "count": 0,
            "name": "Người dùng facebook"
        },
        {
            "id": "100056732205328",
            "count": 0,
            "name": "Người dùng facebook"
        },
        {
            "id": "100058589343978",
            "count": 0,
            "name": "Người dùng facebook"
        },
        {
            "id": "100059630282763",
            "count": 0,
            "name": "Người dùng facebook"
        },
        {
            "id": "100060528481918",
            "count": 0,
            "name": "Người dùng facebook"
        },
        {
            "id": "100060660421380",
            "count": 0,
            "name": "Người dùng facebook"
        },
        {
            "id": "100060684412354",
            "count": 0,
            "name": "Người dùng facebook"
        },
        {
            "id": "100061002256713",
            "count": 0,
            "name": "Người dùng facebook"
        },
        {
            "id": "100061295130282",
            "count": 0,
            "name": "Người dùng facebook"
        },
        {
            "id": "100061357934030",
            "count": 0,
            "name": "Người dùng facebook"
        },
        {
            "id": "100063510781265",
            "count": 0,
            "name": "Người dùng facebook"
        },
        {
            "id": "100063849441314",
            "count": 0,
            "name": "Người dùng facebook"
        },
        {
            "id": "100064186645330",
            "count": 0,
            "name": "Người dùng facebook"
        },
        {
            "id": "100065565760239",
            "count": 0,
            "name": "Người dùng facebook"
        },
        {
            "id": "100065628939237",
            "count": 0,
            "name": "Người dùng facebook"
        },
        {
            "id": "100068422149755",
            "count": 0,
            "name": "Người dùng facebook"
        },
        {
            "id": "100068505891588",
            "count": 0,
            "name": "Người dùng facebook"
        },
        {
            "id": "100069531212211",
            "count": 0,
            "name": "Người dùng facebook"
        },
        {
            "id": "100069683572498",
            "count": 0,
            "name": "Người dùng facebook"
        },
        {
            "id": "100069881785790",
            "count": 0,
            "name": "Người dùng facebook"
        },
        {
            "id": "100070112170555",
            "count": 0,
            "name": "Người dùng facebook"
        },
        {
            "id": "100070330342264",
            "count": 0,
            "name": "Người dùng facebook"
        },
        {
            "id": "100070830066418",
            "count": 0,
            "name": "Người dùng facebook"
        },
        {
            "id": "100072076715370",
            "count": 0,
            "name": "Người dùng facebook"
        },
        {
            "id": "100072687972648",
            "count": 0,
            "name": "Người dùng facebook"
        },
        {
            "id": "100073428111335",
            "count": 0,
            "name": "Người dùng facebook"
        },
        {
            "id": "100073492583990",
            "count": 0,
            "name": "Người dùng facebook"
        },
        {
            "id": "100073902832337",
            "count": 0,
            "name": "Người dùng facebook"
        },
        {
            "id": "100073990215126",
            "count": 0,
            "name": "Người dùng facebook"
        },
        {
            "id": "100073995971726",
            "count": 0,
            "name": "Người dùng facebook"
        },
        {
            "id": "100074385364245",
            "count": 0,
            "name": "Người dùng facebook"
        },
        {
            "id": "100074506598095",
            "count": 0,
            "name": "Người dùng facebook"
        },
        {
            "id": "100074540160780",
            "count": 0,
            "name": "Người dùng facebook"
        },
        {
            "id": "100074645940467",
            "count": 0,
            "name": "Người dùng facebook"
        },
        {
            "id": "100074729392437",
            "count": 0,
            "name": "Người dùng facebook"
        },
        {
            "id": "100074838618488",
            "count": 0,
            "name": "Người dùng facebook"
        },
        {
            "id": "100074883840914",
            "count": 0,
            "name": "Người dùng facebook"
        },
        {
            "id": "100075037102158",
            "count": 0,
            "name": "Người dùng facebook"
        },
        {
            "id": "100075126306548",
            "count": 0,
            "name": "Người dùng facebook"
        },
        {
            "id": "100075211782824",
            "count": 0,
            "name": "Người dùng facebook"
        },
        {
            "id": "100075286473344",
            "count": 0,
            "name": "Người dùng facebook"
        },
        {
            "id": "100075487346371",
            "count": 0,
            "name": "Người dùng facebook"
        },
        {
            "id": "100075749212160",
            "count": 0,
            "name": "Người dùng facebook"
        },
        {
            "id": "100075800280492",
            "count": 0,
            "name": "Người dùng facebook"
        },
        {
            "id": "100076305849468",
            "count": 0,
            "name": "Người dùng facebook"
        },
        {
            "id": "100076325118423",
            "count": 0,
            "name": "Người dùng facebook"
        },
        {
            "id": "100076641666889",
            "count": 0,
            "name": "Người dùng facebook"
        },
        {
            "id": "100076977614772",
            "count": 0,
            "name": "Người dùng facebook"
        },
        {
            "id": "100077192841096",
            "count": 0,
            "name": "Người dùng facebook"
        },
        {
            "id": "100077416244072",
            "count": 0,
            "name": "Người dùng facebook"
        },
        {
            "id": "100077520399034",
            "count": 0,
            "name": "Người dùng facebook"
        },
        {
            "id": "100077530033255",
            "count": 0,
            "name": "Người dùng facebook"
        },
        {
            "id": "100077598844429",
            "count": 0,
            "name": "Người dùng facebook"
        },
        {
            "id": "100077709293095",
            "count": 0,
            "name": "Người dùng facebook"
        },
        {
            "id": "100077923159563",
            "count": 0,
            "name": "Người dùng facebook"
        },
        {
            "id": "100078011530049",
            "count": 0,
            "name": "Người dùng facebook"
        },
        {
            "id": "100079282822912",
            "count": 0,
            "name": "Người dùng facebook"
        },
        {
            "id": "100080714074829",
            "count": 0,
            "name": "Người dùng facebook"
        },
        {
            "id": "100082089951871",
            "count": 0,
            "name": "Người dùng facebook"
        }
    ],
    "time": 6
}