{
    "total": [
        {
            "id": "518134441",
            "count": 9
        },
        {
            "id": "100001181227846",
            "count": 11
        },
        {
            "id": "100009628543176",
            "count": 1
        },
        {
            "id": "100010997414066",
            "count": 0
        },
        {
            "id": "100012634154731",
            "count": 12
        },
        {
            "id": "100014039831218",
            "count": 7
        },
        {
            "id": "100018042155904",
            "count": 0
        },
        {
            "id": "100023009165068",
            "count": 19
        },
        {
            "id": "100023250277879",
            "count": 329
        },
        {
            "id": "100023988515210",
            "count": 0
        },
        {
            "id": "100024073343665",
            "count": 7
        },
        {
            "id": "100025311444012",
            "count": 139
        },
        {
            "id": "100026680422883",
            "count": 57
        },
        {
            "id": "100027692177344",
            "count": 6
        },
        {
            "id": "100029069084975",
            "count": 95
        },
        {
            "id": "100029667350126",
            "count": 30
        },
        {
            "id": "100032709110124",
            "count": 0
        },
        {
            "id": "100033835093709",
            "count": 0
        },
        {
            "id": "100034075988224",
            "count": 8
        },
        {
            "id": "100034203683582",
            "count": 27
        },
        {
            "id": "100034569466843",
            "count": 11
        },
        {
            "id": "100035321221560",
            "count": 9
        },
        {
            "id": "100035855289018",
            "count": 0
        },
        {
            "id": "100037359975589",
            "count": 23
        },
        {
            "id": "100037945953397",
            "count": 1258
        },
        {
            "id": "100038348750976",
            "count": 0
        },
        {
            "id": "100039394696175",
            "count": 1
        },
        {
            "id": "100040691166747",
            "count": 4
        },
        {
            "id": "100041941642093",
            "count": 0
        },
        {
            "id": "100043137972740",
            "count": 0
        },
        {
            "id": "100043526952437",
            "count": 1
        },
        {
            "id": "100043722909992",
            "count": 15
        },
        {
            "id": "100043964110917",
            "count": 0
        },
        {
            "id": "100044173753360",
            "count": 0
        },
        {
            "id": "100044460531960",
            "count": 22
        },
        {
            "id": "100044599571470",
            "count": 0
        },
        {
            "id": "100045105229155",
            "count": 0
        },
        {
            "id": "100045451251329",
            "count": 1
        },
        {
            "id": "100046690581264",
            "count": 3
        },
        {
            "id": "100047368261655",
            "count": 0
        },
        {
            "id": "100047401150819",
            "count": 0
        },
        {
            "id": "100048006425904",
            "count": 0
        },
        {
            "id": "100048547385352",
            "count": 15
        },
        {
            "id": "100048713221089",
            "count": 0
        },
        {
            "id": "100048951772777",
            "count": 1
        },
        {
            "id": "100049707612759",
            "count": 17
        },
        {
            "id": "100050451192025",
            "count": 0
        },
        {
            "id": "100050534989377",
            "count": 40
        },
        {
            "id": "100050586953764",
            "count": 4
        },
        {
            "id": "100050609571758",
            "count": 80
        },
        {
            "id": "100051217323121",
            "count": 14
        },
        {
            "id": "100051509346714",
            "count": 16
        },
        {
            "id": "100051607582891",
            "count": 0
        },
        {
            "id": "100051797889561",
            "count": 3
        },
        {
            "id": "100051811242361",
            "count": 5
        },
        {
            "id": "100051843187901",
            "count": 0
        },
        {
            "id": "100053154881249",
            "count": 0
        },
        {
            "id": "100053950685428",
            "count": 1
        },
        {
            "id": "100053952702549",
            "count": 7
        },
        {
            "id": "100054082112175",
            "count": 59
        },
        {
            "id": "100054288573215",
            "count": 0
        },
        {
            "id": "100054428477821",
            "count": 2306
        },
        {
            "id": "100054574896118",
            "count": 14
        },
        {
            "id": "100054685699026",
            "count": 56
        },
        {
            "id": "100055552030081",
            "count": 0
        },
        {
            "id": "100055919642732",
            "count": 175
        },
        {
            "id": "100056229816268",
            "count": 8
        },
        {
            "id": "100056487696991",
            "count": 0
        },
        {
            "id": "100056509695609",
            "count": 0
        },
        {
            "id": "100056783726744",
            "count": 60
        },
        {
            "id": "100057379870348",
            "count": 0
        },
        {
            "id": "100057646954383",
            "count": 3
        },
        {
            "id": "100058316611363",
            "count": 0
        },
        {
            "id": "100058717065829",
            "count": 0
        },
        {
            "id": "100058818071065",
            "count": 22
        },
        {
            "id": "100059817775686",
            "count": 37
        },
        {
            "id": "100060825355972",
            "count": 15
        },
        {
            "id": "100061129892486",
            "count": 2
        },
        {
            "id": "100062234659599",
            "count": 0
        },
        {
            "id": "100062833323026",
            "count": 8
        },
        {
            "id": "100063526943054",
            "count": 686
        },
        {
            "id": "100063667672319",
            "count": 7
        },
        {
            "id": "100064522072547",
            "count": 0
        },
        {
            "id": "100064619749234",
            "count": 0
        },
        {
            "id": "100065082908626",
            "count": 0
        },
        {
            "id": "100065140814995",
            "count": 40
        },
        {
            "id": "100065285450239",
            "count": 145
        },
        {
            "id": "100065430669235",
            "count": 1
        },
        {
            "id": "100065837160595",
            "count": 8
        },
        {
            "id": "100065860294378",
            "count": 0
        },
        {
            "id": "100066291417289",
            "count": 1705
        },
        {
            "id": "100066446934180",
            "count": 2
        },
        {
            "id": "100066500730588",
            "count": 5
        },
        {
            "id": "100067083429948",
            "count": 1167
        },
        {
            "id": "100067454075611",
            "count": 2
        },
        {
            "id": "100067685957538",
            "count": 358
        },
        {
            "id": "100068249065436",
            "count": 8
        },
        {
            "id": "100068870346987",
            "count": 0
        },
        {
            "id": "100068911817552",
            "count": 35
        },
        {
            "id": "100069293450366",
            "count": 10
        },
        {
            "id": "100069419966407",
            "count": 1
        },
        {
            "id": "100069594561696",
            "count": 17
        },
        {
            "id": "100070193393492",
            "count": 0
        },
        {
            "id": "100070453630481",
            "count": 15
        },
        {
            "id": "100070606764520",
            "count": 1
        },
        {
            "id": "100070816812120",
            "count": 855
        },
        {
            "id": "100070995693356",
            "count": 20
        },
        {
            "id": "100071186719831",
            "count": 0
        },
        {
            "id": "100071264745266",
            "count": 132
        },
        {
            "id": "100072207751851",
            "count": 4
        },
        {
            "id": "100072420305460",
            "count": 0
        },
        {
            "id": "100072572621481",
            "count": 3
        },
        {
            "id": "100072585176597",
            "count": 0
        },
        {
            "id": "100072585367612",
            "count": 0
        },
        {
            "id": "100072919746416",
            "count": 5
        },
        {
            "id": "100073278057802",
            "count": 0
        },
        {
            "id": "100073443390801",
            "count": 0
        },
        {
            "id": "100073450943010",
            "count": 0
        },
        {
            "id": "100073592963506",
            "count": 2
        },
        {
            "id": "100073732483894",
            "count": 0
        },
        {
            "id": "100074042246804",
            "count": 0
        },
        {
            "id": "100074142446964",
            "count": 0
        },
        {
            "id": "100074307927161",
            "count": 12
        },
        {
            "id": "100074514519695",
            "count": 0
        },
        {
            "id": "100074519264274",
            "count": 34
        },
        {
            "id": "100074627135307",
            "count": 9
        },
        {
            "id": "100074776795465",
            "count": 24
        },
        {
            "id": "100074788397782",
            "count": 0
        },
        {
            "id": "100075055494772",
            "count": 0
        },
        {
            "id": "100075130560236",
            "count": 0
        },
        {
            "id": "100075395052214",
            "count": 2
        },
        {
            "id": "100075641543556",
            "count": 0
        },
        {
            "id": "100076017582795",
            "count": 1
        },
        {
            "id": "100076283434605",
            "count": 3
        },
        {
            "id": "100076819593471",
            "count": 20
        },
        {
            "id": "100076940071421",
            "count": 0
        },
        {
            "id": "100077087511370",
            "count": 467
        },
        {
            "id": "100077277356016",
            "count": 0
        },
        {
            "id": "100077430226072",
            "count": 4
        },
        {
            "id": "100077439735667",
            "count": 10
        },
        {
            "id": "100077505720546",
            "count": 0
        },
        {
            "id": "100077534169088",
            "count": 9
        },
        {
            "id": "100077537109850",
            "count": 24
        },
        {
            "id": "100077563464833",
            "count": 43
        },
        {
            "id": "100077963333929",
            "count": 19
        },
        {
            "id": "100078170504282",
            "count": 0
        },
        {
            "id": "100078717081487",
            "count": 54
        },
        {
            "id": "100078724063793",
            "count": 1
        },
        {
            "id": "100078866804206",
            "count": 3
        },
        {
            "id": "100079044740022",
            "count": 5
        },
        {
            "id": "100079195650389",
            "count": 230
        },
        {
            "id": "100079471192712",
            "count": 0
        },
        {
            "id": "100079727653895",
            "count": 11
        },
        {
            "id": "100079749797292",
            "count": 2
        },
        {
            "id": "100080136623462",
            "count": 6
        },
        {
            "id": "100080177085485",
            "count": 0
        },
        {
            "id": "100080197641480",
            "count": 408
        },
        {
            "id": "100080285979031",
            "count": 75
        },
        {
            "id": "100081057986208",
            "count": 0
        },
        {
            "id": "100081094384635",
            "count": 0
        },
        {
            "id": "100081694092862",
            "count": 17
        },
        {
            "id": "100082101235468",
            "count": 0
        },
        {
            "id": "100082311138021",
            "count": 7
        },
        {
            "id": "100082332576909",
            "count": 3
        },
        {
            "id": "100082545915701",
            "count": 20
        },
        {
            "id": "100082575471020",
            "count": 0
        },
        {
            "id": "100082648612972",
            "count": 0
        },
        {
            "id": "100082695435882",
            "count": 0
        },
        {
            "id": "100082723903365",
            "count": 0
        },
        {
            "id": "100082853550962",
            "count": 1
        },
        {
            "id": "100082874710920",
            "count": 0
        },
        {
            "id": "100070290910610",
            "count": 12
        },
        {
            "id": "100070812386041",
            "count": 308
        },
        {
            "id": "100035322643832",
            "count": 16
        },
        {
            "id": "100063592207921",
            "count": 13
        },
        {
            "id": "100081951181648",
            "count": 128
        },
        {
            "id": "100050683043519",
            "count": 5
        },
        {
            "id": "100065099298851",
            "count": 6
        },
        {
            "id": "100074249843154",
            "count": 3
        },
        {
            "id": "100049749014989",
            "count": 41
        },
        {
            "id": "100079017055391",
            "count": 21
        },
        {
            "id": "100083081180954",
            "count": 46
        },
        {
            "id": "100082910404757",
            "count": 57
        },
        {
            "id": "100065095141252",
            "count": 2
        }
    ],
    "week": [
        {
            "id": "518134441",
            "count": 0,
            "name": "Người dùng facebook"
        },
        {
            "id": "100001181227846",
            "count": 0,
            "name": "Người dùng facebook"
        },
        {
            "id": "100009628543176",
            "count": 0,
            "name": "Người dùng facebook"
        },
        {
            "id": "100010997414066",
            "count": 0,
            "name": "Người dùng facebook"
        },
        {
            "id": "100012634154731",
            "count": 0,
            "name": "Người dùng facebook"
        },
        {
            "id": "100014039831218",
            "count": 0,
            "name": "Người dùng facebook"
        },
        {
            "id": "100018042155904",
            "count": 0,
            "name": "Người dùng facebook"
        },
        {
            "id": "100023009165068",
            "count": 0,
            "name": "Người dùng facebook"
        },
        {
            "id": "100023250277879",
            "count": 0,
            "name": "Người dùng facebook"
        },
        {
            "id": "100023988515210",
            "count": 0,
            "name": "Người dùng facebook"
        },
        {
            "id": "100024073343665",
            "count": 0,
            "name": "Người dùng facebook"
        },
        {
            "id": "100025311444012",
            "count": 0,
            "name": "Người dùng facebook"
        },
        {
            "id": "100026680422883",
            "count": 0,
            "name": "Người dùng facebook"
        },
        {
            "id": "100027692177344",
            "count": 0,
            "name": "Người dùng facebook"
        },
        {
            "id": "100029069084975",
            "count": 0,
            "name": "Người dùng facebook"
        },
        {
            "id": "100029667350126",
            "count": 0,
            "name": "Người dùng facebook"
        },
        {
            "id": "100032709110124",
            "count": 0,
            "name": "Người dùng facebook"
        },
        {
            "id": "100033835093709",
            "count": 0,
            "name": "Người dùng facebook"
        },
        {
            "id": "100034075988224",
            "count": 0,
            "name": "Người dùng facebook"
        },
        {
            "id": "100034203683582",
            "count": 0,
            "name": "Người dùng facebook"
        },
        {
            "id": "100034569466843",
            "count": 0,
            "name": "Người dùng facebook"
        },
        {
            "id": "100035321221560",
            "count": 0,
            "name": "Người dùng facebook"
        },
        {
            "id": "100035855289018",
            "count": 0,
            "name": "Người dùng facebook"
        },
        {
            "id": "100037359975589",
            "count": 0,
            "name": "Người dùng facebook"
        },
        {
            "id": "100037945953397",
            "count": 0,
            "name": "Người dùng facebook"
        },
        {
            "id": "100038348750976",
            "count": 0,
            "name": "Người dùng facebook"
        },
        {
            "id": "100039394696175",
            "count": 0,
            "name": "Người dùng facebook"
        },
        {
            "id": "100040691166747",
            "count": 0,
            "name": "Người dùng facebook"
        },
        {
            "id": "100041941642093",
            "count": 0,
            "name": "Người dùng facebook"
        },
        {
            "id": "100043137972740",
            "count": 0,
            "name": "Người dùng facebook"
        },
        {
            "id": "100043526952437",
            "count": 0,
            "name": "Người dùng facebook"
        },
        {
            "id": "100043722909992",
            "count": 0,
            "name": "Người dùng facebook"
        },
        {
            "id": "100043964110917",
            "count": 0,
            "name": "Người dùng facebook"
        },
        {
            "id": "100044173753360",
            "count": 0,
            "name": "Người dùng facebook"
        },
        {
            "id": "100044460531960",
            "count": 0,
            "name": "Người dùng facebook"
        },
        {
            "id": "100044599571470",
            "count": 0,
            "name": "Người dùng facebook"
        },
        {
            "id": "100045105229155",
            "count": 0,
            "name": "Người dùng facebook"
        },
        {
            "id": "100045451251329",
            "count": 0,
            "name": "Người dùng facebook"
        },
        {
            "id": "100046690581264",
            "count": 0,
            "name": "Người dùng facebook"
        },
        {
            "id": "100047368261655",
            "count": 0,
            "name": "Người dùng facebook"
        },
        {
            "id": "100047401150819",
            "count": 0,
            "name": "Người dùng facebook"
        },
        {
            "id": "100048006425904",
            "count": 0,
            "name": "Người dùng facebook"
        },
        {
            "id": "100048547385352",
            "count": 0,
            "name": "Người dùng facebook"
        },
        {
            "id": "100048713221089",
            "count": 0,
            "name": "Người dùng facebook"
        },
        {
            "id": "100048951772777",
            "count": 0,
            "name": "Người dùng facebook"
        },
        {
            "id": "100049707612759",
            "count": 0,
            "name": "Người dùng facebook"
        },
        {
            "id": "100050451192025",
            "count": 0,
            "name": "Người dùng facebook"
        },
        {
            "id": "100050534989377",
            "count": 0,
            "name": "Người dùng facebook"
        },
        {
            "id": "100050586953764",
            "count": 0,
            "name": "Người dùng facebook"
        },
        {
            "id": "100050609571758",
            "count": 0,
            "name": "Người dùng facebook"
        },
        {
            "id": "100051217323121",
            "count": 0,
            "name": "Người dùng facebook"
        },
        {
            "id": "100051509346714",
            "count": 0,
            "name": "Người dùng facebook"
        },
        {
            "id": "100051607582891",
            "count": 0,
            "name": "Người dùng facebook"
        },
        {
            "id": "100051797889561",
            "count": 0,
            "name": "Người dùng facebook"
        },
        {
            "id": "100051811242361",
            "count": 0,
            "name": "Người dùng facebook"
        },
        {
            "id": "100051843187901",
            "count": 0,
            "name": "Người dùng facebook"
        },
        {
            "id": "100053154881249",
            "count": 0,
            "name": "Người dùng facebook"
        },
        {
            "id": "100053950685428",
            "count": 0,
            "name": "Người dùng facebook"
        },
        {
            "id": "100053952702549",
            "count": 0,
            "name": "Người dùng facebook"
        },
        {
            "id": "100054082112175",
            "count": 0,
            "name": "Người dùng facebook"
        },
        {
            "id": "100054288573215",
            "count": 0,
            "name": "Người dùng facebook"
        },
        {
            "id": "100054428477821",
            "count": 0,
            "name": "Người dùng facebook"
        },
        {
            "id": "100054574896118",
            "count": 0,
            "name": "Người dùng facebook"
        },
        {
            "id": "100054685699026",
            "count": 0,
            "name": "Người dùng facebook"
        },
        {
            "id": "100055552030081",
            "count": 0,
            "name": "Người dùng facebook"
        },
        {
            "id": "100055919642732",
            "count": 0,
            "name": "Người dùng facebook"
        },
        {
            "id": "100056229816268",
            "count": 0,
            "name": "Người dùng facebook"
        },
        {
            "id": "100056487696991",
            "count": 0,
            "name": "Người dùng facebook"
        },
        {
            "id": "100056509695609",
            "count": 0,
            "name": "Người dùng facebook"
        },
        {
            "id": "100056783726744",
            "count": 0,
            "name": "Người dùng facebook"
        },
        {
            "id": "100057379870348",
            "count": 0,
            "name": "Người dùng facebook"
        },
        {
            "id": "100057646954383",
            "count": 0,
            "name": "Người dùng facebook"
        },
        {
            "id": "100058316611363",
            "count": 0,
            "name": "Người dùng facebook"
        },
        {
            "id": "100058717065829",
            "count": 0,
            "name": "Người dùng facebook"
        },
        {
            "id": "100058818071065",
            "count": 0,
            "name": "Người dùng facebook"
        },
        {
            "id": "100059817775686",
            "count": 0,
            "name": "Người dùng facebook"
        },
        {
            "id": "100060825355972",
            "count": 0,
            "name": "Người dùng facebook"
        },
        {
            "id": "100061129892486",
            "count": 0,
            "name": "Người dùng facebook"
        },
        {
            "id": "100062234659599",
            "count": 0,
            "name": "Người dùng facebook"
        },
        {
            "id": "100062833323026",
            "count": 0,
            "name": "Người dùng facebook"
        },
        {
            "id": "100063526943054",
            "count": 0,
            "name": "Người dùng facebook"
        },
        {
            "id": "100063667672319",
            "count": 0,
            "name": "Người dùng facebook"
        },
        {
            "id": "100064522072547",
            "count": 0,
            "name": "Người dùng facebook"
        },
        {
            "id": "100064619749234",
            "count": 0,
            "name": "Người dùng facebook"
        },
        {
            "id": "100065082908626",
            "count": 0,
            "name": "Người dùng facebook"
        },
        {
            "id": "100065140814995",
            "count": 0,
            "name": "Người dùng facebook"
        },
        {
            "id": "100065285450239",
            "count": 0,
            "name": "Người dùng facebook"
        },
        {
            "id": "100065430669235",
            "count": 0,
            "name": "Người dùng facebook"
        },
        {
            "id": "100065837160595",
            "count": 0,
            "name": "Người dùng facebook"
        },
        {
            "id": "100065860294378",
            "count": 0,
            "name": "Người dùng facebook"
        },
        {
            "id": "100066291417289",
            "count": 0,
            "name": "Người dùng facebook"
        },
        {
            "id": "100066446934180",
            "count": 0,
            "name": "Người dùng facebook"
        },
        {
            "id": "100066500730588",
            "count": 0,
            "name": "Người dùng facebook"
        },
        {
            "id": "100067083429948",
            "count": 0,
            "name": "Người dùng facebook"
        },
        {
            "id": "100067454075611",
            "count": 0,
            "name": "Người dùng facebook"
        },
        {
            "id": "100067685957538",
            "count": 0,
            "name": "Người dùng facebook"
        },
        {
            "id": "100068249065436",
            "count": 0,
            "name": "Người dùng facebook"
        },
        {
            "id": "100068870346987",
            "count": 0,
            "name": "Người dùng facebook"
        },
        {
            "id": "100068911817552",
            "count": 0,
            "name": "Người dùng facebook"
        },
        {
            "id": "100069293450366",
            "count": 0,
            "name": "Người dùng facebook"
        },
        {
            "id": "100069419966407",
            "count": 0,
            "name": "Người dùng facebook"
        },
        {
            "id": "100069594561696",
            "count": 0,
            "name": "Người dùng facebook"
        },
        {
            "id": "100070193393492",
            "count": 0,
            "name": "Người dùng facebook"
        },
        {
            "id": "100070453630481",
            "count": 0,
            "name": "Người dùng facebook"
        },
        {
            "id": "100070606764520",
            "count": 0,
            "name": "Người dùng facebook"
        },
        {
            "id": "100070816812120",
            "count": 0,
            "name": "Người dùng facebook"
        },
        {
            "id": "100070995693356",
            "count": 0,
            "name": "Người dùng facebook"
        },
        {
            "id": "100071186719831",
            "count": 0,
            "name": "Người dùng facebook"
        },
        {
            "id": "100071264745266",
            "count": 0,
            "name": "Người dùng facebook"
        },
        {
            "id": "100072207751851",
            "count": 0,
            "name": "Người dùng facebook"
        },
        {
            "id": "100072420305460",
            "count": 0,
            "name": "Người dùng facebook"
        },
        {
            "id": "100072572621481",
            "count": 0,
            "name": "Người dùng facebook"
        },
        {
            "id": "100072585176597",
            "count": 0,
            "name": "Người dùng facebook"
        },
        {
            "id": "100072585367612",
            "count": 0,
            "name": "Người dùng facebook"
        },
        {
            "id": "100072919746416",
            "count": 0,
            "name": "Người dùng facebook"
        },
        {
            "id": "100073278057802",
            "count": 0,
            "name": "Người dùng facebook"
        },
        {
            "id": "100073443390801",
            "count": 0,
            "name": "Người dùng facebook"
        },
        {
            "id": "100073450943010",
            "count": 0,
            "name": "Người dùng facebook"
        },
        {
            "id": "100073592963506",
            "count": 0,
            "name": "Người dùng facebook"
        },
        {
            "id": "100073732483894",
            "count": 0,
            "name": "Người dùng facebook"
        },
        {
            "id": "100074042246804",
            "count": 0,
            "name": "Người dùng facebook"
        },
        {
            "id": "100074142446964",
            "count": 0,
            "name": "Người dùng facebook"
        },
        {
            "id": "100074307927161",
            "count": 0,
            "name": "Người dùng facebook"
        },
        {
            "id": "100074514519695",
            "count": 0,
            "name": "Người dùng facebook"
        },
        {
            "id": "100074519264274",
            "count": 0,
            "name": "Người dùng facebook"
        },
        {
            "id": "100074627135307",
            "count": 0,
            "name": "Người dùng facebook"
        },
        {
            "id": "100074776795465",
            "count": 0,
            "name": "Người dùng facebook"
        },
        {
            "id": "100074788397782",
            "count": 0,
            "name": "Người dùng facebook"
        },
        {
            "id": "100075055494772",
            "count": 0,
            "name": "Người dùng facebook"
        },
        {
            "id": "100075130560236",
            "count": 0,
            "name": "Người dùng facebook"
        },
        {
            "id": "100075395052214",
            "count": 0,
            "name": "Người dùng facebook"
        },
        {
            "id": "100075641543556",
            "count": 0,
            "name": "Người dùng facebook"
        },
        {
            "id": "100076017582795",
            "count": 0,
            "name": "Người dùng facebook"
        },
        {
            "id": "100076283434605",
            "count": 0,
            "name": "Người dùng facebook"
        },
        {
            "id": "100076819593471",
            "count": 0,
            "name": "Người dùng facebook"
        },
        {
            "id": "100076940071421",
            "count": 0,
            "name": "Người dùng facebook"
        },
        {
            "id": "100077087511370",
            "count": 0,
            "name": "Người dùng facebook"
        },
        {
            "id": "100077277356016",
            "count": 0,
            "name": "Người dùng facebook"
        },
        {
            "id": "100077430226072",
            "count": 0,
            "name": "Người dùng facebook"
        },
        {
            "id": "100077439735667",
            "count": 0,
            "name": "Người dùng facebook"
        },
        {
            "id": "100077505720546",
            "count": 0,
            "name": "Người dùng facebook"
        },
        {
            "id": "100077534169088",
            "count": 0,
            "name": "Người dùng facebook"
        },
        {
            "id": "100077537109850",
            "count": 0,
            "name": "Người dùng facebook"
        },
        {
            "id": "100077563464833",
            "count": 0,
            "name": "Người dùng facebook"
        },
        {
            "id": "100077963333929",
            "count": 0,
            "name": "Người dùng facebook"
        },
        {
            "id": "100078170504282",
            "count": 0,
            "name": "Người dùng facebook"
        },
        {
            "id": "100078717081487",
            "count": 0,
            "name": "Người dùng facebook"
        },
        {
            "id": "100078724063793",
            "count": 0,
            "name": "Người dùng facebook"
        },
        {
            "id": "100078866804206",
            "count": 0,
            "name": "Người dùng facebook"
        },
        {
            "id": "100079044740022",
            "count": 0,
            "name": "Người dùng facebook"
        },
        {
            "id": "100079195650389",
            "count": 0,
            "name": "Người dùng facebook"
        },
        {
            "id": "100079471192712",
            "count": 0,
            "name": "Người dùng facebook"
        },
        {
            "id": "100079727653895",
            "count": 0,
            "name": "Người dùng facebook"
        },
        {
            "id": "100079749797292",
            "count": 0,
            "name": "Người dùng facebook"
        },
        {
            "id": "100080136623462",
            "count": 0,
            "name": "Người dùng facebook"
        },
        {
            "id": "100080177085485",
            "count": 0,
            "name": "Người dùng facebook"
        },
        {
            "id": "100080197641480",
            "count": 0,
            "name": "Người dùng facebook"
        },
        {
            "id": "100080285979031",
            "count": 0,
            "name": "Người dùng facebook"
        },
        {
            "id": "100081057986208",
            "count": 0,
            "name": "Người dùng facebook"
        },
        {
            "id": "100081094384635",
            "count": 0,
            "name": "Người dùng facebook"
        },
        {
            "id": "100081694092862",
            "count": 0,
            "name": "Người dùng facebook"
        },
        {
            "id": "100082101235468",
            "count": 0,
            "name": "Người dùng facebook"
        },
        {
            "id": "100082311138021",
            "count": 0,
            "name": "Người dùng facebook"
        },
        {
            "id": "100082332576909",
            "count": 0,
            "name": "Người dùng facebook"
        },
        {
            "id": "100082545915701",
            "count": 0,
            "name": "Người dùng facebook"
        },
        {
            "id": "100082575471020",
            "count": 0,
            "name": "Người dùng facebook"
        },
        {
            "id": "100082648612972",
            "count": 0,
            "name": "Người dùng facebook"
        },
        {
            "id": "100082695435882",
            "count": 0,
            "name": "Người dùng facebook"
        },
        {
            "id": "100082723903365",
            "count": 0,
            "name": "Người dùng facebook"
        },
        {
            "id": "100082853550962",
            "count": 0,
            "name": "Người dùng facebook"
        },
        {
            "id": "100082874710920",
            "count": 0,
            "name": "Người dùng facebook"
        },
        {
            "id": "100070290910610",
            "count": 0,
            "name": "Người dùng facebook"
        },
        {
            "id": "100070812386041",
            "count": 0,
            "name": "Người dùng facebook"
        },
        {
            "id": "100035322643832",
            "count": 0,
            "name": "Người dùng facebook"
        },
        {
            "id": "100063592207921",
            "count": 0,
            "name": "Người dùng facebook"
        },
        {
            "id": "100081951181648",
            "count": 0,
            "name": "Người dùng facebook"
        },
        {
            "id": "100050683043519",
            "count": 0,
            "name": "Người dùng facebook"
        },
        {
            "id": "100065099298851",
            "count": 0,
            "name": "Người dùng facebook"
        },
        {
            "id": "100074249843154",
            "count": 0,
            "name": "Người dùng facebook"
        },
        {
            "id": "100049749014989",
            "count": 0,
            "name": "Người dùng facebook"
        },
        {
            "id": "100079017055391",
            "count": 0,
            "name": "Người dùng facebook"
        },
        {
            "id": "100083081180954",
            "count": 0,
            "name": "Người dùng facebook"
        },
        {
            "id": "100082910404757",
            "count": 0,
            "name": "Người dùng facebook"
        },
        {
            "id": "100065095141252",
            "count": 0,
            "name": "Người dùng facebook"
        }
    ],
    "day": [
        {
            "id": "518134441",
            "count": 0,
            "name": "Người dùng facebook"
        },
        {
            "id": "100001181227846",
            "count": 0,
            "name": "Người dùng facebook"
        },
        {
            "id": "100009628543176",
            "count": 0,
            "name": "Người dùng facebook"
        },
        {
            "id": "100010997414066",
            "count": 0,
            "name": "Người dùng facebook"
        },
        {
            "id": "100012634154731",
            "count": 0,
            "name": "Người dùng facebook"
        },
        {
            "id": "100014039831218",
            "count": 0,
            "name": "Người dùng facebook"
        },
        {
            "id": "100018042155904",
            "count": 0,
            "name": "Người dùng facebook"
        },
        {
            "id": "100023009165068",
            "count": 0,
            "name": "Người dùng facebook"
        },
        {
            "id": "100023250277879",
            "count": 0,
            "name": "Người dùng facebook"
        },
        {
            "id": "100023988515210",
            "count": 0,
            "name": "Người dùng facebook"
        },
        {
            "id": "100024073343665",
            "count": 0,
            "name": "Người dùng facebook"
        },
        {
            "id": "100025311444012",
            "count": 0,
            "name": "Người dùng facebook"
        },
        {
            "id": "100026680422883",
            "count": 0,
            "name": "Người dùng facebook"
        },
        {
            "id": "100027692177344",
            "count": 0,
            "name": "Người dùng facebook"
        },
        {
            "id": "100029069084975",
            "count": 0,
            "name": "Người dùng facebook"
        },
        {
            "id": "100029667350126",
            "count": 0,
            "name": "Người dùng facebook"
        },
        {
            "id": "100032709110124",
            "count": 0,
            "name": "Người dùng facebook"
        },
        {
            "id": "100033835093709",
            "count": 0,
            "name": "Người dùng facebook"
        },
        {
            "id": "100034075988224",
            "count": 0,
            "name": "Người dùng facebook"
        },
        {
            "id": "100034203683582",
            "count": 0,
            "name": "Người dùng facebook"
        },
        {
            "id": "100034569466843",
            "count": 0,
            "name": "Người dùng facebook"
        },
        {
            "id": "100035321221560",
            "count": 0,
            "name": "Người dùng facebook"
        },
        {
            "id": "100035855289018",
            "count": 0,
            "name": "Người dùng facebook"
        },
        {
            "id": "100037359975589",
            "count": 0,
            "name": "Người dùng facebook"
        },
        {
            "id": "100037945953397",
            "count": 0,
            "name": "Người dùng facebook"
        },
        {
            "id": "100038348750976",
            "count": 0,
            "name": "Người dùng facebook"
        },
        {
            "id": "100039394696175",
            "count": 0,
            "name": "Người dùng facebook"
        },
        {
            "id": "100040691166747",
            "count": 0,
            "name": "Người dùng facebook"
        },
        {
            "id": "100041941642093",
            "count": 0,
            "name": "Người dùng facebook"
        },
        {
            "id": "100043137972740",
            "count": 0,
            "name": "Người dùng facebook"
        },
        {
            "id": "100043526952437",
            "count": 0,
            "name": "Người dùng facebook"
        },
        {
            "id": "100043722909992",
            "count": 0,
            "name": "Người dùng facebook"
        },
        {
            "id": "100043964110917",
            "count": 0,
            "name": "Người dùng facebook"
        },
        {
            "id": "100044173753360",
            "count": 0,
            "name": "Người dùng facebook"
        },
        {
            "id": "100044460531960",
            "count": 0,
            "name": "Người dùng facebook"
        },
        {
            "id": "100044599571470",
            "count": 0,
            "name": "Người dùng facebook"
        },
        {
            "id": "100045105229155",
            "count": 0,
            "name": "Người dùng facebook"
        },
        {
            "id": "100045451251329",
            "count": 0,
            "name": "Người dùng facebook"
        },
        {
            "id": "100046690581264",
            "count": 0,
            "name": "Người dùng facebook"
        },
        {
            "id": "100047368261655",
            "count": 0,
            "name": "Người dùng facebook"
        },
        {
            "id": "100047401150819",
            "count": 0,
            "name": "Người dùng facebook"
        },
        {
            "id": "100048006425904",
            "count": 0,
            "name": "Người dùng facebook"
        },
        {
            "id": "100048547385352",
            "count": 0,
            "name": "Người dùng facebook"
        },
        {
            "id": "100048713221089",
            "count": 0,
            "name": "Người dùng facebook"
        },
        {
            "id": "100048951772777",
            "count": 0,
            "name": "Người dùng facebook"
        },
        {
            "id": "100049707612759",
            "count": 0,
            "name": "Người dùng facebook"
        },
        {
            "id": "100050451192025",
            "count": 0,
            "name": "Người dùng facebook"
        },
        {
            "id": "100050534989377",
            "count": 0,
            "name": "Người dùng facebook"
        },
        {
            "id": "100050586953764",
            "count": 0,
            "name": "Người dùng facebook"
        },
        {
            "id": "100050609571758",
            "count": 0,
            "name": "Người dùng facebook"
        },
        {
            "id": "100051217323121",
            "count": 0,
            "name": "Người dùng facebook"
        },
        {
            "id": "100051509346714",
            "count": 0,
            "name": "Người dùng facebook"
        },
        {
            "id": "100051607582891",
            "count": 0,
            "name": "Người dùng facebook"
        },
        {
            "id": "100051797889561",
            "count": 0,
            "name": "Người dùng facebook"
        },
        {
            "id": "100051811242361",
            "count": 0,
            "name": "Người dùng facebook"
        },
        {
            "id": "100051843187901",
            "count": 0,
            "name": "Người dùng facebook"
        },
        {
            "id": "100053154881249",
            "count": 0,
            "name": "Người dùng facebook"
        },
        {
            "id": "100053950685428",
            "count": 0,
            "name": "Người dùng facebook"
        },
        {
            "id": "100053952702549",
            "count": 0,
            "name": "Người dùng facebook"
        },
        {
            "id": "100054082112175",
            "count": 0,
            "name": "Người dùng facebook"
        },
        {
            "id": "100054288573215",
            "count": 0,
            "name": "Người dùng facebook"
        },
        {
            "id": "100054428477821",
            "count": 0,
            "name": "Người dùng facebook"
        },
        {
            "id": "100054574896118",
            "count": 0,
            "name": "Người dùng facebook"
        },
        {
            "id": "100054685699026",
            "count": 0,
            "name": "Người dùng facebook"
        },
        {
            "id": "100055552030081",
            "count": 0,
            "name": "Người dùng facebook"
        },
        {
            "id": "100055919642732",
            "count": 0,
            "name": "Người dùng facebook"
        },
        {
            "id": "100056229816268",
            "count": 0,
            "name": "Người dùng facebook"
        },
        {
            "id": "100056487696991",
            "count": 0,
            "name": "Người dùng facebook"
        },
        {
            "id": "100056509695609",
            "count": 0,
            "name": "Người dùng facebook"
        },
        {
            "id": "100056783726744",
            "count": 0,
            "name": "Người dùng facebook"
        },
        {
            "id": "100057379870348",
            "count": 0,
            "name": "Người dùng facebook"
        },
        {
            "id": "100057646954383",
            "count": 0,
            "name": "Người dùng facebook"
        },
        {
            "id": "100058316611363",
            "count": 0,
            "name": "Người dùng facebook"
        },
        {
            "id": "100058717065829",
            "count": 0,
            "name": "Người dùng facebook"
        },
        {
            "id": "100058818071065",
            "count": 0,
            "name": "Người dùng facebook"
        },
        {
            "id": "100059817775686",
            "count": 0,
            "name": "Người dùng facebook"
        },
        {
            "id": "100060825355972",
            "count": 0,
            "name": "Người dùng facebook"
        },
        {
            "id": "100061129892486",
            "count": 0,
            "name": "Người dùng facebook"
        },
        {
            "id": "100062234659599",
            "count": 0,
            "name": "Người dùng facebook"
        },
        {
            "id": "100062833323026",
            "count": 0,
            "name": "Người dùng facebook"
        },
        {
            "id": "100063526943054",
            "count": 0,
            "name": "Người dùng facebook"
        },
        {
            "id": "100063667672319",
            "count": 0,
            "name": "Người dùng facebook"
        },
        {
            "id": "100064522072547",
            "count": 0,
            "name": "Người dùng facebook"
        },
        {
            "id": "100064619749234",
            "count": 0,
            "name": "Người dùng facebook"
        },
        {
            "id": "100065082908626",
            "count": 0,
            "name": "Người dùng facebook"
        },
        {
            "id": "100065140814995",
            "count": 0,
            "name": "Người dùng facebook"
        },
        {
            "id": "100065285450239",
            "count": 0,
            "name": "Người dùng facebook"
        },
        {
            "id": "100065430669235",
            "count": 0,
            "name": "Người dùng facebook"
        },
        {
            "id": "100065837160595",
            "count": 0,
            "name": "Người dùng facebook"
        },
        {
            "id": "100065860294378",
            "count": 0,
            "name": "Người dùng facebook"
        },
        {
            "id": "100066291417289",
            "count": 0,
            "name": "Người dùng facebook"
        },
        {
            "id": "100066446934180",
            "count": 0,
            "name": "Người dùng facebook"
        },
        {
            "id": "100066500730588",
            "count": 0,
            "name": "Người dùng facebook"
        },
        {
            "id": "100067083429948",
            "count": 0,
            "name": "Người dùng facebook"
        },
        {
            "id": "100067454075611",
            "count": 0,
            "name": "Người dùng facebook"
        },
        {
            "id": "100067685957538",
            "count": 0,
            "name": "Người dùng facebook"
        },
        {
            "id": "100068249065436",
            "count": 0,
            "name": "Người dùng facebook"
        },
        {
            "id": "100068870346987",
            "count": 0,
            "name": "Người dùng facebook"
        },
        {
            "id": "100068911817552",
            "count": 0,
            "name": "Người dùng facebook"
        },
        {
            "id": "100069293450366",
            "count": 0,
            "name": "Người dùng facebook"
        },
        {
            "id": "100069419966407",
            "count": 0,
            "name": "Người dùng facebook"
        },
        {
            "id": "100069594561696",
            "count": 0,
            "name": "Người dùng facebook"
        },
        {
            "id": "100070193393492",
            "count": 0,
            "name": "Người dùng facebook"
        },
        {
            "id": "100070453630481",
            "count": 0,
            "name": "Người dùng facebook"
        },
        {
            "id": "100070606764520",
            "count": 0,
            "name": "Người dùng facebook"
        },
        {
            "id": "100070816812120",
            "count": 0,
            "name": "Người dùng facebook"
        },
        {
            "id": "100070995693356",
            "count": 0,
            "name": "Người dùng facebook"
        },
        {
            "id": "100071186719831",
            "count": 0,
            "name": "Người dùng facebook"
        },
        {
            "id": "100071264745266",
            "count": 0,
            "name": "Người dùng facebook"
        },
        {
            "id": "100072207751851",
            "count": 0,
            "name": "Người dùng facebook"
        },
        {
            "id": "100072420305460",
            "count": 0,
            "name": "Người dùng facebook"
        },
        {
            "id": "100072572621481",
            "count": 0,
            "name": "Người dùng facebook"
        },
        {
            "id": "100072585176597",
            "count": 0,
            "name": "Người dùng facebook"
        },
        {
            "id": "100072585367612",
            "count": 0,
            "name": "Người dùng facebook"
        },
        {
            "id": "100072919746416",
            "count": 0,
            "name": "Người dùng facebook"
        },
        {
            "id": "100073278057802",
            "count": 0,
            "name": "Người dùng facebook"
        },
        {
            "id": "100073443390801",
            "count": 0,
            "name": "Người dùng facebook"
        },
        {
            "id": "100073450943010",
            "count": 0,
            "name": "Người dùng facebook"
        },
        {
            "id": "100073592963506",
            "count": 0,
            "name": "Người dùng facebook"
        },
        {
            "id": "100073732483894",
            "count": 0,
            "name": "Người dùng facebook"
        },
        {
            "id": "100074042246804",
            "count": 0,
            "name": "Người dùng facebook"
        },
        {
            "id": "100074142446964",
            "count": 0,
            "name": "Người dùng facebook"
        },
        {
            "id": "100074307927161",
            "count": 0,
            "name": "Người dùng facebook"
        },
        {
            "id": "100074514519695",
            "count": 0,
            "name": "Người dùng facebook"
        },
        {
            "id": "100074519264274",
            "count": 0,
            "name": "Người dùng facebook"
        },
        {
            "id": "100074627135307",
            "count": 0,
            "name": "Người dùng facebook"
        },
        {
            "id": "100074776795465",
            "count": 0,
            "name": "Người dùng facebook"
        },
        {
            "id": "100074788397782",
            "count": 0,
            "name": "Người dùng facebook"
        },
        {
            "id": "100075055494772",
            "count": 0,
            "name": "Người dùng facebook"
        },
        {
            "id": "100075130560236",
            "count": 0,
            "name": "Người dùng facebook"
        },
        {
            "id": "100075395052214",
            "count": 0,
            "name": "Người dùng facebook"
        },
        {
            "id": "100075641543556",
            "count": 0,
            "name": "Người dùng facebook"
        },
        {
            "id": "100076017582795",
            "count": 0,
            "name": "Người dùng facebook"
        },
        {
            "id": "100076283434605",
            "count": 0,
            "name": "Người dùng facebook"
        },
        {
            "id": "100076819593471",
            "count": 0,
            "name": "Người dùng facebook"
        },
        {
            "id": "100076940071421",
            "count": 0,
            "name": "Người dùng facebook"
        },
        {
            "id": "100077087511370",
            "count": 0,
            "name": "Người dùng facebook"
        },
        {
            "id": "100077277356016",
            "count": 0,
            "name": "Người dùng facebook"
        },
        {
            "id": "100077430226072",
            "count": 0,
            "name": "Người dùng facebook"
        },
        {
            "id": "100077439735667",
            "count": 0,
            "name": "Người dùng facebook"
        },
        {
            "id": "100077505720546",
            "count": 0,
            "name": "Người dùng facebook"
        },
        {
            "id": "100077534169088",
            "count": 0,
            "name": "Người dùng facebook"
        },
        {
            "id": "100077537109850",
            "count": 0,
            "name": "Người dùng facebook"
        },
        {
            "id": "100077563464833",
            "count": 0,
            "name": "Người dùng facebook"
        },
        {
            "id": "100077963333929",
            "count": 0,
            "name": "Người dùng facebook"
        },
        {
            "id": "100078170504282",
            "count": 0,
            "name": "Người dùng facebook"
        },
        {
            "id": "100078717081487",
            "count": 0,
            "name": "Người dùng facebook"
        },
        {
            "id": "100078724063793",
            "count": 0,
            "name": "Người dùng facebook"
        },
        {
            "id": "100078866804206",
            "count": 0,
            "name": "Người dùng facebook"
        },
        {
            "id": "100079044740022",
            "count": 0,
            "name": "Người dùng facebook"
        },
        {
            "id": "100079195650389",
            "count": 0,
            "name": "Người dùng facebook"
        },
        {
            "id": "100079471192712",
            "count": 0,
            "name": "Người dùng facebook"
        },
        {
            "id": "100079727653895",
            "count": 0,
            "name": "Người dùng facebook"
        },
        {
            "id": "100079749797292",
            "count": 0,
            "name": "Người dùng facebook"
        },
        {
            "id": "100080136623462",
            "count": 0,
            "name": "Người dùng facebook"
        },
        {
            "id": "100080177085485",
            "count": 0,
            "name": "Người dùng facebook"
        },
        {
            "id": "100080197641480",
            "count": 0,
            "name": "Người dùng facebook"
        },
        {
            "id": "100080285979031",
            "count": 0,
            "name": "Người dùng facebook"
        },
        {
            "id": "100081057986208",
            "count": 0,
            "name": "Người dùng facebook"
        },
        {
            "id": "100081094384635",
            "count": 0,
            "name": "Người dùng facebook"
        },
        {
            "id": "100081694092862",
            "count": 0,
            "name": "Người dùng facebook"
        },
        {
            "id": "100082101235468",
            "count": 0,
            "name": "Người dùng facebook"
        },
        {
            "id": "100082311138021",
            "count": 0,
            "name": "Người dùng facebook"
        },
        {
            "id": "100082332576909",
            "count": 0,
            "name": "Người dùng facebook"
        },
        {
            "id": "100082545915701",
            "count": 0,
            "name": "Người dùng facebook"
        },
        {
            "id": "100082575471020",
            "count": 0,
            "name": "Người dùng facebook"
        },
        {
            "id": "100082648612972",
            "count": 0,
            "name": "Người dùng facebook"
        },
        {
            "id": "100082695435882",
            "count": 0,
            "name": "Người dùng facebook"
        },
        {
            "id": "100082723903365",
            "count": 0,
            "name": "Người dùng facebook"
        },
        {
            "id": "100082853550962",
            "count": 0,
            "name": "Người dùng facebook"
        },
        {
            "id": "100082874710920",
            "count": 0,
            "name": "Người dùng facebook"
        },
        {
            "id": "100070290910610",
            "count": 0,
            "name": "Người dùng facebook"
        },
        {
            "id": "100070812386041",
            "count": 0,
            "name": "Người dùng facebook"
        },
        {
            "id": "100035322643832",
            "count": 0,
            "name": "Người dùng facebook"
        },
        {
            "id": "100063592207921",
            "count": 0,
            "name": "Người dùng facebook"
        },
        {
            "id": "100081951181648",
            "count": 0,
            "name": "Người dùng facebook"
        },
        {
            "id": "100050683043519",
            "count": 0,
            "name": "Người dùng facebook"
        },
        {
            "id": "100065099298851",
            "count": 0,
            "name": "Người dùng facebook"
        },
        {
            "id": "100074249843154",
            "count": 0,
            "name": "Người dùng facebook"
        },
        {
            "id": "100049749014989",
            "count": 0,
            "name": "Người dùng facebook"
        },
        {
            "id": "100079017055391",
            "count": 0,
            "name": "Người dùng facebook"
        },
        {
            "id": "100083081180954",
            "count": 0,
            "name": "Người dùng facebook"
        },
        {
            "id": "100082910404757",
            "count": 0,
            "name": "Người dùng facebook"
        },
        {
            "id": "100065095141252",
            "count": 0,
            "name": "Người dùng facebook"
        }
    ],
    "time": 6
}