{
    "total": [
        {
            "id": "100003572324814",
            "count": 0
        },
        {
            "id": "100003900970910",
            "count": 0
        },
        {
            "id": "100007662308906",
            "count": 0
        },
        {
            "id": "100007691821144",
            "count": 18
        },
        {
            "id": "100012340867957",
            "count": 1
        },
        {
            "id": "100012668775713",
            "count": 0
        },
        {
            "id": "100023250277879",
            "count": 945
        },
        {
            "id": "100024121852341",
            "count": 0
        },
        {
            "id": "100025247509873",
            "count": 0
        },
        {
            "id": "100029710604906",
            "count": 0
        },
        {
            "id": "100031961747333",
            "count": 0
        },
        {
            "id": "100032305397849",
            "count": 0
        },
        {
            "id": "100035217803442",
            "count": 78
        },
        {
            "id": "100037564539206",
            "count": 0
        },
        {
            "id": "100040290584274",
            "count": 0
        },
        {
            "id": "100040431676353",
            "count": 0
        },
        {
            "id": "100041243323805",
            "count": 0
        },
        {
            "id": "100041425117757",
            "count": 0
        },
        {
            "id": "100042448907069",
            "count": 119
        },
        {
            "id": "100046424803866",
            "count": 0
        },
        {
            "id": "100047457120091",
            "count": 0
        },
        {
            "id": "100048450862636",
            "count": 1
        },
        {
            "id": "100049931522712",
            "count": 25
        },
        {
            "id": "100050005744161",
            "count": 0
        },
        {
            "id": "100050705436667",
            "count": 0
        },
        {
            "id": "100050783589600",
            "count": 0
        },
        {
            "id": "100051654111302",
            "count": 5
        },
        {
            "id": "100052136021146",
            "count": 0
        },
        {
            "id": "100053571872206",
            "count": 2
        },
        {
            "id": "100053653785649",
            "count": 0
        },
        {
            "id": "100053710513597",
            "count": 0
        },
        {
            "id": "100054175743336",
            "count": 143
        },
        {
            "id": "100054215028123",
            "count": 0
        },
        {
            "id": "100054793125941",
            "count": 0
        },
        {
            "id": "100055337588798",
            "count": 0
        },
        {
            "id": "100055593141755",
            "count": 0
        },
        {
            "id": "100056743987924",
            "count": 0
        },
        {
            "id": "100056903737815",
            "count": 0
        },
        {
            "id": "100057114872611",
            "count": 141
        },
        {
            "id": "100058515756412",
            "count": 0
        },
        {
            "id": "100058695667153",
            "count": 0
        },
        {
            "id": "100059404473409",
            "count": 37
        },
        {
            "id": "100060275134038",
            "count": 0
        },
        {
            "id": "100061269400560",
            "count": 0
        },
        {
            "id": "100061982934775",
            "count": 0
        },
        {
            "id": "100062204414926",
            "count": 0
        },
        {
            "id": "100062559738292",
            "count": 0
        },
        {
            "id": "100062771883186",
            "count": 0
        },
        {
            "id": "100062886896931",
            "count": 0
        },
        {
            "id": "100063388674377",
            "count": 0
        },
        {
            "id": "100063627185243",
            "count": 0
        },
        {
            "id": "100063695731920",
            "count": 0
        },
        {
            "id": "100064692011914",
            "count": 0
        },
        {
            "id": "100064909402034",
            "count": 0
        },
        {
            "id": "100065095141252",
            "count": 182
        },
        {
            "id": "100065097570998",
            "count": 0
        },
        {
            "id": "100065336387495",
            "count": 0
        },
        {
            "id": "100065565221058",
            "count": 0
        },
        {
            "id": "100066065795851",
            "count": 0
        },
        {
            "id": "100066405459806",
            "count": 0
        },
        {
            "id": "100066652561752",
            "count": 2
        },
        {
            "id": "100066699761366",
            "count": 0
        },
        {
            "id": "100068375011923",
            "count": 0
        },
        {
            "id": "100068424492580",
            "count": 258
        },
        {
            "id": "100069087150915",
            "count": 0
        },
        {
            "id": "100069871886200",
            "count": 0
        },
        {
            "id": "100070181300400",
            "count": 0
        },
        {
            "id": "100070434563898",
            "count": 0
        },
        {
            "id": "100071017987072",
            "count": 0
        },
        {
            "id": "100072033372089",
            "count": 0
        },
        {
            "id": "100072127074301",
            "count": 0
        },
        {
            "id": "100072234540940",
            "count": 0
        },
        {
            "id": "100072462434328",
            "count": 0
        },
        {
            "id": "100072629801431",
            "count": 0
        },
        {
            "id": "100072945016629",
            "count": 0
        },
        {
            "id": "100073361040164",
            "count": 0
        },
        {
            "id": "100074340542420",
            "count": 0
        },
        {
            "id": "100074646915340",
            "count": 0
        },
        {
            "id": "100074825757225",
            "count": 0
        },
        {
            "id": "100074831633745",
            "count": 0
        },
        {
            "id": "100074839985177",
            "count": 0
        },
        {
            "id": "100075065627442",
            "count": 0
        },
        {
            "id": "100075438526158",
            "count": 0
        },
        {
            "id": "100075439067044",
            "count": 0
        },
        {
            "id": "100075532398948",
            "count": 0
        },
        {
            "id": "100075711379574",
            "count": 0
        },
        {
            "id": "100075763463519",
            "count": 199
        },
        {
            "id": "100075779673527",
            "count": 0
        },
        {
            "id": "100075805661774",
            "count": 2
        },
        {
            "id": "100075872769796",
            "count": 3
        },
        {
            "id": "100075908683053",
            "count": 0
        },
        {
            "id": "100075973931936",
            "count": 0
        },
        {
            "id": "100076149099803",
            "count": 0
        },
        {
            "id": "100076381327071",
            "count": 0
        },
        {
            "id": "100076422125350",
            "count": 0
        },
        {
            "id": "100076469086778",
            "count": 0
        },
        {
            "id": "100076535143476",
            "count": 0
        },
        {
            "id": "100076581398368",
            "count": 0
        },
        {
            "id": "100076590113846",
            "count": 1
        },
        {
            "id": "100076647960209",
            "count": 0
        },
        {
            "id": "100076763603795",
            "count": 0
        },
        {
            "id": "100076883240684",
            "count": 0
        },
        {
            "id": "100076897331344",
            "count": 0
        },
        {
            "id": "100076942081295",
            "count": 0
        },
        {
            "id": "100077045062597",
            "count": 0
        },
        {
            "id": "100077273270273",
            "count": 0
        },
        {
            "id": "100077498554890",
            "count": 0
        },
        {
            "id": "100077561361748",
            "count": 0
        },
        {
            "id": "100077649393494",
            "count": 0
        },
        {
            "id": "100077684553130",
            "count": 0
        },
        {
            "id": "100077862341209",
            "count": 0
        },
        {
            "id": "100078014640532",
            "count": 0
        },
        {
            "id": "100078094235255",
            "count": 0
        },
        {
            "id": "100078205131790",
            "count": 0
        },
        {
            "id": "100078350480670",
            "count": 0
        },
        {
            "id": "100078407937621",
            "count": 0
        },
        {
            "id": "100078469360586",
            "count": 0
        },
        {
            "id": "100078949682923",
            "count": 0
        },
        {
            "id": "100079119543659",
            "count": 0
        },
        {
            "id": "100079119632294",
            "count": 0
        },
        {
            "id": "100079186384419",
            "count": 0
        },
        {
            "id": "100079285268299",
            "count": 0
        },
        {
            "id": "100079449254694",
            "count": 0
        },
        {
            "id": "100079634505642",
            "count": 0
        },
        {
            "id": "100079710031565",
            "count": 0
        },
        {
            "id": "100079711552771",
            "count": 0
        },
        {
            "id": "100079739378014",
            "count": 0
        },
        {
            "id": "100079875017048",
            "count": 0
        },
        {
            "id": "100079905906151",
            "count": 0
        },
        {
            "id": "100080062427308",
            "count": 0
        },
        {
            "id": "100080089312573",
            "count": 0
        },
        {
            "id": "100080114082707",
            "count": 0
        },
        {
            "id": "100080129961289",
            "count": 0
        },
        {
            "id": "100080245694350",
            "count": 0
        },
        {
            "id": "100080259110329",
            "count": 0
        },
        {
            "id": "100080470747799",
            "count": 0
        },
        {
            "id": "100080568731101",
            "count": 0
        },
        {
            "id": "100080633581868",
            "count": 0
        },
        {
            "id": "100080639700439",
            "count": 1
        },
        {
            "id": "100080739181454",
            "count": 0
        },
        {
            "id": "100081178370714",
            "count": 0
        },
        {
            "id": "100013942628281",
            "count": 10
        }
    ],
    "week": [
        {
            "id": "100003572324814",
            "count": 0,
            "name": "Người dùng facebook"
        },
        {
            "id": "100003900970910",
            "count": 0,
            "name": "Người dùng facebook"
        },
        {
            "id": "100007662308906",
            "count": 0,
            "name": "Người dùng facebook"
        },
        {
            "id": "100007691821144",
            "count": 0,
            "name": "Người dùng facebook"
        },
        {
            "id": "100012340867957",
            "count": 0,
            "name": "Người dùng facebook"
        },
        {
            "id": "100012668775713",
            "count": 0,
            "name": "Người dùng facebook"
        },
        {
            "id": "100023250277879",
            "count": 0,
            "name": "Người dùng facebook"
        },
        {
            "id": "100024121852341",
            "count": 0,
            "name": "Người dùng facebook"
        },
        {
            "id": "100025247509873",
            "count": 0,
            "name": "Người dùng facebook"
        },
        {
            "id": "100029710604906",
            "count": 0,
            "name": "Người dùng facebook"
        },
        {
            "id": "100031961747333",
            "count": 0,
            "name": "Người dùng facebook"
        },
        {
            "id": "100032305397849",
            "count": 0,
            "name": "Người dùng facebook"
        },
        {
            "id": "100035217803442",
            "count": 0,
            "name": "Người dùng facebook"
        },
        {
            "id": "100037564539206",
            "count": 0,
            "name": "Người dùng facebook"
        },
        {
            "id": "100040290584274",
            "count": 0,
            "name": "Người dùng facebook"
        },
        {
            "id": "100040431676353",
            "count": 0,
            "name": "Người dùng facebook"
        },
        {
            "id": "100041243323805",
            "count": 0,
            "name": "Người dùng facebook"
        },
        {
            "id": "100041425117757",
            "count": 0,
            "name": "Người dùng facebook"
        },
        {
            "id": "100042448907069",
            "count": 0,
            "name": "Người dùng facebook"
        },
        {
            "id": "100046424803866",
            "count": 0,
            "name": "Người dùng facebook"
        },
        {
            "id": "100047457120091",
            "count": 0,
            "name": "Người dùng facebook"
        },
        {
            "id": "100048450862636",
            "count": 0,
            "name": "Người dùng facebook"
        },
        {
            "id": "100049931522712",
            "count": 0,
            "name": "Người dùng facebook"
        },
        {
            "id": "100050005744161",
            "count": 0,
            "name": "Người dùng facebook"
        },
        {
            "id": "100050705436667",
            "count": 0,
            "name": "Người dùng facebook"
        },
        {
            "id": "100050783589600",
            "count": 0,
            "name": "Người dùng facebook"
        },
        {
            "id": "100051654111302",
            "count": 0,
            "name": "Người dùng facebook"
        },
        {
            "id": "100052136021146",
            "count": 0,
            "name": "Người dùng facebook"
        },
        {
            "id": "100053571872206",
            "count": 0,
            "name": "Người dùng facebook"
        },
        {
            "id": "100053653785649",
            "count": 0,
            "name": "Người dùng facebook"
        },
        {
            "id": "100053710513597",
            "count": 0,
            "name": "Người dùng facebook"
        },
        {
            "id": "100054175743336",
            "count": 0,
            "name": "Người dùng facebook"
        },
        {
            "id": "100054215028123",
            "count": 0,
            "name": "Người dùng facebook"
        },
        {
            "id": "100054793125941",
            "count": 0,
            "name": "Người dùng facebook"
        },
        {
            "id": "100055337588798",
            "count": 0,
            "name": "Người dùng facebook"
        },
        {
            "id": "100055593141755",
            "count": 0,
            "name": "Người dùng facebook"
        },
        {
            "id": "100056743987924",
            "count": 0,
            "name": "Người dùng facebook"
        },
        {
            "id": "100056903737815",
            "count": 0,
            "name": "Người dùng facebook"
        },
        {
            "id": "100057114872611",
            "count": 0,
            "name": "Người dùng facebook"
        },
        {
            "id": "100058515756412",
            "count": 0,
            "name": "Người dùng facebook"
        },
        {
            "id": "100058695667153",
            "count": 0,
            "name": "Người dùng facebook"
        },
        {
            "id": "100059404473409",
            "count": 0,
            "name": "Người dùng facebook"
        },
        {
            "id": "100060275134038",
            "count": 0,
            "name": "Người dùng facebook"
        },
        {
            "id": "100061269400560",
            "count": 0,
            "name": "Người dùng facebook"
        },
        {
            "id": "100061982934775",
            "count": 0,
            "name": "Người dùng facebook"
        },
        {
            "id": "100062204414926",
            "count": 0,
            "name": "Người dùng facebook"
        },
        {
            "id": "100062559738292",
            "count": 0,
            "name": "Người dùng facebook"
        },
        {
            "id": "100062771883186",
            "count": 0,
            "name": "Người dùng facebook"
        },
        {
            "id": "100062886896931",
            "count": 0,
            "name": "Người dùng facebook"
        },
        {
            "id": "100063388674377",
            "count": 0,
            "name": "Người dùng facebook"
        },
        {
            "id": "100063627185243",
            "count": 0,
            "name": "Người dùng facebook"
        },
        {
            "id": "100063695731920",
            "count": 0,
            "name": "Người dùng facebook"
        },
        {
            "id": "100064692011914",
            "count": 0,
            "name": "Người dùng facebook"
        },
        {
            "id": "100064909402034",
            "count": 0,
            "name": "Người dùng facebook"
        },
        {
            "id": "100065095141252",
            "count": 0,
            "name": "Người dùng facebook"
        },
        {
            "id": "100065097570998",
            "count": 0,
            "name": "Người dùng facebook"
        },
        {
            "id": "100065336387495",
            "count": 0,
            "name": "Người dùng facebook"
        },
        {
            "id": "100065565221058",
            "count": 0,
            "name": "Người dùng facebook"
        },
        {
            "id": "100066065795851",
            "count": 0,
            "name": "Người dùng facebook"
        },
        {
            "id": "100066405459806",
            "count": 0,
            "name": "Người dùng facebook"
        },
        {
            "id": "100066652561752",
            "count": 0,
            "name": "Người dùng facebook"
        },
        {
            "id": "100066699761366",
            "count": 0,
            "name": "Người dùng facebook"
        },
        {
            "id": "100068375011923",
            "count": 0,
            "name": "Người dùng facebook"
        },
        {
            "id": "100068424492580",
            "count": 0,
            "name": "Người dùng facebook"
        },
        {
            "id": "100069087150915",
            "count": 0,
            "name": "Người dùng facebook"
        },
        {
            "id": "100069871886200",
            "count": 0,
            "name": "Người dùng facebook"
        },
        {
            "id": "100070181300400",
            "count": 0,
            "name": "Người dùng facebook"
        },
        {
            "id": "100070434563898",
            "count": 0,
            "name": "Người dùng facebook"
        },
        {
            "id": "100071017987072",
            "count": 0,
            "name": "Người dùng facebook"
        },
        {
            "id": "100072033372089",
            "count": 0,
            "name": "Người dùng facebook"
        },
        {
            "id": "100072127074301",
            "count": 0,
            "name": "Người dùng facebook"
        },
        {
            "id": "100072234540940",
            "count": 0,
            "name": "Người dùng facebook"
        },
        {
            "id": "100072462434328",
            "count": 0,
            "name": "Người dùng facebook"
        },
        {
            "id": "100072629801431",
            "count": 0,
            "name": "Người dùng facebook"
        },
        {
            "id": "100072945016629",
            "count": 0,
            "name": "Người dùng facebook"
        },
        {
            "id": "100073361040164",
            "count": 0,
            "name": "Người dùng facebook"
        },
        {
            "id": "100074340542420",
            "count": 0,
            "name": "Người dùng facebook"
        },
        {
            "id": "100074646915340",
            "count": 0,
            "name": "Người dùng facebook"
        },
        {
            "id": "100074825757225",
            "count": 0,
            "name": "Người dùng facebook"
        },
        {
            "id": "100074831633745",
            "count": 0,
            "name": "Người dùng facebook"
        },
        {
            "id": "100074839985177",
            "count": 0,
            "name": "Người dùng facebook"
        },
        {
            "id": "100075065627442",
            "count": 0,
            "name": "Người dùng facebook"
        },
        {
            "id": "100075438526158",
            "count": 0,
            "name": "Người dùng facebook"
        },
        {
            "id": "100075439067044",
            "count": 0,
            "name": "Người dùng facebook"
        },
        {
            "id": "100075532398948",
            "count": 0,
            "name": "Người dùng facebook"
        },
        {
            "id": "100075711379574",
            "count": 0,
            "name": "Người dùng facebook"
        },
        {
            "id": "100075763463519",
            "count": 0,
            "name": "Người dùng facebook"
        },
        {
            "id": "100075779673527",
            "count": 0,
            "name": "Người dùng facebook"
        },
        {
            "id": "100075805661774",
            "count": 0,
            "name": "Người dùng facebook"
        },
        {
            "id": "100075872769796",
            "count": 0,
            "name": "Người dùng facebook"
        },
        {
            "id": "100075908683053",
            "count": 0,
            "name": "Người dùng facebook"
        },
        {
            "id": "100075973931936",
            "count": 0,
            "name": "Người dùng facebook"
        },
        {
            "id": "100076149099803",
            "count": 0,
            "name": "Người dùng facebook"
        },
        {
            "id": "100076381327071",
            "count": 0,
            "name": "Người dùng facebook"
        },
        {
            "id": "100076422125350",
            "count": 0,
            "name": "Người dùng facebook"
        },
        {
            "id": "100076469086778",
            "count": 0,
            "name": "Người dùng facebook"
        },
        {
            "id": "100076535143476",
            "count": 0,
            "name": "Người dùng facebook"
        },
        {
            "id": "100076581398368",
            "count": 0,
            "name": "Người dùng facebook"
        },
        {
            "id": "100076590113846",
            "count": 0,
            "name": "Người dùng facebook"
        },
        {
            "id": "100076647960209",
            "count": 0,
            "name": "Người dùng facebook"
        },
        {
            "id": "100076763603795",
            "count": 0,
            "name": "Người dùng facebook"
        },
        {
            "id": "100076883240684",
            "count": 0,
            "name": "Người dùng facebook"
        },
        {
            "id": "100076897331344",
            "count": 0,
            "name": "Người dùng facebook"
        },
        {
            "id": "100076942081295",
            "count": 0,
            "name": "Người dùng facebook"
        },
        {
            "id": "100077045062597",
            "count": 0,
            "name": "Người dùng facebook"
        },
        {
            "id": "100077273270273",
            "count": 0,
            "name": "Người dùng facebook"
        },
        {
            "id": "100077498554890",
            "count": 0,
            "name": "Người dùng facebook"
        },
        {
            "id": "100077561361748",
            "count": 0,
            "name": "Người dùng facebook"
        },
        {
            "id": "100077649393494",
            "count": 0,
            "name": "Người dùng facebook"
        },
        {
            "id": "100077684553130",
            "count": 0,
            "name": "Người dùng facebook"
        },
        {
            "id": "100077862341209",
            "count": 0,
            "name": "Người dùng facebook"
        },
        {
            "id": "100078014640532",
            "count": 0,
            "name": "Người dùng facebook"
        },
        {
            "id": "100078094235255",
            "count": 0,
            "name": "Người dùng facebook"
        },
        {
            "id": "100078205131790",
            "count": 0,
            "name": "Người dùng facebook"
        },
        {
            "id": "100078350480670",
            "count": 0,
            "name": "Người dùng facebook"
        },
        {
            "id": "100078407937621",
            "count": 0,
            "name": "Người dùng facebook"
        },
        {
            "id": "100078469360586",
            "count": 0,
            "name": "Người dùng facebook"
        },
        {
            "id": "100078949682923",
            "count": 0,
            "name": "Người dùng facebook"
        },
        {
            "id": "100079119543659",
            "count": 0,
            "name": "Người dùng facebook"
        },
        {
            "id": "100079119632294",
            "count": 0,
            "name": "Người dùng facebook"
        },
        {
            "id": "100079186384419",
            "count": 0,
            "name": "Người dùng facebook"
        },
        {
            "id": "100079285268299",
            "count": 0,
            "name": "Người dùng facebook"
        },
        {
            "id": "100079449254694",
            "count": 0,
            "name": "Người dùng facebook"
        },
        {
            "id": "100079634505642",
            "count": 0,
            "name": "Người dùng facebook"
        },
        {
            "id": "100079710031565",
            "count": 0,
            "name": "Người dùng facebook"
        },
        {
            "id": "100079711552771",
            "count": 0,
            "name": "Người dùng facebook"
        },
        {
            "id": "100079739378014",
            "count": 0,
            "name": "Người dùng facebook"
        },
        {
            "id": "100079875017048",
            "count": 0,
            "name": "Người dùng facebook"
        },
        {
            "id": "100079905906151",
            "count": 0,
            "name": "Người dùng facebook"
        },
        {
            "id": "100080062427308",
            "count": 0,
            "name": "Người dùng facebook"
        },
        {
            "id": "100080089312573",
            "count": 0,
            "name": "Người dùng facebook"
        },
        {
            "id": "100080114082707",
            "count": 0,
            "name": "Người dùng facebook"
        },
        {
            "id": "100080129961289",
            "count": 0,
            "name": "Người dùng facebook"
        },
        {
            "id": "100080245694350",
            "count": 0,
            "name": "Người dùng facebook"
        },
        {
            "id": "100080259110329",
            "count": 0,
            "name": "Người dùng facebook"
        },
        {
            "id": "100080470747799",
            "count": 0,
            "name": "Người dùng facebook"
        },
        {
            "id": "100080568731101",
            "count": 0,
            "name": "Người dùng facebook"
        },
        {
            "id": "100080633581868",
            "count": 0,
            "name": "Người dùng facebook"
        },
        {
            "id": "100080639700439",
            "count": 0,
            "name": "Người dùng facebook"
        },
        {
            "id": "100080739181454",
            "count": 0,
            "name": "Người dùng facebook"
        },
        {
            "id": "100081178370714",
            "count": 0,
            "name": "Người dùng facebook"
        },
        {
            "id": "100013942628281",
            "count": 0,
            "name": "Người dùng facebook"
        }
    ],
    "day": [
        {
            "id": "100003572324814",
            "count": 0,
            "name": "Người dùng facebook"
        },
        {
            "id": "100003900970910",
            "count": 0,
            "name": "Người dùng facebook"
        },
        {
            "id": "100007662308906",
            "count": 0,
            "name": "Người dùng facebook"
        },
        {
            "id": "100007691821144",
            "count": 0,
            "name": "Người dùng facebook"
        },
        {
            "id": "100012340867957",
            "count": 0,
            "name": "Người dùng facebook"
        },
        {
            "id": "100012668775713",
            "count": 0,
            "name": "Người dùng facebook"
        },
        {
            "id": "100023250277879",
            "count": 0,
            "name": "Người dùng facebook"
        },
        {
            "id": "100024121852341",
            "count": 0,
            "name": "Người dùng facebook"
        },
        {
            "id": "100025247509873",
            "count": 0,
            "name": "Người dùng facebook"
        },
        {
            "id": "100029710604906",
            "count": 0,
            "name": "Người dùng facebook"
        },
        {
            "id": "100031961747333",
            "count": 0,
            "name": "Người dùng facebook"
        },
        {
            "id": "100032305397849",
            "count": 0,
            "name": "Người dùng facebook"
        },
        {
            "id": "100035217803442",
            "count": 0,
            "name": "Người dùng facebook"
        },
        {
            "id": "100037564539206",
            "count": 0,
            "name": "Người dùng facebook"
        },
        {
            "id": "100040290584274",
            "count": 0,
            "name": "Người dùng facebook"
        },
        {
            "id": "100040431676353",
            "count": 0,
            "name": "Người dùng facebook"
        },
        {
            "id": "100041243323805",
            "count": 0,
            "name": "Người dùng facebook"
        },
        {
            "id": "100041425117757",
            "count": 0,
            "name": "Người dùng facebook"
        },
        {
            "id": "100042448907069",
            "count": 0,
            "name": "Người dùng facebook"
        },
        {
            "id": "100046424803866",
            "count": 0,
            "name": "Người dùng facebook"
        },
        {
            "id": "100047457120091",
            "count": 0,
            "name": "Người dùng facebook"
        },
        {
            "id": "100048450862636",
            "count": 0,
            "name": "Người dùng facebook"
        },
        {
            "id": "100049931522712",
            "count": 0,
            "name": "Người dùng facebook"
        },
        {
            "id": "100050005744161",
            "count": 0,
            "name": "Người dùng facebook"
        },
        {
            "id": "100050705436667",
            "count": 0,
            "name": "Người dùng facebook"
        },
        {
            "id": "100050783589600",
            "count": 0,
            "name": "Người dùng facebook"
        },
        {
            "id": "100051654111302",
            "count": 0,
            "name": "Người dùng facebook"
        },
        {
            "id": "100052136021146",
            "count": 0,
            "name": "Người dùng facebook"
        },
        {
            "id": "100053571872206",
            "count": 0,
            "name": "Người dùng facebook"
        },
        {
            "id": "100053653785649",
            "count": 0,
            "name": "Người dùng facebook"
        },
        {
            "id": "100053710513597",
            "count": 0,
            "name": "Người dùng facebook"
        },
        {
            "id": "100054175743336",
            "count": 0,
            "name": "Người dùng facebook"
        },
        {
            "id": "100054215028123",
            "count": 0,
            "name": "Người dùng facebook"
        },
        {
            "id": "100054793125941",
            "count": 0,
            "name": "Người dùng facebook"
        },
        {
            "id": "100055337588798",
            "count": 0,
            "name": "Người dùng facebook"
        },
        {
            "id": "100055593141755",
            "count": 0,
            "name": "Người dùng facebook"
        },
        {
            "id": "100056743987924",
            "count": 0,
            "name": "Người dùng facebook"
        },
        {
            "id": "100056903737815",
            "count": 0,
            "name": "Người dùng facebook"
        },
        {
            "id": "100057114872611",
            "count": 0,
            "name": "Người dùng facebook"
        },
        {
            "id": "100058515756412",
            "count": 0,
            "name": "Người dùng facebook"
        },
        {
            "id": "100058695667153",
            "count": 0,
            "name": "Người dùng facebook"
        },
        {
            "id": "100059404473409",
            "count": 0,
            "name": "Người dùng facebook"
        },
        {
            "id": "100060275134038",
            "count": 0,
            "name": "Người dùng facebook"
        },
        {
            "id": "100061269400560",
            "count": 0,
            "name": "Người dùng facebook"
        },
        {
            "id": "100061982934775",
            "count": 0,
            "name": "Người dùng facebook"
        },
        {
            "id": "100062204414926",
            "count": 0,
            "name": "Người dùng facebook"
        },
        {
            "id": "100062559738292",
            "count": 0,
            "name": "Người dùng facebook"
        },
        {
            "id": "100062771883186",
            "count": 0,
            "name": "Người dùng facebook"
        },
        {
            "id": "100062886896931",
            "count": 0,
            "name": "Người dùng facebook"
        },
        {
            "id": "100063388674377",
            "count": 0,
            "name": "Người dùng facebook"
        },
        {
            "id": "100063627185243",
            "count": 0,
            "name": "Người dùng facebook"
        },
        {
            "id": "100063695731920",
            "count": 0,
            "name": "Người dùng facebook"
        },
        {
            "id": "100064692011914",
            "count": 0,
            "name": "Người dùng facebook"
        },
        {
            "id": "100064909402034",
            "count": 0,
            "name": "Người dùng facebook"
        },
        {
            "id": "100065095141252",
            "count": 0,
            "name": "Người dùng facebook"
        },
        {
            "id": "100065097570998",
            "count": 0,
            "name": "Người dùng facebook"
        },
        {
            "id": "100065336387495",
            "count": 0,
            "name": "Người dùng facebook"
        },
        {
            "id": "100065565221058",
            "count": 0,
            "name": "Người dùng facebook"
        },
        {
            "id": "100066065795851",
            "count": 0,
            "name": "Người dùng facebook"
        },
        {
            "id": "100066405459806",
            "count": 0,
            "name": "Người dùng facebook"
        },
        {
            "id": "100066652561752",
            "count": 0,
            "name": "Người dùng facebook"
        },
        {
            "id": "100066699761366",
            "count": 0,
            "name": "Người dùng facebook"
        },
        {
            "id": "100068375011923",
            "count": 0,
            "name": "Người dùng facebook"
        },
        {
            "id": "100068424492580",
            "count": 0,
            "name": "Người dùng facebook"
        },
        {
            "id": "100069087150915",
            "count": 0,
            "name": "Người dùng facebook"
        },
        {
            "id": "100069871886200",
            "count": 0,
            "name": "Người dùng facebook"
        },
        {
            "id": "100070181300400",
            "count": 0,
            "name": "Người dùng facebook"
        },
        {
            "id": "100070434563898",
            "count": 0,
            "name": "Người dùng facebook"
        },
        {
            "id": "100071017987072",
            "count": 0,
            "name": "Người dùng facebook"
        },
        {
            "id": "100072033372089",
            "count": 0,
            "name": "Người dùng facebook"
        },
        {
            "id": "100072127074301",
            "count": 0,
            "name": "Người dùng facebook"
        },
        {
            "id": "100072234540940",
            "count": 0,
            "name": "Người dùng facebook"
        },
        {
            "id": "100072462434328",
            "count": 0,
            "name": "Người dùng facebook"
        },
        {
            "id": "100072629801431",
            "count": 0,
            "name": "Người dùng facebook"
        },
        {
            "id": "100072945016629",
            "count": 0,
            "name": "Người dùng facebook"
        },
        {
            "id": "100073361040164",
            "count": 0,
            "name": "Người dùng facebook"
        },
        {
            "id": "100074340542420",
            "count": 0,
            "name": "Người dùng facebook"
        },
        {
            "id": "100074646915340",
            "count": 0,
            "name": "Người dùng facebook"
        },
        {
            "id": "100074825757225",
            "count": 0,
            "name": "Người dùng facebook"
        },
        {
            "id": "100074831633745",
            "count": 0,
            "name": "Người dùng facebook"
        },
        {
            "id": "100074839985177",
            "count": 0,
            "name": "Người dùng facebook"
        },
        {
            "id": "100075065627442",
            "count": 0,
            "name": "Người dùng facebook"
        },
        {
            "id": "100075438526158",
            "count": 0,
            "name": "Người dùng facebook"
        },
        {
            "id": "100075439067044",
            "count": 0,
            "name": "Người dùng facebook"
        },
        {
            "id": "100075532398948",
            "count": 0,
            "name": "Người dùng facebook"
        },
        {
            "id": "100075711379574",
            "count": 0,
            "name": "Người dùng facebook"
        },
        {
            "id": "100075763463519",
            "count": 0,
            "name": "Người dùng facebook"
        },
        {
            "id": "100075779673527",
            "count": 0,
            "name": "Người dùng facebook"
        },
        {
            "id": "100075805661774",
            "count": 0,
            "name": "Người dùng facebook"
        },
        {
            "id": "100075872769796",
            "count": 0,
            "name": "Người dùng facebook"
        },
        {
            "id": "100075908683053",
            "count": 0,
            "name": "Người dùng facebook"
        },
        {
            "id": "100075973931936",
            "count": 0,
            "name": "Người dùng facebook"
        },
        {
            "id": "100076149099803",
            "count": 0,
            "name": "Người dùng facebook"
        },
        {
            "id": "100076381327071",
            "count": 0,
            "name": "Người dùng facebook"
        },
        {
            "id": "100076422125350",
            "count": 0,
            "name": "Người dùng facebook"
        },
        {
            "id": "100076469086778",
            "count": 0,
            "name": "Người dùng facebook"
        },
        {
            "id": "100076535143476",
            "count": 0,
            "name": "Người dùng facebook"
        },
        {
            "id": "100076581398368",
            "count": 0,
            "name": "Người dùng facebook"
        },
        {
            "id": "100076590113846",
            "count": 0,
            "name": "Người dùng facebook"
        },
        {
            "id": "100076647960209",
            "count": 0,
            "name": "Người dùng facebook"
        },
        {
            "id": "100076763603795",
            "count": 0,
            "name": "Người dùng facebook"
        },
        {
            "id": "100076883240684",
            "count": 0,
            "name": "Người dùng facebook"
        },
        {
            "id": "100076897331344",
            "count": 0,
            "name": "Người dùng facebook"
        },
        {
            "id": "100076942081295",
            "count": 0,
            "name": "Người dùng facebook"
        },
        {
            "id": "100077045062597",
            "count": 0,
            "name": "Người dùng facebook"
        },
        {
            "id": "100077273270273",
            "count": 0,
            "name": "Người dùng facebook"
        },
        {
            "id": "100077498554890",
            "count": 0,
            "name": "Người dùng facebook"
        },
        {
            "id": "100077561361748",
            "count": 0,
            "name": "Người dùng facebook"
        },
        {
            "id": "100077649393494",
            "count": 0,
            "name": "Người dùng facebook"
        },
        {
            "id": "100077684553130",
            "count": 0,
            "name": "Người dùng facebook"
        },
        {
            "id": "100077862341209",
            "count": 0,
            "name": "Người dùng facebook"
        },
        {
            "id": "100078014640532",
            "count": 0,
            "name": "Người dùng facebook"
        },
        {
            "id": "100078094235255",
            "count": 0,
            "name": "Người dùng facebook"
        },
        {
            "id": "100078205131790",
            "count": 0,
            "name": "Người dùng facebook"
        },
        {
            "id": "100078350480670",
            "count": 0,
            "name": "Người dùng facebook"
        },
        {
            "id": "100078407937621",
            "count": 0,
            "name": "Người dùng facebook"
        },
        {
            "id": "100078469360586",
            "count": 0,
            "name": "Người dùng facebook"
        },
        {
            "id": "100078949682923",
            "count": 0,
            "name": "Người dùng facebook"
        },
        {
            "id": "100079119543659",
            "count": 0,
            "name": "Người dùng facebook"
        },
        {
            "id": "100079119632294",
            "count": 0,
            "name": "Người dùng facebook"
        },
        {
            "id": "100079186384419",
            "count": 0,
            "name": "Người dùng facebook"
        },
        {
            "id": "100079285268299",
            "count": 0,
            "name": "Người dùng facebook"
        },
        {
            "id": "100079449254694",
            "count": 0,
            "name": "Người dùng facebook"
        },
        {
            "id": "100079634505642",
            "count": 0,
            "name": "Người dùng facebook"
        },
        {
            "id": "100079710031565",
            "count": 0,
            "name": "Người dùng facebook"
        },
        {
            "id": "100079711552771",
            "count": 0,
            "name": "Người dùng facebook"
        },
        {
            "id": "100079739378014",
            "count": 0,
            "name": "Người dùng facebook"
        },
        {
            "id": "100079875017048",
            "count": 0,
            "name": "Người dùng facebook"
        },
        {
            "id": "100079905906151",
            "count": 0,
            "name": "Người dùng facebook"
        },
        {
            "id": "100080062427308",
            "count": 0,
            "name": "Người dùng facebook"
        },
        {
            "id": "100080089312573",
            "count": 0,
            "name": "Người dùng facebook"
        },
        {
            "id": "100080114082707",
            "count": 0,
            "name": "Người dùng facebook"
        },
        {
            "id": "100080129961289",
            "count": 0,
            "name": "Người dùng facebook"
        },
        {
            "id": "100080245694350",
            "count": 0,
            "name": "Người dùng facebook"
        },
        {
            "id": "100080259110329",
            "count": 0,
            "name": "Người dùng facebook"
        },
        {
            "id": "100080470747799",
            "count": 0,
            "name": "Người dùng facebook"
        },
        {
            "id": "100080568731101",
            "count": 0,
            "name": "Người dùng facebook"
        },
        {
            "id": "100080633581868",
            "count": 0,
            "name": "Người dùng facebook"
        },
        {
            "id": "100080639700439",
            "count": 0,
            "name": "Người dùng facebook"
        },
        {
            "id": "100080739181454",
            "count": 0,
            "name": "Người dùng facebook"
        },
        {
            "id": "100081178370714",
            "count": 0,
            "name": "Người dùng facebook"
        },
        {
            "id": "100013942628281",
            "count": 0,
            "name": "Người dùng facebook"
        }
    ],
    "time": 6
}