{
    "total": [
        {
            "id": "1210230029",
            "count": 0
        },
        {
            "id": "1283576646",
            "count": 0
        },
        {
            "id": "1480504117",
            "count": 11
        },
        {
            "id": "1536370792",
            "count": 0
        },
        {
            "id": "1824145471",
            "count": 70
        },
        {
            "id": "1825102081",
            "count": 0
        },
        {
            "id": "100001789332275",
            "count": 0
        },
        {
            "id": "100011836123962",
            "count": 0
        },
        {
            "id": "100021400007437",
            "count": 0
        },
        {
            "id": "100023489387439",
            "count": 0
        },
        {
            "id": "100026726524503",
            "count": 0
        },
        {
            "id": "100030860354067",
            "count": 0
        },
        {
            "id": "100034867611446",
            "count": 0
        },
        {
            "id": "100035485067538",
            "count": 0
        },
        {
            "id": "100037732327349",
            "count": 0
        },
        {
            "id": "100043809406570",
            "count": 0
        },
        {
            "id": "100044398902164",
            "count": 0
        },
        {
            "id": "100045522823624",
            "count": 0
        },
        {
            "id": "100046103222643",
            "count": 0
        },
        {
            "id": "100047605902872",
            "count": 0
        },
        {
            "id": "100049376047220",
            "count": 0
        },
        {
            "id": "100049828233534",
            "count": 0
        },
        {
            "id": "100056391505157",
            "count": 4
        },
        {
            "id": "100061984037578",
            "count": 0
        },
        {
            "id": "100063812820043",
            "count": 0
        },
        {
            "id": "100066108554542",
            "count": 0
        },
        {
            "id": "100066187826979",
            "count": 16
        },
        {
            "id": "100066657900731",
            "count": 0
        },
        {
            "id": "100068103965662",
            "count": 0
        },
        {
            "id": "100068489374031",
            "count": 0
        },
        {
            "id": "100069005942704",
            "count": 0
        },
        {
            "id": "100069874241709",
            "count": 0
        },
        {
            "id": "100070101247257",
            "count": 2
        },
        {
            "id": "100071854269720",
            "count": 0
        },
        {
            "id": "100072103338463",
            "count": 0
        },
        {
            "id": "100072118059194",
            "count": 0
        },
        {
            "id": "100072175894137",
            "count": 0
        },
        {
            "id": "100072733936961",
            "count": 1
        },
        {
            "id": "100073109955929",
            "count": 0
        },
        {
            "id": "100074365061815",
            "count": 0
        },
        {
            "id": "100075890201818",
            "count": 0
        },
        {
            "id": "100077752652138",
            "count": 0
        },
        {
            "id": "100077895608452",
            "count": 0
        },
        {
            "id": "100078239951133",
            "count": 0
        },
        {
            "id": "100078250240933",
            "count": 0
        },
        {
            "id": "100078715761903",
            "count": 0
        },
        {
            "id": "100078751462922",
            "count": 0
        },
        {
            "id": "100078820520432",
            "count": 3
        },
        {
            "id": "100078886580292",
            "count": 20
        },
        {
            "id": "100079083234493",
            "count": 0
        },
        {
            "id": "100079213210205",
            "count": 0
        },
        {
            "id": "100079637802556",
            "count": 0
        },
        {
            "id": "100080757390354",
            "count": 0
        },
        {
            "id": "100080965396902",
            "count": 0
        },
        {
            "id": "100081138583490",
            "count": 0
        },
        {
            "id": "100081870182462",
            "count": 0
        },
        {
            "id": "100082484855032",
            "count": 0
        },
        {
            "id": "100084348936274",
            "count": 44
        },
        {
            "id": "100085579181087",
            "count": 0
        },
        {
            "id": "100086322496335",
            "count": 0
        },
        {
            "id": "100086604880636",
            "count": 0
        },
        {
            "id": "100087079752653",
            "count": 0
        },
        {
            "id": "100087400767360",
            "count": 0
        },
        {
            "id": "100088213424668",
            "count": 0
        },
        {
            "id": "100088433703030",
            "count": 0
        }
    ],
    "week": [
        {
            "id": "1210230029",
            "count": 0,
            "name": "Người dùng facebook"
        },
        {
            "id": "1283576646",
            "count": 0,
            "name": "Người dùng facebook"
        },
        {
            "id": "1480504117",
            "count": 0,
            "name": "Người dùng facebook"
        },
        {
            "id": "1536370792",
            "count": 0,
            "name": "Người dùng facebook"
        },
        {
            "id": "1824145471",
            "count": 0,
            "name": "Người dùng facebook"
        },
        {
            "id": "1825102081",
            "count": 0,
            "name": "Người dùng facebook"
        },
        {
            "id": "100001789332275",
            "count": 0,
            "name": "Người dùng facebook"
        },
        {
            "id": "100011836123962",
            "count": 0,
            "name": "Người dùng facebook"
        },
        {
            "id": "100021400007437",
            "count": 0,
            "name": "Người dùng facebook"
        },
        {
            "id": "100023489387439",
            "count": 0,
            "name": "Người dùng facebook"
        },
        {
            "id": "100026726524503",
            "count": 0,
            "name": "Người dùng facebook"
        },
        {
            "id": "100030860354067",
            "count": 0,
            "name": "Người dùng facebook"
        },
        {
            "id": "100034867611446",
            "count": 0,
            "name": "Người dùng facebook"
        },
        {
            "id": "100035485067538",
            "count": 0,
            "name": "Người dùng facebook"
        },
        {
            "id": "100037732327349",
            "count": 0,
            "name": "Người dùng facebook"
        },
        {
            "id": "100043809406570",
            "count": 0,
            "name": "Người dùng facebook"
        },
        {
            "id": "100044398902164",
            "count": 0,
            "name": "Người dùng facebook"
        },
        {
            "id": "100045522823624",
            "count": 0,
            "name": "Người dùng facebook"
        },
        {
            "id": "100046103222643",
            "count": 0,
            "name": "Người dùng facebook"
        },
        {
            "id": "100047605902872",
            "count": 0,
            "name": "Người dùng facebook"
        },
        {
            "id": "100049376047220",
            "count": 0,
            "name": "Người dùng facebook"
        },
        {
            "id": "100049828233534",
            "count": 0,
            "name": "Người dùng facebook"
        },
        {
            "id": "100056391505157",
            "count": 0,
            "name": "Người dùng facebook"
        },
        {
            "id": "100061984037578",
            "count": 0,
            "name": "Người dùng facebook"
        },
        {
            "id": "100063812820043",
            "count": 0,
            "name": "Người dùng facebook"
        },
        {
            "id": "100066108554542",
            "count": 0,
            "name": "Người dùng facebook"
        },
        {
            "id": "100066187826979",
            "count": 0,
            "name": "Người dùng facebook"
        },
        {
            "id": "100066657900731",
            "count": 0,
            "name": "Người dùng facebook"
        },
        {
            "id": "100068103965662",
            "count": 0,
            "name": "Người dùng facebook"
        },
        {
            "id": "100068489374031",
            "count": 0,
            "name": "Người dùng facebook"
        },
        {
            "id": "100069005942704",
            "count": 0,
            "name": "Người dùng facebook"
        },
        {
            "id": "100069874241709",
            "count": 0,
            "name": "Người dùng facebook"
        },
        {
            "id": "100070101247257",
            "count": 0,
            "name": "Người dùng facebook"
        },
        {
            "id": "100071854269720",
            "count": 0,
            "name": "Người dùng facebook"
        },
        {
            "id": "100072103338463",
            "count": 0,
            "name": "Người dùng facebook"
        },
        {
            "id": "100072118059194",
            "count": 0,
            "name": "Người dùng facebook"
        },
        {
            "id": "100072175894137",
            "count": 0,
            "name": "Người dùng facebook"
        },
        {
            "id": "100072733936961",
            "count": 0,
            "name": "Người dùng facebook"
        },
        {
            "id": "100073109955929",
            "count": 0,
            "name": "Người dùng facebook"
        },
        {
            "id": "100074365061815",
            "count": 0,
            "name": "Người dùng facebook"
        },
        {
            "id": "100075890201818",
            "count": 0,
            "name": "Người dùng facebook"
        },
        {
            "id": "100077752652138",
            "count": 0,
            "name": "Người dùng facebook"
        },
        {
            "id": "100077895608452",
            "count": 0,
            "name": "Người dùng facebook"
        },
        {
            "id": "100078239951133",
            "count": 0,
            "name": "Người dùng facebook"
        },
        {
            "id": "100078250240933",
            "count": 0,
            "name": "Người dùng facebook"
        },
        {
            "id": "100078715761903",
            "count": 0,
            "name": "Người dùng facebook"
        },
        {
            "id": "100078751462922",
            "count": 0,
            "name": "Người dùng facebook"
        },
        {
            "id": "100078820520432",
            "count": 0,
            "name": "Người dùng facebook"
        },
        {
            "id": "100078886580292",
            "count": 0,
            "name": "Người dùng facebook"
        },
        {
            "id": "100079083234493",
            "count": 0,
            "name": "Người dùng facebook"
        },
        {
            "id": "100079213210205",
            "count": 0,
            "name": "Người dùng facebook"
        },
        {
            "id": "100079637802556",
            "count": 0,
            "name": "Người dùng facebook"
        },
        {
            "id": "100080757390354",
            "count": 0,
            "name": "Người dùng facebook"
        },
        {
            "id": "100080965396902",
            "count": 0,
            "name": "Người dùng facebook"
        },
        {
            "id": "100081138583490",
            "count": 0,
            "name": "Người dùng facebook"
        },
        {
            "id": "100081870182462",
            "count": 0,
            "name": "Người dùng facebook"
        },
        {
            "id": "100082484855032",
            "count": 0,
            "name": "Người dùng facebook"
        },
        {
            "id": "100084348936274",
            "count": 0,
            "name": "Người dùng facebook"
        },
        {
            "id": "100085579181087",
            "count": 0,
            "name": "Người dùng facebook"
        },
        {
            "id": "100086322496335",
            "count": 0,
            "name": "Người dùng facebook"
        },
        {
            "id": "100086604880636",
            "count": 0,
            "name": "Người dùng facebook"
        },
        {
            "id": "100087079752653",
            "count": 0,
            "name": "Người dùng facebook"
        },
        {
            "id": "100087400767360",
            "count": 0,
            "name": "Người dùng facebook"
        },
        {
            "id": "100088213424668",
            "count": 0,
            "name": "Người dùng facebook"
        },
        {
            "id": "100088433703030",
            "count": 0,
            "name": "Người dùng facebook"
        }
    ],
    "day": [
        {
            "id": "1210230029",
            "count": 0,
            "name": "Người dùng facebook"
        },
        {
            "id": "1283576646",
            "count": 0,
            "name": "Người dùng facebook"
        },
        {
            "id": "1480504117",
            "count": 0,
            "name": "Người dùng facebook"
        },
        {
            "id": "1536370792",
            "count": 0,
            "name": "Người dùng facebook"
        },
        {
            "id": "1824145471",
            "count": 0,
            "name": "Người dùng facebook"
        },
        {
            "id": "1825102081",
            "count": 0,
            "name": "Người dùng facebook"
        },
        {
            "id": "100001789332275",
            "count": 0,
            "name": "Người dùng facebook"
        },
        {
            "id": "100011836123962",
            "count": 0,
            "name": "Người dùng facebook"
        },
        {
            "id": "100021400007437",
            "count": 0,
            "name": "Người dùng facebook"
        },
        {
            "id": "100023489387439",
            "count": 0,
            "name": "Người dùng facebook"
        },
        {
            "id": "100026726524503",
            "count": 0,
            "name": "Người dùng facebook"
        },
        {
            "id": "100030860354067",
            "count": 0,
            "name": "Người dùng facebook"
        },
        {
            "id": "100034867611446",
            "count": 0,
            "name": "Người dùng facebook"
        },
        {
            "id": "100035485067538",
            "count": 0,
            "name": "Người dùng facebook"
        },
        {
            "id": "100037732327349",
            "count": 0,
            "name": "Người dùng facebook"
        },
        {
            "id": "100043809406570",
            "count": 0,
            "name": "Người dùng facebook"
        },
        {
            "id": "100044398902164",
            "count": 0,
            "name": "Người dùng facebook"
        },
        {
            "id": "100045522823624",
            "count": 0,
            "name": "Người dùng facebook"
        },
        {
            "id": "100046103222643",
            "count": 0,
            "name": "Người dùng facebook"
        },
        {
            "id": "100047605902872",
            "count": 0,
            "name": "Người dùng facebook"
        },
        {
            "id": "100049376047220",
            "count": 0,
            "name": "Người dùng facebook"
        },
        {
            "id": "100049828233534",
            "count": 0,
            "name": "Người dùng facebook"
        },
        {
            "id": "100056391505157",
            "count": 0,
            "name": "Người dùng facebook"
        },
        {
            "id": "100061984037578",
            "count": 0,
            "name": "Người dùng facebook"
        },
        {
            "id": "100063812820043",
            "count": 0,
            "name": "Người dùng facebook"
        },
        {
            "id": "100066108554542",
            "count": 0,
            "name": "Người dùng facebook"
        },
        {
            "id": "100066187826979",
            "count": 0,
            "name": "Người dùng facebook"
        },
        {
            "id": "100066657900731",
            "count": 0,
            "name": "Người dùng facebook"
        },
        {
            "id": "100068103965662",
            "count": 0,
            "name": "Người dùng facebook"
        },
        {
            "id": "100068489374031",
            "count": 0,
            "name": "Người dùng facebook"
        },
        {
            "id": "100069005942704",
            "count": 0,
            "name": "Người dùng facebook"
        },
        {
            "id": "100069874241709",
            "count": 0,
            "name": "Người dùng facebook"
        },
        {
            "id": "100070101247257",
            "count": 0,
            "name": "Người dùng facebook"
        },
        {
            "id": "100071854269720",
            "count": 0,
            "name": "Người dùng facebook"
        },
        {
            "id": "100072103338463",
            "count": 0,
            "name": "Người dùng facebook"
        },
        {
            "id": "100072118059194",
            "count": 0,
            "name": "Người dùng facebook"
        },
        {
            "id": "100072175894137",
            "count": 0,
            "name": "Người dùng facebook"
        },
        {
            "id": "100072733936961",
            "count": 0,
            "name": "Người dùng facebook"
        },
        {
            "id": "100073109955929",
            "count": 0,
            "name": "Người dùng facebook"
        },
        {
            "id": "100074365061815",
            "count": 0,
            "name": "Người dùng facebook"
        },
        {
            "id": "100075890201818",
            "count": 0,
            "name": "Người dùng facebook"
        },
        {
            "id": "100077752652138",
            "count": 0,
            "name": "Người dùng facebook"
        },
        {
            "id": "100077895608452",
            "count": 0,
            "name": "Người dùng facebook"
        },
        {
            "id": "100078239951133",
            "count": 0,
            "name": "Người dùng facebook"
        },
        {
            "id": "100078250240933",
            "count": 0,
            "name": "Người dùng facebook"
        },
        {
            "id": "100078715761903",
            "count": 0,
            "name": "Người dùng facebook"
        },
        {
            "id": "100078751462922",
            "count": 0,
            "name": "Người dùng facebook"
        },
        {
            "id": "100078820520432",
            "count": 0,
            "name": "Người dùng facebook"
        },
        {
            "id": "100078886580292",
            "count": 0,
            "name": "Người dùng facebook"
        },
        {
            "id": "100079083234493",
            "count": 0,
            "name": "Người dùng facebook"
        },
        {
            "id": "100079213210205",
            "count": 0,
            "name": "Người dùng facebook"
        },
        {
            "id": "100079637802556",
            "count": 0,
            "name": "Người dùng facebook"
        },
        {
            "id": "100080757390354",
            "count": 0,
            "name": "Người dùng facebook"
        },
        {
            "id": "100080965396902",
            "count": 0,
            "name": "Người dùng facebook"
        },
        {
            "id": "100081138583490",
            "count": 0,
            "name": "Người dùng facebook"
        },
        {
            "id": "100081870182462",
            "count": 0,
            "name": "Người dùng facebook"
        },
        {
            "id": "100082484855032",
            "count": 0,
            "name": "Người dùng facebook"
        },
        {
            "id": "100084348936274",
            "count": 0,
            "name": "Người dùng facebook"
        },
        {
            "id": "100085579181087",
            "count": 0,
            "name": "Người dùng facebook"
        },
        {
            "id": "100086322496335",
            "count": 0,
            "name": "Người dùng facebook"
        },
        {
            "id": "100086604880636",
            "count": 0,
            "name": "Người dùng facebook"
        },
        {
            "id": "100087079752653",
            "count": 0,
            "name": "Người dùng facebook"
        },
        {
            "id": "100087400767360",
            "count": 0,
            "name": "Người dùng facebook"
        },
        {
            "id": "100088213424668",
            "count": 0,
            "name": "Người dùng facebook"
        },
        {
            "id": "100088433703030",
            "count": 0,
            "name": "Người dùng facebook"
        }
    ],
    "time": 6
}