{
    "total": [
        {
            "id": "100002630756084",
            "count": 0
        },
        {
            "id": "100006059052724",
            "count": 0
        },
        {
            "id": "100006597764707",
            "count": 0
        },
        {
            "id": "100007149873452",
            "count": 0
        },
        {
            "id": "100014253485599",
            "count": 0
        },
        {
            "id": "100019193136614",
            "count": 0
        },
        {
            "id": "100021877758820",
            "count": 0
        },
        {
            "id": "100022129641813",
            "count": 0
        },
        {
            "id": "100022271292776",
            "count": 0
        },
        {
            "id": "100023426512471",
            "count": 0
        },
        {
            "id": "100024522675657",
            "count": 0
        },
        {
            "id": "100025222952709",
            "count": 0
        },
        {
            "id": "100027190453374",
            "count": 0
        },
        {
            "id": "100027704085231",
            "count": 0
        },
        {
            "id": "100030458000006",
            "count": 0
        },
        {
            "id": "100032371541851",
            "count": 0
        },
        {
            "id": "100041184706360",
            "count": 0
        },
        {
            "id": "100045119651123",
            "count": 0
        },
        {
            "id": "100045129164993",
            "count": 0
        },
        {
            "id": "100045191647829",
            "count": 0
        },
        {
            "id": "100047972499878",
            "count": 0
        },
        {
            "id": "100048321943607",
            "count": 0
        },
        {
            "id": "100048883445919",
            "count": 0
        },
        {
            "id": "100049627819619",
            "count": 0
        },
        {
            "id": "100049686935648",
            "count": 0
        },
        {
            "id": "100050161152693",
            "count": 0
        },
        {
            "id": "100050750884474",
            "count": 0
        },
        {
            "id": "100050973102015",
            "count": 0
        },
        {
            "id": "100051092415393",
            "count": 0
        },
        {
            "id": "100051864487038",
            "count": 0
        },
        {
            "id": "100052928525986",
            "count": 0
        },
        {
            "id": "100052956645622",
            "count": 0
        },
        {
            "id": "100053590782785",
            "count": 0
        },
        {
            "id": "100053714388937",
            "count": 0
        },
        {
            "id": "100053914955731",
            "count": 0
        },
        {
            "id": "100054445592943",
            "count": 0
        },
        {
            "id": "100054967565878",
            "count": 0
        },
        {
            "id": "100055224183203",
            "count": 0
        },
        {
            "id": "100056027953827",
            "count": 0
        },
        {
            "id": "100056045733312",
            "count": 0
        },
        {
            "id": "100056824850431",
            "count": 0
        },
        {
            "id": "100057833711440",
            "count": 0
        },
        {
            "id": "100061614832014",
            "count": 0
        },
        {
            "id": "100062747170609",
            "count": 8
        },
        {
            "id": "100063472104650",
            "count": 0
        },
        {
            "id": "100064001045738",
            "count": 0
        },
        {
            "id": "100066019240198",
            "count": 0
        },
        {
            "id": "100066075167130",
            "count": 0
        },
        {
            "id": "100067196385853",
            "count": 0
        },
        {
            "id": "100067578476093",
            "count": 0
        },
        {
            "id": "100068057400074",
            "count": 0
        },
        {
            "id": "100068252259497",
            "count": 0
        },
        {
            "id": "100070446534859",
            "count": 0
        },
        {
            "id": "100071020505064",
            "count": 0
        },
        {
            "id": "100071194267781",
            "count": 0
        },
        {
            "id": "100072387020582",
            "count": 0
        },
        {
            "id": "100072719978747",
            "count": 0
        },
        {
            "id": "100073559466595",
            "count": 0
        },
        {
            "id": "100076235860084",
            "count": 0
        },
        {
            "id": "100076532077665",
            "count": 0
        },
        {
            "id": "100078816176712",
            "count": 0
        },
        {
            "id": "100078982692594",
            "count": 0
        },
        {
            "id": "100079210998562",
            "count": 0
        },
        {
            "id": "100080074573473",
            "count": 0
        },
        {
            "id": "100080923148527",
            "count": 0
        },
        {
            "id": "100082165436754",
            "count": 0
        }
    ],
    "week": [
        {
            "id": "100002630756084",
            "count": 0
        },
        {
            "id": "100006059052724",
            "count": 0
        },
        {
            "id": "100006597764707",
            "count": 0
        },
        {
            "id": "100007149873452",
            "count": 0
        },
        {
            "id": "100014253485599",
            "count": 0
        },
        {
            "id": "100019193136614",
            "count": 0
        },
        {
            "id": "100021877758820",
            "count": 0
        },
        {
            "id": "100022129641813",
            "count": 0
        },
        {
            "id": "100022271292776",
            "count": 0
        },
        {
            "id": "100023426512471",
            "count": 0
        },
        {
            "id": "100024522675657",
            "count": 0
        },
        {
            "id": "100025222952709",
            "count": 0
        },
        {
            "id": "100027190453374",
            "count": 0
        },
        {
            "id": "100027704085231",
            "count": 0
        },
        {
            "id": "100030458000006",
            "count": 0
        },
        {
            "id": "100032371541851",
            "count": 0
        },
        {
            "id": "100041184706360",
            "count": 0
        },
        {
            "id": "100045119651123",
            "count": 0
        },
        {
            "id": "100045129164993",
            "count": 0
        },
        {
            "id": "100045191647829",
            "count": 0
        },
        {
            "id": "100047972499878",
            "count": 0
        },
        {
            "id": "100048321943607",
            "count": 0
        },
        {
            "id": "100048883445919",
            "count": 0
        },
        {
            "id": "100049627819619",
            "count": 0
        },
        {
            "id": "100049686935648",
            "count": 0
        },
        {
            "id": "100050161152693",
            "count": 0
        },
        {
            "id": "100050750884474",
            "count": 0
        },
        {
            "id": "100050973102015",
            "count": 0
        },
        {
            "id": "100051092415393",
            "count": 0
        },
        {
            "id": "100051864487038",
            "count": 0
        },
        {
            "id": "100052928525986",
            "count": 0
        },
        {
            "id": "100052956645622",
            "count": 0
        },
        {
            "id": "100053590782785",
            "count": 0
        },
        {
            "id": "100053714388937",
            "count": 0
        },
        {
            "id": "100053914955731",
            "count": 0
        },
        {
            "id": "100054445592943",
            "count": 0
        },
        {
            "id": "100054967565878",
            "count": 0
        },
        {
            "id": "100055224183203",
            "count": 0
        },
        {
            "id": "100056027953827",
            "count": 0
        },
        {
            "id": "100056045733312",
            "count": 0
        },
        {
            "id": "100056824850431",
            "count": 0
        },
        {
            "id": "100057833711440",
            "count": 0
        },
        {
            "id": "100061614832014",
            "count": 0
        },
        {
            "id": "100062747170609",
            "count": 8
        },
        {
            "id": "100063472104650",
            "count": 0
        },
        {
            "id": "100064001045738",
            "count": 0
        },
        {
            "id": "100066019240198",
            "count": 0
        },
        {
            "id": "100066075167130",
            "count": 0
        },
        {
            "id": "100067196385853",
            "count": 0
        },
        {
            "id": "100067578476093",
            "count": 0
        },
        {
            "id": "100068057400074",
            "count": 0
        },
        {
            "id": "100068252259497",
            "count": 0
        },
        {
            "id": "100070446534859",
            "count": 0
        },
        {
            "id": "100071020505064",
            "count": 0
        },
        {
            "id": "100071194267781",
            "count": 0
        },
        {
            "id": "100072387020582",
            "count": 0
        },
        {
            "id": "100072719978747",
            "count": 0
        },
        {
            "id": "100073559466595",
            "count": 0
        },
        {
            "id": "100076235860084",
            "count": 0
        },
        {
            "id": "100076532077665",
            "count": 0
        },
        {
            "id": "100078816176712",
            "count": 0
        },
        {
            "id": "100078982692594",
            "count": 0
        },
        {
            "id": "100079210998562",
            "count": 0
        },
        {
            "id": "100080074573473",
            "count": 0
        },
        {
            "id": "100080923148527",
            "count": 0
        },
        {
            "id": "100082165436754",
            "count": 0
        }
    ],
    "day": [
        {
            "id": "100002630756084",
            "count": 0
        },
        {
            "id": "100006059052724",
            "count": 0
        },
        {
            "id": "100006597764707",
            "count": 0
        },
        {
            "id": "100007149873452",
            "count": 0
        },
        {
            "id": "100014253485599",
            "count": 0
        },
        {
            "id": "100019193136614",
            "count": 0
        },
        {
            "id": "100021877758820",
            "count": 0
        },
        {
            "id": "100022129641813",
            "count": 0
        },
        {
            "id": "100022271292776",
            "count": 0
        },
        {
            "id": "100023426512471",
            "count": 0
        },
        {
            "id": "100024522675657",
            "count": 0
        },
        {
            "id": "100025222952709",
            "count": 0
        },
        {
            "id": "100027190453374",
            "count": 0
        },
        {
            "id": "100027704085231",
            "count": 0
        },
        {
            "id": "100030458000006",
            "count": 0
        },
        {
            "id": "100032371541851",
            "count": 0
        },
        {
            "id": "100041184706360",
            "count": 0
        },
        {
            "id": "100045119651123",
            "count": 0
        },
        {
            "id": "100045129164993",
            "count": 0
        },
        {
            "id": "100045191647829",
            "count": 0
        },
        {
            "id": "100047972499878",
            "count": 0
        },
        {
            "id": "100048321943607",
            "count": 0
        },
        {
            "id": "100048883445919",
            "count": 0
        },
        {
            "id": "100049627819619",
            "count": 0
        },
        {
            "id": "100049686935648",
            "count": 0
        },
        {
            "id": "100050161152693",
            "count": 0
        },
        {
            "id": "100050750884474",
            "count": 0
        },
        {
            "id": "100050973102015",
            "count": 0
        },
        {
            "id": "100051092415393",
            "count": 0
        },
        {
            "id": "100051864487038",
            "count": 0
        },
        {
            "id": "100052928525986",
            "count": 0
        },
        {
            "id": "100052956645622",
            "count": 0
        },
        {
            "id": "100053590782785",
            "count": 0
        },
        {
            "id": "100053714388937",
            "count": 0
        },
        {
            "id": "100053914955731",
            "count": 0
        },
        {
            "id": "100054445592943",
            "count": 0
        },
        {
            "id": "100054967565878",
            "count": 0
        },
        {
            "id": "100055224183203",
            "count": 0
        },
        {
            "id": "100056027953827",
            "count": 0
        },
        {
            "id": "100056045733312",
            "count": 0
        },
        {
            "id": "100056824850431",
            "count": 0
        },
        {
            "id": "100057833711440",
            "count": 0
        },
        {
            "id": "100061614832014",
            "count": 0
        },
        {
            "id": "100062747170609",
            "count": 8
        },
        {
            "id": "100063472104650",
            "count": 0
        },
        {
            "id": "100064001045738",
            "count": 0
        },
        {
            "id": "100066019240198",
            "count": 0
        },
        {
            "id": "100066075167130",
            "count": 0
        },
        {
            "id": "100067196385853",
            "count": 0
        },
        {
            "id": "100067578476093",
            "count": 0
        },
        {
            "id": "100068057400074",
            "count": 0
        },
        {
            "id": "100068252259497",
            "count": 0
        },
        {
            "id": "100070446534859",
            "count": 0
        },
        {
            "id": "100071020505064",
            "count": 0
        },
        {
            "id": "100071194267781",
            "count": 0
        },
        {
            "id": "100072387020582",
            "count": 0
        },
        {
            "id": "100072719978747",
            "count": 0
        },
        {
            "id": "100073559466595",
            "count": 0
        },
        {
            "id": "100076235860084",
            "count": 0
        },
        {
            "id": "100076532077665",
            "count": 0
        },
        {
            "id": "100078816176712",
            "count": 0
        },
        {
            "id": "100078982692594",
            "count": 0
        },
        {
            "id": "100079210998562",
            "count": 0
        },
        {
            "id": "100080074573473",
            "count": 0
        },
        {
            "id": "100080923148527",
            "count": 0
        },
        {
            "id": "100082165436754",
            "count": 0
        }
    ],
    "time": 6
}