{
    "total": [
        {
            "id": "100036947774673",
            "count": 7337
        },
        {
            "id": "100050924621842",
            "count": 2828
        },
        {
            "id": "100070815402204",
            "count": 3509
        },
        {
            "id": "100080629883742",
            "count": 2610
        },
        {
            "id": "100023250277879",
            "count": 693
        },
        {
            "id": "100082710529975",
            "count": 14
        },
        {
            "id": "100076651668677",
            "count": 1663
        },
        {
            "id": "100048240584213",
            "count": 357
        },
        {
            "id": "100013942628281",
            "count": 174
        },
        {
            "id": "100029977491749",
            "count": 2660
        },
        {
            "id": "100059538169739",
            "count": 184
        },
        {
            "id": "573331286",
            "count": 12
        },
        {
            "id": "100041673456896",
            "count": 515
        },
        {
            "id": "100071132537313",
            "count": 3458
        },
        {
            "id": "100012199992153",
            "count": 1587
        },
        {
            "id": "100011422572422",
            "count": 861
        },
        {
            "id": "100080586771709",
            "count": 293
        },
        {
            "id": "100018689287953",
            "count": 111
        },
        {
            "id": "100060894693968",
            "count": 113
        },
        {
            "id": "100040984926932",
            "count": 353
        },
        {
            "id": "100043937075088",
            "count": 79
        },
        {
            "id": "100037211391552",
            "count": 164
        },
        {
            "id": "100075355876941",
            "count": 60
        },
        {
            "id": "100000664756191",
            "count": 140
        },
        {
            "id": "100041870882038",
            "count": 3
        },
        {
            "id": "100056953105174",
            "count": 714
        },
        {
            "id": "100068379946316",
            "count": 205
        },
        {
            "id": "100018185582351",
            "count": 20
        },
        {
            "id": "100060918233890",
            "count": 1
        },
        {
            "id": "100055005337955",
            "count": 600
        },
        {
            "id": "100023064561299",
            "count": 9
        },
        {
            "id": "100080257120369",
            "count": 48
        },
        {
            "id": "100067594830900",
            "count": 120
        },
        {
            "id": "100082639150340",
            "count": 21
        },
        {
            "id": "100065095141252",
            "count": 3
        },
        {
            "id": "100075676857572",
            "count": 94
        },
        {
            "id": "100032189318161",
            "count": 49
        },
        {
            "id": "100057016878182",
            "count": 1311
        },
        {
            "id": "100076407622159",
            "count": 225
        },
        {
            "id": "100076206034574",
            "count": 1322
        },
        {
            "id": "100049496583094",
            "count": 12
        },
        {
            "id": "100064941166461",
            "count": 29
        },
        {
            "id": "100013143223723",
            "count": 41
        },
        {
            "id": "100057455126607",
            "count": 1
        },
        {
            "id": "100015466532273",
            "count": 676
        },
        {
            "id": "100058800620671",
            "count": 5
        },
        {
            "id": "728756441",
            "count": 36
        },
        {
            "id": "100053395118616",
            "count": 1
        },
        {
            "id": "100041184706360",
            "count": 2
        },
        {
            "id": "100083984624666",
            "count": 62
        },
        {
            "id": "100026897046560",
            "count": 189
        },
        {
            "id": "100048141041289",
            "count": 1
        },
        {
            "id": "100000541098826",
            "count": 2
        },
        {
            "id": "100054797083168",
            "count": 668
        },
        {
            "id": "100084085839963",
            "count": 127
        },
        {
            "id": "100046880100923",
            "count": 902
        },
        {
            "id": "100033387692259",
            "count": 32
        }
    ],
    "week": [
        {
            "id": "100036947774673",
            "count": 0,
            "name": "Người dùng facebook"
        },
        {
            "id": "100050924621842",
            "count": 0,
            "name": "Người dùng facebook"
        },
        {
            "id": "100070815402204",
            "count": 0,
            "name": "Người dùng facebook"
        },
        {
            "id": "100080629883742",
            "count": 0,
            "name": "Người dùng facebook"
        },
        {
            "id": "100023250277879",
            "count": 0,
            "name": "Người dùng facebook"
        },
        {
            "id": "100082710529975",
            "count": 0,
            "name": "Người dùng facebook"
        },
        {
            "id": "100076651668677",
            "count": 0,
            "name": "Người dùng facebook"
        },
        {
            "id": "100048240584213",
            "count": 0,
            "name": "Người dùng facebook"
        },
        {
            "id": "100013942628281",
            "count": 0,
            "name": "Người dùng facebook"
        },
        {
            "id": "100029977491749",
            "count": 0,
            "name": "Người dùng facebook"
        },
        {
            "id": "100059538169739",
            "count": 0,
            "name": "Người dùng facebook"
        },
        {
            "id": "573331286",
            "count": 0,
            "name": "Người dùng facebook"
        },
        {
            "id": "100041673456896",
            "count": 0,
            "name": "Người dùng facebook"
        },
        {
            "id": "100071132537313",
            "count": 0,
            "name": "Người dùng facebook"
        },
        {
            "id": "100012199992153",
            "count": 0,
            "name": "Người dùng facebook"
        },
        {
            "id": "100011422572422",
            "count": 0,
            "name": "Người dùng facebook"
        },
        {
            "id": "100080586771709",
            "count": 0,
            "name": "Người dùng facebook"
        },
        {
            "id": "100018689287953",
            "count": 0,
            "name": "Người dùng facebook"
        },
        {
            "id": "100060894693968",
            "count": 0,
            "name": "Người dùng facebook"
        },
        {
            "id": "100040984926932",
            "count": 0,
            "name": "Người dùng facebook"
        },
        {
            "id": "100043937075088",
            "count": 0,
            "name": "Người dùng facebook"
        },
        {
            "id": "100037211391552",
            "count": 0,
            "name": "Người dùng facebook"
        },
        {
            "id": "100075355876941",
            "count": 0,
            "name": "Người dùng facebook"
        },
        {
            "id": "100000664756191",
            "count": 0,
            "name": "Người dùng facebook"
        },
        {
            "id": "100041870882038",
            "count": 0,
            "name": "Người dùng facebook"
        },
        {
            "id": "100056953105174",
            "count": 0,
            "name": "Người dùng facebook"
        },
        {
            "id": "100068379946316",
            "count": 0,
            "name": "Người dùng facebook"
        },
        {
            "id": "100018185582351",
            "count": 0,
            "name": "Người dùng facebook"
        },
        {
            "id": "100060918233890",
            "count": 0,
            "name": "Người dùng facebook"
        },
        {
            "id": "100055005337955",
            "count": 0,
            "name": "Người dùng facebook"
        },
        {
            "id": "100023064561299",
            "count": 0,
            "name": "Người dùng facebook"
        },
        {
            "id": "100080257120369",
            "count": 0,
            "name": "Người dùng facebook"
        },
        {
            "id": "100067594830900",
            "count": 0,
            "name": "Người dùng facebook"
        },
        {
            "id": "100082639150340",
            "count": 0,
            "name": "Người dùng facebook"
        },
        {
            "id": "100065095141252",
            "count": 0,
            "name": "Người dùng facebook"
        },
        {
            "id": "100075676857572",
            "count": 0,
            "name": "Người dùng facebook"
        },
        {
            "id": "100032189318161",
            "count": 0,
            "name": "Người dùng facebook"
        },
        {
            "id": "100057016878182",
            "count": 0,
            "name": "Người dùng facebook"
        },
        {
            "id": "100076407622159",
            "count": 0,
            "name": "Người dùng facebook"
        },
        {
            "id": "100076206034574",
            "count": 0,
            "name": "Người dùng facebook"
        },
        {
            "id": "100049496583094",
            "count": 0,
            "name": "Người dùng facebook"
        },
        {
            "id": "100064941166461",
            "count": 0,
            "name": "Người dùng facebook"
        },
        {
            "id": "100013143223723",
            "count": 0,
            "name": "Người dùng facebook"
        },
        {
            "id": "100057455126607",
            "count": 0,
            "name": "Người dùng facebook"
        },
        {
            "id": "100015466532273",
            "count": 0,
            "name": "Người dùng facebook"
        },
        {
            "id": "100058800620671",
            "count": 0,
            "name": "Người dùng facebook"
        },
        {
            "id": "728756441",
            "count": 0,
            "name": "Người dùng facebook"
        },
        {
            "id": "100053395118616",
            "count": 0,
            "name": "Người dùng facebook"
        },
        {
            "id": "100041184706360",
            "count": 0,
            "name": "Người dùng facebook"
        },
        {
            "id": "100083984624666",
            "count": 0,
            "name": "Người dùng facebook"
        },
        {
            "id": "100026897046560",
            "count": 0,
            "name": "Người dùng facebook"
        },
        {
            "id": "100048141041289",
            "count": 0,
            "name": "Người dùng facebook"
        },
        {
            "id": "100000541098826",
            "count": 0,
            "name": "Người dùng facebook"
        },
        {
            "id": "100054797083168",
            "count": 0,
            "name": "Người dùng facebook"
        },
        {
            "id": "100084085839963",
            "count": 0,
            "name": "Người dùng facebook"
        },
        {
            "id": "100046880100923",
            "count": 0,
            "name": "Người dùng facebook"
        },
        {
            "id": "100033387692259",
            "count": 0,
            "name": "Người dùng facebook"
        }
    ],
    "day": [
        {
            "id": "100036947774673",
            "count": 0,
            "name": "Người dùng facebook"
        },
        {
            "id": "100050924621842",
            "count": 0,
            "name": "Người dùng facebook"
        },
        {
            "id": "100070815402204",
            "count": 0,
            "name": "Người dùng facebook"
        },
        {
            "id": "100080629883742",
            "count": 0,
            "name": "Người dùng facebook"
        },
        {
            "id": "100023250277879",
            "count": 0,
            "name": "Người dùng facebook"
        },
        {
            "id": "100082710529975",
            "count": 0,
            "name": "Người dùng facebook"
        },
        {
            "id": "100076651668677",
            "count": 0,
            "name": "Người dùng facebook"
        },
        {
            "id": "100048240584213",
            "count": 0,
            "name": "Người dùng facebook"
        },
        {
            "id": "100013942628281",
            "count": 0,
            "name": "Người dùng facebook"
        },
        {
            "id": "100029977491749",
            "count": 0,
            "name": "Người dùng facebook"
        },
        {
            "id": "100059538169739",
            "count": 0,
            "name": "Người dùng facebook"
        },
        {
            "id": "573331286",
            "count": 0,
            "name": "Người dùng facebook"
        },
        {
            "id": "100041673456896",
            "count": 0,
            "name": "Người dùng facebook"
        },
        {
            "id": "100071132537313",
            "count": 0,
            "name": "Người dùng facebook"
        },
        {
            "id": "100012199992153",
            "count": 0,
            "name": "Người dùng facebook"
        },
        {
            "id": "100011422572422",
            "count": 0,
            "name": "Người dùng facebook"
        },
        {
            "id": "100080586771709",
            "count": 0,
            "name": "Người dùng facebook"
        },
        {
            "id": "100018689287953",
            "count": 0,
            "name": "Người dùng facebook"
        },
        {
            "id": "100060894693968",
            "count": 0,
            "name": "Người dùng facebook"
        },
        {
            "id": "100040984926932",
            "count": 0,
            "name": "Người dùng facebook"
        },
        {
            "id": "100043937075088",
            "count": 0,
            "name": "Người dùng facebook"
        },
        {
            "id": "100037211391552",
            "count": 0,
            "name": "Người dùng facebook"
        },
        {
            "id": "100075355876941",
            "count": 0,
            "name": "Người dùng facebook"
        },
        {
            "id": "100000664756191",
            "count": 0,
            "name": "Người dùng facebook"
        },
        {
            "id": "100041870882038",
            "count": 0,
            "name": "Người dùng facebook"
        },
        {
            "id": "100056953105174",
            "count": 0,
            "name": "Người dùng facebook"
        },
        {
            "id": "100068379946316",
            "count": 0,
            "name": "Người dùng facebook"
        },
        {
            "id": "100018185582351",
            "count": 0,
            "name": "Người dùng facebook"
        },
        {
            "id": "100060918233890",
            "count": 0,
            "name": "Người dùng facebook"
        },
        {
            "id": "100055005337955",
            "count": 0,
            "name": "Người dùng facebook"
        },
        {
            "id": "100023064561299",
            "count": 0,
            "name": "Người dùng facebook"
        },
        {
            "id": "100080257120369",
            "count": 0,
            "name": "Người dùng facebook"
        },
        {
            "id": "100067594830900",
            "count": 0,
            "name": "Người dùng facebook"
        },
        {
            "id": "100082639150340",
            "count": 0,
            "name": "Người dùng facebook"
        },
        {
            "id": "100065095141252",
            "count": 0,
            "name": "Người dùng facebook"
        },
        {
            "id": "100075676857572",
            "count": 0,
            "name": "Người dùng facebook"
        },
        {
            "id": "100032189318161",
            "count": 0,
            "name": "Người dùng facebook"
        },
        {
            "id": "100057016878182",
            "count": 0,
            "name": "Người dùng facebook"
        },
        {
            "id": "100076407622159",
            "count": 0,
            "name": "Người dùng facebook"
        },
        {
            "id": "100076206034574",
            "count": 0,
            "name": "Người dùng facebook"
        },
        {
            "id": "100049496583094",
            "count": 0,
            "name": "Người dùng facebook"
        },
        {
            "id": "100064941166461",
            "count": 0,
            "name": "Người dùng facebook"
        },
        {
            "id": "100013143223723",
            "count": 0,
            "name": "Người dùng facebook"
        },
        {
            "id": "100057455126607",
            "count": 0,
            "name": "Người dùng facebook"
        },
        {
            "id": "100015466532273",
            "count": 0,
            "name": "Người dùng facebook"
        },
        {
            "id": "100058800620671",
            "count": 0,
            "name": "Người dùng facebook"
        },
        {
            "id": "728756441",
            "count": 0,
            "name": "Người dùng facebook"
        },
        {
            "id": "100053395118616",
            "count": 0,
            "name": "Người dùng facebook"
        },
        {
            "id": "100041184706360",
            "count": 0,
            "name": "Người dùng facebook"
        },
        {
            "id": "100083984624666",
            "count": 0,
            "name": "Người dùng facebook"
        },
        {
            "id": "100026897046560",
            "count": 0,
            "name": "Người dùng facebook"
        },
        {
            "id": "100048141041289",
            "count": 0,
            "name": "Người dùng facebook"
        },
        {
            "id": "100000541098826",
            "count": 0,
            "name": "Người dùng facebook"
        },
        {
            "id": "100054797083168",
            "count": 0,
            "name": "Người dùng facebook"
        },
        {
            "id": "100084085839963",
            "count": 0,
            "name": "Người dùng facebook"
        },
        {
            "id": "100046880100923",
            "count": 0,
            "name": "Người dùng facebook"
        },
        {
            "id": "100033387692259",
            "count": 0,
            "name": "Người dùng facebook"
        }
    ],
    "time": 6
}