{
    "total": [
        {
            "id": "100004540967385",
            "count": 6
        },
        {
            "id": "100005969683184",
            "count": 0
        },
        {
            "id": "100014057802345",
            "count": 0
        },
        {
            "id": "100016328493174",
            "count": 20
        },
        {
            "id": "100022043794675",
            "count": 7
        },
        {
            "id": "100023250277879",
            "count": 83
        },
        {
            "id": "100025114743132",
            "count": 0
        },
        {
            "id": "100027261529341",
            "count": 0
        },
        {
            "id": "100027595845555",
            "count": 0
        },
        {
            "id": "100031226604096",
            "count": 0
        },
        {
            "id": "100034061160019",
            "count": 62
        },
        {
            "id": "100034328330555",
            "count": 2
        },
        {
            "id": "100042970367943",
            "count": 19
        },
        {
            "id": "100043266614873",
            "count": 0
        },
        {
            "id": "100043979612974",
            "count": 11
        },
        {
            "id": "100045924364225",
            "count": 243
        },
        {
            "id": "100047588494584",
            "count": 0
        },
        {
            "id": "100048321903063",
            "count": 1
        },
        {
            "id": "100052940739587",
            "count": 0
        },
        {
            "id": "100053345351168",
            "count": 112
        },
        {
            "id": "100057854307077",
            "count": 0
        },
        {
            "id": "100061582641532",
            "count": 2
        },
        {
            "id": "100062341291143",
            "count": 8
        },
        {
            "id": "100062778545507",
            "count": 77
        },
        {
            "id": "100063392505485",
            "count": 0
        },
        {
            "id": "100065933780858",
            "count": 10
        },
        {
            "id": "100067088740260",
            "count": 5
        },
        {
            "id": "100068226336479",
            "count": 0
        },
        {
            "id": "100070659094261",
            "count": 76
        },
        {
            "id": "100072423566769",
            "count": 10
        },
        {
            "id": "100073176761532",
            "count": 0
        },
        {
            "id": "100073880225425",
            "count": 0
        },
        {
            "id": "100074111865170",
            "count": 329
        },
        {
            "id": "100076585511205",
            "count": 0
        },
        {
            "id": "100076965566510",
            "count": 0
        },
        {
            "id": "100078099109533",
            "count": 0
        },
        {
            "id": "100082002441994",
            "count": 52
        },
        {
            "id": "100082407499507",
            "count": 416
        },
        {
            "id": "100082629955566",
            "count": 12
        },
        {
            "id": "100061000023043",
            "count": 21
        }
    ],
    "week": [
        {
            "id": "100004540967385",
            "count": 0,
            "name": "Người dùng facebook"
        },
        {
            "id": "100005969683184",
            "count": 0,
            "name": "Người dùng facebook"
        },
        {
            "id": "100014057802345",
            "count": 0,
            "name": "Người dùng facebook"
        },
        {
            "id": "100016328493174",
            "count": 0,
            "name": "Người dùng facebook"
        },
        {
            "id": "100022043794675",
            "count": 0,
            "name": "Người dùng facebook"
        },
        {
            "id": "100023250277879",
            "count": 0,
            "name": "Người dùng facebook"
        },
        {
            "id": "100025114743132",
            "count": 0,
            "name": "Người dùng facebook"
        },
        {
            "id": "100027261529341",
            "count": 0,
            "name": "Người dùng facebook"
        },
        {
            "id": "100027595845555",
            "count": 0,
            "name": "Người dùng facebook"
        },
        {
            "id": "100031226604096",
            "count": 0,
            "name": "Người dùng facebook"
        },
        {
            "id": "100034061160019",
            "count": 0,
            "name": "Người dùng facebook"
        },
        {
            "id": "100034328330555",
            "count": 0,
            "name": "Người dùng facebook"
        },
        {
            "id": "100042970367943",
            "count": 0,
            "name": "Người dùng facebook"
        },
        {
            "id": "100043266614873",
            "count": 0,
            "name": "Người dùng facebook"
        },
        {
            "id": "100043979612974",
            "count": 0,
            "name": "Người dùng facebook"
        },
        {
            "id": "100045924364225",
            "count": 0,
            "name": "Người dùng facebook"
        },
        {
            "id": "100047588494584",
            "count": 0,
            "name": "Người dùng facebook"
        },
        {
            "id": "100048321903063",
            "count": 0,
            "name": "Người dùng facebook"
        },
        {
            "id": "100052940739587",
            "count": 0,
            "name": "Người dùng facebook"
        },
        {
            "id": "100053345351168",
            "count": 0,
            "name": "Người dùng facebook"
        },
        {
            "id": "100057854307077",
            "count": 0,
            "name": "Người dùng facebook"
        },
        {
            "id": "100061582641532",
            "count": 0,
            "name": "Người dùng facebook"
        },
        {
            "id": "100062341291143",
            "count": 0,
            "name": "Người dùng facebook"
        },
        {
            "id": "100062778545507",
            "count": 0,
            "name": "Người dùng facebook"
        },
        {
            "id": "100063392505485",
            "count": 0,
            "name": "Người dùng facebook"
        },
        {
            "id": "100065933780858",
            "count": 0,
            "name": "Người dùng facebook"
        },
        {
            "id": "100067088740260",
            "count": 0,
            "name": "Người dùng facebook"
        },
        {
            "id": "100068226336479",
            "count": 0,
            "name": "Người dùng facebook"
        },
        {
            "id": "100070659094261",
            "count": 0,
            "name": "Người dùng facebook"
        },
        {
            "id": "100072423566769",
            "count": 0,
            "name": "Người dùng facebook"
        },
        {
            "id": "100073176761532",
            "count": 0,
            "name": "Người dùng facebook"
        },
        {
            "id": "100073880225425",
            "count": 0,
            "name": "Người dùng facebook"
        },
        {
            "id": "100074111865170",
            "count": 0,
            "name": "Người dùng facebook"
        },
        {
            "id": "100076585511205",
            "count": 0,
            "name": "Người dùng facebook"
        },
        {
            "id": "100076965566510",
            "count": 0,
            "name": "Người dùng facebook"
        },
        {
            "id": "100078099109533",
            "count": 0,
            "name": "Người dùng facebook"
        },
        {
            "id": "100082002441994",
            "count": 0,
            "name": "Người dùng facebook"
        },
        {
            "id": "100082407499507",
            "count": 0,
            "name": "Người dùng facebook"
        },
        {
            "id": "100082629955566",
            "count": 0,
            "name": "Người dùng facebook"
        },
        {
            "id": "100061000023043",
            "count": 0,
            "name": "Người dùng facebook"
        }
    ],
    "day": [
        {
            "id": "100004540967385",
            "count": 0,
            "name": "Người dùng facebook"
        },
        {
            "id": "100005969683184",
            "count": 0,
            "name": "Người dùng facebook"
        },
        {
            "id": "100014057802345",
            "count": 0,
            "name": "Người dùng facebook"
        },
        {
            "id": "100016328493174",
            "count": 0,
            "name": "Người dùng facebook"
        },
        {
            "id": "100022043794675",
            "count": 0,
            "name": "Người dùng facebook"
        },
        {
            "id": "100023250277879",
            "count": 0,
            "name": "Người dùng facebook"
        },
        {
            "id": "100025114743132",
            "count": 0,
            "name": "Người dùng facebook"
        },
        {
            "id": "100027261529341",
            "count": 0,
            "name": "Người dùng facebook"
        },
        {
            "id": "100027595845555",
            "count": 0,
            "name": "Người dùng facebook"
        },
        {
            "id": "100031226604096",
            "count": 0,
            "name": "Người dùng facebook"
        },
        {
            "id": "100034061160019",
            "count": 0,
            "name": "Người dùng facebook"
        },
        {
            "id": "100034328330555",
            "count": 0,
            "name": "Người dùng facebook"
        },
        {
            "id": "100042970367943",
            "count": 0,
            "name": "Người dùng facebook"
        },
        {
            "id": "100043266614873",
            "count": 0,
            "name": "Người dùng facebook"
        },
        {
            "id": "100043979612974",
            "count": 0,
            "name": "Người dùng facebook"
        },
        {
            "id": "100045924364225",
            "count": 0,
            "name": "Người dùng facebook"
        },
        {
            "id": "100047588494584",
            "count": 0,
            "name": "Người dùng facebook"
        },
        {
            "id": "100048321903063",
            "count": 0,
            "name": "Người dùng facebook"
        },
        {
            "id": "100052940739587",
            "count": 0,
            "name": "Người dùng facebook"
        },
        {
            "id": "100053345351168",
            "count": 0,
            "name": "Người dùng facebook"
        },
        {
            "id": "100057854307077",
            "count": 0,
            "name": "Người dùng facebook"
        },
        {
            "id": "100061582641532",
            "count": 0,
            "name": "Người dùng facebook"
        },
        {
            "id": "100062341291143",
            "count": 0,
            "name": "Người dùng facebook"
        },
        {
            "id": "100062778545507",
            "count": 0,
            "name": "Người dùng facebook"
        },
        {
            "id": "100063392505485",
            "count": 0,
            "name": "Người dùng facebook"
        },
        {
            "id": "100065933780858",
            "count": 0,
            "name": "Người dùng facebook"
        },
        {
            "id": "100067088740260",
            "count": 0,
            "name": "Người dùng facebook"
        },
        {
            "id": "100068226336479",
            "count": 0,
            "name": "Người dùng facebook"
        },
        {
            "id": "100070659094261",
            "count": 0,
            "name": "Người dùng facebook"
        },
        {
            "id": "100072423566769",
            "count": 0,
            "name": "Người dùng facebook"
        },
        {
            "id": "100073176761532",
            "count": 0,
            "name": "Người dùng facebook"
        },
        {
            "id": "100073880225425",
            "count": 0,
            "name": "Người dùng facebook"
        },
        {
            "id": "100074111865170",
            "count": 0,
            "name": "Người dùng facebook"
        },
        {
            "id": "100076585511205",
            "count": 0,
            "name": "Người dùng facebook"
        },
        {
            "id": "100076965566510",
            "count": 0,
            "name": "Người dùng facebook"
        },
        {
            "id": "100078099109533",
            "count": 0,
            "name": "Người dùng facebook"
        },
        {
            "id": "100082002441994",
            "count": 0,
            "name": "Người dùng facebook"
        },
        {
            "id": "100082407499507",
            "count": 0,
            "name": "Người dùng facebook"
        },
        {
            "id": "100082629955566",
            "count": 0,
            "name": "Người dùng facebook"
        },
        {
            "id": "100061000023043",
            "count": 0,
            "name": "Người dùng facebook"
        }
    ],
    "time": 6
}