{
    "total": [
        {
            "id": "100005921221831",
            "count": 35
        },
        {
            "id": "100014020472478",
            "count": 5
        },
        {
            "id": "100028023350843",
            "count": 40
        },
        {
            "id": "100056824850431",
            "count": 2
        }
    ],
    "week": [
        {
            "id": "100005921221831",
            "count": 35
        },
        {
            "id": "100014020472478",
            "count": 5
        },
        {
            "id": "100028023350843",
            "count": 40
        },
        {
            "id": "100056824850431",
            "count": 2
        }
    ],
    "day": [
        {
            "id": "100005921221831",
            "count": 35
        },
        {
            "id": "100014020472478",
            "count": 5
        },
        {
            "id": "100028023350843",
            "count": 40
        },
        {
            "id": "100056824850431",
            "count": 2
        }
    ],
    "time": 6
}