{
    "total": [
        {
            "id": "100013942628281",
            "count": 0
        },
        {
            "id": "100079106161490",
            "count": 126
        },
        {
            "id": "100085334713537",
            "count": 97
        },
        {
            "id": "100067465906815",
            "count": 21
        },
        {
            "id": "100033553516741",
            "count": 23
        },
        {
            "id": "100057555452681",
            "count": 25
        },
        {
            "id": "100028597141700",
            "count": 44
        },
        {
            "id": "100076587682435",
            "count": 6
        },
        {
            "id": "100071549174245",
            "count": 60
        },
        {
            "id": "100045214531806",
            "count": 1
        },
        {
            "id": "100055862563091",
            "count": 19
        },
        {
            "id": "100024361954452",
            "count": 12
        }
    ],
    "week": [
        {
            "id": "100013942628281",
            "count": 0,
            "name": "Người dùng facebook"
        },
        {
            "id": "100079106161490",
            "count": 0,
            "name": "Người dùng facebook"
        },
        {
            "id": "100085334713537",
            "count": 0,
            "name": "Người dùng facebook"
        },
        {
            "id": "100067465906815",
            "count": 0,
            "name": "Người dùng facebook"
        },
        {
            "id": "100033553516741",
            "count": 0,
            "name": "Người dùng facebook"
        },
        {
            "id": "100057555452681",
            "count": 0,
            "name": "Người dùng facebook"
        },
        {
            "id": "100028597141700",
            "count": 0,
            "name": "Người dùng facebook"
        },
        {
            "id": "100076587682435",
            "count": 0,
            "name": "Người dùng facebook"
        },
        {
            "id": "100071549174245",
            "count": 0,
            "name": "Người dùng facebook"
        },
        {
            "id": "100045214531806",
            "count": 0,
            "name": "Người dùng facebook"
        },
        {
            "id": "100055862563091",
            "count": 0,
            "name": "Người dùng facebook"
        },
        {
            "id": "100024361954452",
            "count": 0,
            "name": "Người dùng facebook"
        }
    ],
    "day": [
        {
            "id": "100013942628281",
            "count": 0,
            "name": "Người dùng facebook"
        },
        {
            "id": "100079106161490",
            "count": 0,
            "name": "Người dùng facebook"
        },
        {
            "id": "100085334713537",
            "count": 0,
            "name": "Người dùng facebook"
        },
        {
            "id": "100067465906815",
            "count": 0,
            "name": "Người dùng facebook"
        },
        {
            "id": "100033553516741",
            "count": 0,
            "name": "Người dùng facebook"
        },
        {
            "id": "100057555452681",
            "count": 0,
            "name": "Người dùng facebook"
        },
        {
            "id": "100028597141700",
            "count": 0,
            "name": "Người dùng facebook"
        },
        {
            "id": "100076587682435",
            "count": 0,
            "name": "Người dùng facebook"
        },
        {
            "id": "100071549174245",
            "count": 0,
            "name": "Người dùng facebook"
        },
        {
            "id": "100045214531806",
            "count": 0,
            "name": "Người dùng facebook"
        },
        {
            "id": "100055862563091",
            "count": 0,
            "name": "Người dùng facebook"
        },
        {
            "id": "100024361954452",
            "count": 0,
            "name": "Người dùng facebook"
        }
    ],
    "time": 6
}