{
    "total": [
        {
            "id": "100013942628281",
            "count": 19
        },
        {
            "id": "100023250277879",
            "count": 17
        },
        {
            "id": "100056892602903",
            "count": 0
        },
        {
            "id": "100075037102158",
            "count": 13
        }
    ],
    "week": [
        {
            "id": "100013942628281",
            "count": 0,
            "name": "Người dùng facebook"
        },
        {
            "id": "100023250277879",
            "count": 0,
            "name": "Người dùng facebook"
        },
        {
            "id": "100056892602903",
            "count": 0,
            "name": "Người dùng facebook"
        },
        {
            "id": "100075037102158",
            "count": 0,
            "name": "Người dùng facebook"
        }
    ],
    "day": [
        {
            "id": "100013942628281",
            "count": 0,
            "name": "Người dùng facebook"
        },
        {
            "id": "100023250277879",
            "count": 0,
            "name": "Người dùng facebook"
        },
        {
            "id": "100056892602903",
            "count": 0,
            "name": "Người dùng facebook"
        },
        {
            "id": "100075037102158",
            "count": 0,
            "name": "Người dùng facebook"
        }
    ],
    "time": 6
}