{
    "total": [
        {
            "id": "100013942628281",
            "count": 5
        },
        {
            "id": "100023250277879",
            "count": 5
        },
        {
            "id": "100065095141252",
            "count": 5
        },
        {
            "id": "100081767531141",
            "count": 0
        }
    ],
    "week": [
        {
            "id": "100013942628281",
            "count": 0,
            "name": "Người dùng facebook"
        },
        {
            "id": "100023250277879",
            "count": 0,
            "name": "Người dùng facebook"
        },
        {
            "id": "100065095141252",
            "count": 0,
            "name": "Người dùng facebook"
        },
        {
            "id": "100081767531141",
            "count": 0,
            "name": "Người dùng facebook"
        }
    ],
    "day": [
        {
            "id": "100013942628281",
            "count": 0,
            "name": "Người dùng facebook"
        },
        {
            "id": "100023250277879",
            "count": 0,
            "name": "Người dùng facebook"
        },
        {
            "id": "100065095141252",
            "count": 0,
            "name": "Người dùng facebook"
        },
        {
            "id": "100081767531141",
            "count": 0,
            "name": "Người dùng facebook"
        }
    ],
    "time": 6
}