{
    "total": [
        {
            "id": "542553512",
            "count": 15
        },
        {
            "id": "1053270047",
            "count": 7
        },
        {
            "id": "1591878624",
            "count": 2
        },
        {
            "id": "100006182856696",
            "count": 40
        },
        {
            "id": "100009164347137",
            "count": 3
        },
        {
            "id": "100010384925859",
            "count": 5
        },
        {
            "id": "100015774759751",
            "count": 2
        },
        {
            "id": "100017584083337",
            "count": 0
        },
        {
            "id": "100022318368347",
            "count": 41
        },
        {
            "id": "100023250277879",
            "count": 1123
        },
        {
            "id": "100024639311801",
            "count": 3
        },
        {
            "id": "100024800444422",
            "count": 12
        },
        {
            "id": "100025978191981",
            "count": 0
        },
        {
            "id": "100027871009504",
            "count": 1
        },
        {
            "id": "100036706487899",
            "count": 0
        },
        {
            "id": "100036762888466",
            "count": 0
        },
        {
            "id": "100041461158126",
            "count": 15
        },
        {
            "id": "100043588335213",
            "count": 0
        },
        {
            "id": "100044341830320",
            "count": 0
        },
        {
            "id": "100049461323597",
            "count": 6
        },
        {
            "id": "100049985083041",
            "count": 7
        },
        {
            "id": "100050783672780",
            "count": 360
        },
        {
            "id": "100051143269708",
            "count": 2
        },
        {
            "id": "100052287033850",
            "count": 0
        },
        {
            "id": "100052424927794",
            "count": 10
        },
        {
            "id": "100053108161441",
            "count": 11
        },
        {
            "id": "100053688382295",
            "count": 5
        },
        {
            "id": "100053694631273",
            "count": 0
        },
        {
            "id": "100054393468639",
            "count": 3
        },
        {
            "id": "100054428477821",
            "count": 157
        },
        {
            "id": "100054854714687",
            "count": 665
        },
        {
            "id": "100055288164413",
            "count": 1
        },
        {
            "id": "100055733254565",
            "count": 0
        },
        {
            "id": "100055843820779",
            "count": 0
        },
        {
            "id": "100056385753879",
            "count": 375
        },
        {
            "id": "100057101932807",
            "count": 0
        },
        {
            "id": "100057315796253",
            "count": 0
        },
        {
            "id": "100057589981049",
            "count": 0
        },
        {
            "id": "100060528341717",
            "count": 0
        },
        {
            "id": "100062629959701",
            "count": 187
        },
        {
            "id": "100062865731797",
            "count": 154
        },
        {
            "id": "100063511310294",
            "count": 0
        },
        {
            "id": "100063889682705",
            "count": 32
        },
        {
            "id": "100063965942654",
            "count": 0
        },
        {
            "id": "100065019925710",
            "count": 0
        },
        {
            "id": "100065136533492",
            "count": 9
        },
        {
            "id": "100065427331177",
            "count": 44
        },
        {
            "id": "100065988668501",
            "count": 3
        },
        {
            "id": "100066618517391",
            "count": 6
        },
        {
            "id": "100066730050444",
            "count": 0
        },
        {
            "id": "100066889897779",
            "count": 11
        },
        {
            "id": "100067082877256",
            "count": 106
        },
        {
            "id": "100067403434129",
            "count": 0
        },
        {
            "id": "100067923228212",
            "count": 0
        },
        {
            "id": "100068074151102",
            "count": 619
        },
        {
            "id": "100068483677321",
            "count": 14
        },
        {
            "id": "100068788093024",
            "count": 0
        },
        {
            "id": "100069489565152",
            "count": 36
        },
        {
            "id": "100069954661615",
            "count": 0
        },
        {
            "id": "100070513855209",
            "count": 7
        },
        {
            "id": "100070718642951",
            "count": 0
        },
        {
            "id": "100070803444956",
            "count": 0
        },
        {
            "id": "100071335034571",
            "count": 26
        },
        {
            "id": "100071521630435",
            "count": 8
        },
        {
            "id": "100071558205603",
            "count": 2
        },
        {
            "id": "100072565136238",
            "count": 54
        },
        {
            "id": "100072929811950",
            "count": 0
        },
        {
            "id": "100073100820461",
            "count": 5
        },
        {
            "id": "100073102205508",
            "count": 0
        },
        {
            "id": "100073253918173",
            "count": 27
        },
        {
            "id": "100074047475256",
            "count": 1
        },
        {
            "id": "100074325948800",
            "count": 22
        },
        {
            "id": "100074451742554",
            "count": 24
        },
        {
            "id": "100074539188302",
            "count": 0
        },
        {
            "id": "100075378416232",
            "count": 0
        },
        {
            "id": "100075759167833",
            "count": 4
        },
        {
            "id": "100075876571770",
            "count": 69
        },
        {
            "id": "100076910295181",
            "count": 0
        },
        {
            "id": "100077817595735",
            "count": 12
        },
        {
            "id": "100078555643400",
            "count": 5
        },
        {
            "id": "100078809439644",
            "count": 2
        },
        {
            "id": "100080197641480",
            "count": 158
        },
        {
            "id": "100080435101724",
            "count": 12
        },
        {
            "id": "100081853866282",
            "count": 7
        },
        {
            "id": "100082079657304",
            "count": 9
        },
        {
            "id": "100082589933744",
            "count": 0
        },
        {
            "id": "100082860442626",
            "count": 7
        },
        {
            "id": "100082966748437",
            "count": 179
        },
        {
            "id": "100083708986199",
            "count": 369
        },
        {
            "id": "100083786494620",
            "count": 10
        },
        {
            "id": "100079017055391",
            "count": 77
        },
        {
            "id": "100039998406562",
            "count": 3
        },
        {
            "id": "100054700269390",
            "count": 1
        },
        {
            "id": "100081094384635",
            "count": 599
        },
        {
            "id": "100045309906006",
            "count": 5
        },
        {
            "id": "100033201902396",
            "count": 12
        },
        {
            "id": "100076749447767",
            "count": 2
        },
        {
            "id": "100084051724098",
            "count": 12
        },
        {
            "id": "100066259730733",
            "count": 2
        },
        {
            "id": "100076580416328",
            "count": 4
        },
        {
            "id": "100055062913478",
            "count": 2
        },
        {
            "id": "100072817990961",
            "count": 9
        },
        {
            "id": "100055016552204",
            "count": 16
        },
        {
            "id": "100082642095848",
            "count": 641
        },
        {
            "id": "100082249124287",
            "count": 1
        },
        {
            "id": "100068467615960",
            "count": 265
        },
        {
            "id": "100056393282255",
            "count": 6
        },
        {
            "id": "100083168354119",
            "count": 1
        },
        {
            "id": "100059543336701",
            "count": 7
        },
        {
            "id": "100053543002019",
            "count": 3
        },
        {
            "id": "100012559056168",
            "count": 14
        },
        {
            "id": "100041721690189",
            "count": 200
        },
        {
            "id": "100083731041921",
            "count": 255
        },
        {
            "id": "100075155871025",
            "count": 46
        },
        {
            "id": "100065854061846",
            "count": 1
        },
        {
            "id": "100037945953397",
            "count": 44
        },
        {
            "id": "100010997414066",
            "count": 29
        },
        {
            "id": "100040368050901",
            "count": 254
        },
        {
            "id": "100006617204787",
            "count": 2
        },
        {
            "id": "100022906280569",
            "count": 88
        },
        {
            "id": "100084230284911",
            "count": 1
        },
        {
            "id": "100081177791899",
            "count": 16
        }
    ],
    "week": [
        {
            "id": "542553512",
            "count": 0,
            "name": "Người dùng facebook"
        },
        {
            "id": "1053270047",
            "count": 0,
            "name": "Người dùng facebook"
        },
        {
            "id": "1591878624",
            "count": 0,
            "name": "Người dùng facebook"
        },
        {
            "id": "100006182856696",
            "count": 0,
            "name": "Người dùng facebook"
        },
        {
            "id": "100009164347137",
            "count": 0,
            "name": "Người dùng facebook"
        },
        {
            "id": "100010384925859",
            "count": 0,
            "name": "Người dùng facebook"
        },
        {
            "id": "100015774759751",
            "count": 0,
            "name": "Người dùng facebook"
        },
        {
            "id": "100017584083337",
            "count": 0,
            "name": "Người dùng facebook"
        },
        {
            "id": "100022318368347",
            "count": 0,
            "name": "Người dùng facebook"
        },
        {
            "id": "100023250277879",
            "count": 0,
            "name": "Người dùng facebook"
        },
        {
            "id": "100024639311801",
            "count": 0,
            "name": "Người dùng facebook"
        },
        {
            "id": "100024800444422",
            "count": 0,
            "name": "Người dùng facebook"
        },
        {
            "id": "100025978191981",
            "count": 0,
            "name": "Người dùng facebook"
        },
        {
            "id": "100027871009504",
            "count": 0,
            "name": "Người dùng facebook"
        },
        {
            "id": "100036706487899",
            "count": 0,
            "name": "Người dùng facebook"
        },
        {
            "id": "100036762888466",
            "count": 0,
            "name": "Người dùng facebook"
        },
        {
            "id": "100041461158126",
            "count": 0,
            "name": "Người dùng facebook"
        },
        {
            "id": "100043588335213",
            "count": 0,
            "name": "Người dùng facebook"
        },
        {
            "id": "100044341830320",
            "count": 0,
            "name": "Người dùng facebook"
        },
        {
            "id": "100049461323597",
            "count": 0,
            "name": "Người dùng facebook"
        },
        {
            "id": "100049985083041",
            "count": 0,
            "name": "Người dùng facebook"
        },
        {
            "id": "100050783672780",
            "count": 0,
            "name": "Người dùng facebook"
        },
        {
            "id": "100051143269708",
            "count": 0,
            "name": "Người dùng facebook"
        },
        {
            "id": "100052287033850",
            "count": 0,
            "name": "Người dùng facebook"
        },
        {
            "id": "100052424927794",
            "count": 0,
            "name": "Người dùng facebook"
        },
        {
            "id": "100053108161441",
            "count": 0,
            "name": "Người dùng facebook"
        },
        {
            "id": "100053688382295",
            "count": 0,
            "name": "Người dùng facebook"
        },
        {
            "id": "100053694631273",
            "count": 0,
            "name": "Người dùng facebook"
        },
        {
            "id": "100054393468639",
            "count": 0,
            "name": "Người dùng facebook"
        },
        {
            "id": "100054428477821",
            "count": 0,
            "name": "Người dùng facebook"
        },
        {
            "id": "100054854714687",
            "count": 0,
            "name": "Người dùng facebook"
        },
        {
            "id": "100055288164413",
            "count": 0,
            "name": "Người dùng facebook"
        },
        {
            "id": "100055733254565",
            "count": 0,
            "name": "Người dùng facebook"
        },
        {
            "id": "100055843820779",
            "count": 0,
            "name": "Người dùng facebook"
        },
        {
            "id": "100056385753879",
            "count": 0,
            "name": "Người dùng facebook"
        },
        {
            "id": "100057101932807",
            "count": 0,
            "name": "Người dùng facebook"
        },
        {
            "id": "100057315796253",
            "count": 0,
            "name": "Người dùng facebook"
        },
        {
            "id": "100057589981049",
            "count": 0,
            "name": "Người dùng facebook"
        },
        {
            "id": "100060528341717",
            "count": 0,
            "name": "Người dùng facebook"
        },
        {
            "id": "100062629959701",
            "count": 0,
            "name": "Người dùng facebook"
        },
        {
            "id": "100062865731797",
            "count": 0,
            "name": "Người dùng facebook"
        },
        {
            "id": "100063511310294",
            "count": 0,
            "name": "Người dùng facebook"
        },
        {
            "id": "100063889682705",
            "count": 0,
            "name": "Người dùng facebook"
        },
        {
            "id": "100063965942654",
            "count": 0,
            "name": "Người dùng facebook"
        },
        {
            "id": "100065019925710",
            "count": 0,
            "name": "Người dùng facebook"
        },
        {
            "id": "100065136533492",
            "count": 0,
            "name": "Người dùng facebook"
        },
        {
            "id": "100065427331177",
            "count": 0,
            "name": "Người dùng facebook"
        },
        {
            "id": "100065988668501",
            "count": 0,
            "name": "Người dùng facebook"
        },
        {
            "id": "100066618517391",
            "count": 0,
            "name": "Người dùng facebook"
        },
        {
            "id": "100066730050444",
            "count": 0,
            "name": "Người dùng facebook"
        },
        {
            "id": "100066889897779",
            "count": 0,
            "name": "Người dùng facebook"
        },
        {
            "id": "100067082877256",
            "count": 0,
            "name": "Người dùng facebook"
        },
        {
            "id": "100067403434129",
            "count": 0,
            "name": "Người dùng facebook"
        },
        {
            "id": "100067923228212",
            "count": 0,
            "name": "Người dùng facebook"
        },
        {
            "id": "100068074151102",
            "count": 0,
            "name": "Người dùng facebook"
        },
        {
            "id": "100068483677321",
            "count": 0,
            "name": "Người dùng facebook"
        },
        {
            "id": "100068788093024",
            "count": 0,
            "name": "Người dùng facebook"
        },
        {
            "id": "100069489565152",
            "count": 0,
            "name": "Người dùng facebook"
        },
        {
            "id": "100069954661615",
            "count": 0,
            "name": "Người dùng facebook"
        },
        {
            "id": "100070513855209",
            "count": 0,
            "name": "Người dùng facebook"
        },
        {
            "id": "100070718642951",
            "count": 0,
            "name": "Người dùng facebook"
        },
        {
            "id": "100070803444956",
            "count": 0,
            "name": "Người dùng facebook"
        },
        {
            "id": "100071335034571",
            "count": 0,
            "name": "Người dùng facebook"
        },
        {
            "id": "100071521630435",
            "count": 0,
            "name": "Người dùng facebook"
        },
        {
            "id": "100071558205603",
            "count": 0,
            "name": "Người dùng facebook"
        },
        {
            "id": "100072565136238",
            "count": 0,
            "name": "Người dùng facebook"
        },
        {
            "id": "100072929811950",
            "count": 0,
            "name": "Người dùng facebook"
        },
        {
            "id": "100073100820461",
            "count": 0,
            "name": "Người dùng facebook"
        },
        {
            "id": "100073102205508",
            "count": 0,
            "name": "Người dùng facebook"
        },
        {
            "id": "100073253918173",
            "count": 0,
            "name": "Người dùng facebook"
        },
        {
            "id": "100074047475256",
            "count": 0,
            "name": "Người dùng facebook"
        },
        {
            "id": "100074325948800",
            "count": 0,
            "name": "Người dùng facebook"
        },
        {
            "id": "100074451742554",
            "count": 0,
            "name": "Người dùng facebook"
        },
        {
            "id": "100074539188302",
            "count": 0,
            "name": "Người dùng facebook"
        },
        {
            "id": "100075378416232",
            "count": 0,
            "name": "Người dùng facebook"
        },
        {
            "id": "100075759167833",
            "count": 0,
            "name": "Người dùng facebook"
        },
        {
            "id": "100075876571770",
            "count": 0,
            "name": "Người dùng facebook"
        },
        {
            "id": "100076910295181",
            "count": 0,
            "name": "Người dùng facebook"
        },
        {
            "id": "100077817595735",
            "count": 0,
            "name": "Người dùng facebook"
        },
        {
            "id": "100078555643400",
            "count": 0,
            "name": "Người dùng facebook"
        },
        {
            "id": "100078809439644",
            "count": 0,
            "name": "Người dùng facebook"
        },
        {
            "id": "100080197641480",
            "count": 0,
            "name": "Người dùng facebook"
        },
        {
            "id": "100080435101724",
            "count": 0,
            "name": "Người dùng facebook"
        },
        {
            "id": "100081853866282",
            "count": 0,
            "name": "Người dùng facebook"
        },
        {
            "id": "100082079657304",
            "count": 0,
            "name": "Người dùng facebook"
        },
        {
            "id": "100082589933744",
            "count": 0,
            "name": "Người dùng facebook"
        },
        {
            "id": "100082860442626",
            "count": 0,
            "name": "Người dùng facebook"
        },
        {
            "id": "100082966748437",
            "count": 0,
            "name": "Người dùng facebook"
        },
        {
            "id": "100083708986199",
            "count": 0,
            "name": "Người dùng facebook"
        },
        {
            "id": "100083786494620",
            "count": 0,
            "name": "Người dùng facebook"
        },
        {
            "id": "100079017055391",
            "count": 0,
            "name": "Người dùng facebook"
        },
        {
            "id": "100039998406562",
            "count": 0,
            "name": "Người dùng facebook"
        },
        {
            "id": "100054700269390",
            "count": 0,
            "name": "Người dùng facebook"
        },
        {
            "id": "100081094384635",
            "count": 0,
            "name": "Người dùng facebook"
        },
        {
            "id": "100045309906006",
            "count": 0,
            "name": "Người dùng facebook"
        },
        {
            "id": "100033201902396",
            "count": 0,
            "name": "Người dùng facebook"
        },
        {
            "id": "100076749447767",
            "count": 0,
            "name": "Người dùng facebook"
        },
        {
            "id": "100084051724098",
            "count": 0,
            "name": "Người dùng facebook"
        },
        {
            "id": "100066259730733",
            "count": 0,
            "name": "Người dùng facebook"
        },
        {
            "id": "100076580416328",
            "count": 0,
            "name": "Người dùng facebook"
        },
        {
            "id": "100055062913478",
            "count": 0,
            "name": "Người dùng facebook"
        },
        {
            "id": "100072817990961",
            "count": 0,
            "name": "Người dùng facebook"
        },
        {
            "id": "100055016552204",
            "count": 0,
            "name": "Người dùng facebook"
        },
        {
            "id": "100082642095848",
            "count": 0,
            "name": "Người dùng facebook"
        },
        {
            "id": "100082249124287",
            "count": 0,
            "name": "Người dùng facebook"
        },
        {
            "id": "100068467615960",
            "count": 0,
            "name": "Người dùng facebook"
        },
        {
            "id": "100056393282255",
            "count": 0,
            "name": "Người dùng facebook"
        },
        {
            "id": "100083168354119",
            "count": 0,
            "name": "Người dùng facebook"
        },
        {
            "id": "100059543336701",
            "count": 0,
            "name": "Người dùng facebook"
        },
        {
            "id": "100053543002019",
            "count": 0,
            "name": "Người dùng facebook"
        },
        {
            "id": "100012559056168",
            "count": 0,
            "name": "Người dùng facebook"
        },
        {
            "id": "100041721690189",
            "count": 0,
            "name": "Người dùng facebook"
        },
        {
            "id": "100083731041921",
            "count": 0,
            "name": "Người dùng facebook"
        },
        {
            "id": "100075155871025",
            "count": 0,
            "name": "Người dùng facebook"
        },
        {
            "id": "100065854061846",
            "count": 0,
            "name": "Người dùng facebook"
        },
        {
            "id": "100037945953397",
            "count": 0,
            "name": "Người dùng facebook"
        },
        {
            "id": "100010997414066",
            "count": 0,
            "name": "Người dùng facebook"
        },
        {
            "id": "100040368050901",
            "count": 0,
            "name": "Người dùng facebook"
        },
        {
            "id": "100006617204787",
            "count": 0,
            "name": "Người dùng facebook"
        },
        {
            "id": "100022906280569",
            "count": 0,
            "name": "Người dùng facebook"
        },
        {
            "id": "100084230284911",
            "count": 0,
            "name": "Người dùng facebook"
        },
        {
            "id": "100081177791899",
            "count": 0,
            "name": "Người dùng facebook"
        }
    ],
    "day": [
        {
            "id": "542553512",
            "count": 0,
            "name": "Người dùng facebook"
        },
        {
            "id": "1053270047",
            "count": 0,
            "name": "Người dùng facebook"
        },
        {
            "id": "1591878624",
            "count": 0,
            "name": "Người dùng facebook"
        },
        {
            "id": "100006182856696",
            "count": 0,
            "name": "Người dùng facebook"
        },
        {
            "id": "100009164347137",
            "count": 0,
            "name": "Người dùng facebook"
        },
        {
            "id": "100010384925859",
            "count": 0,
            "name": "Người dùng facebook"
        },
        {
            "id": "100015774759751",
            "count": 0,
            "name": "Người dùng facebook"
        },
        {
            "id": "100017584083337",
            "count": 0,
            "name": "Người dùng facebook"
        },
        {
            "id": "100022318368347",
            "count": 0,
            "name": "Người dùng facebook"
        },
        {
            "id": "100023250277879",
            "count": 0,
            "name": "Người dùng facebook"
        },
        {
            "id": "100024639311801",
            "count": 0,
            "name": "Người dùng facebook"
        },
        {
            "id": "100024800444422",
            "count": 0,
            "name": "Người dùng facebook"
        },
        {
            "id": "100025978191981",
            "count": 0,
            "name": "Người dùng facebook"
        },
        {
            "id": "100027871009504",
            "count": 0,
            "name": "Người dùng facebook"
        },
        {
            "id": "100036706487899",
            "count": 0,
            "name": "Người dùng facebook"
        },
        {
            "id": "100036762888466",
            "count": 0,
            "name": "Người dùng facebook"
        },
        {
            "id": "100041461158126",
            "count": 0,
            "name": "Người dùng facebook"
        },
        {
            "id": "100043588335213",
            "count": 0,
            "name": "Người dùng facebook"
        },
        {
            "id": "100044341830320",
            "count": 0,
            "name": "Người dùng facebook"
        },
        {
            "id": "100049461323597",
            "count": 0,
            "name": "Người dùng facebook"
        },
        {
            "id": "100049985083041",
            "count": 0,
            "name": "Người dùng facebook"
        },
        {
            "id": "100050783672780",
            "count": 0,
            "name": "Người dùng facebook"
        },
        {
            "id": "100051143269708",
            "count": 0,
            "name": "Người dùng facebook"
        },
        {
            "id": "100052287033850",
            "count": 0,
            "name": "Người dùng facebook"
        },
        {
            "id": "100052424927794",
            "count": 0,
            "name": "Người dùng facebook"
        },
        {
            "id": "100053108161441",
            "count": 0,
            "name": "Người dùng facebook"
        },
        {
            "id": "100053688382295",
            "count": 0,
            "name": "Người dùng facebook"
        },
        {
            "id": "100053694631273",
            "count": 0,
            "name": "Người dùng facebook"
        },
        {
            "id": "100054393468639",
            "count": 0,
            "name": "Người dùng facebook"
        },
        {
            "id": "100054428477821",
            "count": 0,
            "name": "Người dùng facebook"
        },
        {
            "id": "100054854714687",
            "count": 0,
            "name": "Người dùng facebook"
        },
        {
            "id": "100055288164413",
            "count": 0,
            "name": "Người dùng facebook"
        },
        {
            "id": "100055733254565",
            "count": 0,
            "name": "Người dùng facebook"
        },
        {
            "id": "100055843820779",
            "count": 0,
            "name": "Người dùng facebook"
        },
        {
            "id": "100056385753879",
            "count": 0,
            "name": "Người dùng facebook"
        },
        {
            "id": "100057101932807",
            "count": 0,
            "name": "Người dùng facebook"
        },
        {
            "id": "100057315796253",
            "count": 0,
            "name": "Người dùng facebook"
        },
        {
            "id": "100057589981049",
            "count": 0,
            "name": "Người dùng facebook"
        },
        {
            "id": "100060528341717",
            "count": 0,
            "name": "Người dùng facebook"
        },
        {
            "id": "100062629959701",
            "count": 0,
            "name": "Người dùng facebook"
        },
        {
            "id": "100062865731797",
            "count": 0,
            "name": "Người dùng facebook"
        },
        {
            "id": "100063511310294",
            "count": 0,
            "name": "Người dùng facebook"
        },
        {
            "id": "100063889682705",
            "count": 0,
            "name": "Người dùng facebook"
        },
        {
            "id": "100063965942654",
            "count": 0,
            "name": "Người dùng facebook"
        },
        {
            "id": "100065019925710",
            "count": 0,
            "name": "Người dùng facebook"
        },
        {
            "id": "100065136533492",
            "count": 0,
            "name": "Người dùng facebook"
        },
        {
            "id": "100065427331177",
            "count": 0,
            "name": "Người dùng facebook"
        },
        {
            "id": "100065988668501",
            "count": 0,
            "name": "Người dùng facebook"
        },
        {
            "id": "100066618517391",
            "count": 0,
            "name": "Người dùng facebook"
        },
        {
            "id": "100066730050444",
            "count": 0,
            "name": "Người dùng facebook"
        },
        {
            "id": "100066889897779",
            "count": 0,
            "name": "Người dùng facebook"
        },
        {
            "id": "100067082877256",
            "count": 0,
            "name": "Người dùng facebook"
        },
        {
            "id": "100067403434129",
            "count": 0,
            "name": "Người dùng facebook"
        },
        {
            "id": "100067923228212",
            "count": 0,
            "name": "Người dùng facebook"
        },
        {
            "id": "100068074151102",
            "count": 0,
            "name": "Người dùng facebook"
        },
        {
            "id": "100068483677321",
            "count": 0,
            "name": "Người dùng facebook"
        },
        {
            "id": "100068788093024",
            "count": 0,
            "name": "Người dùng facebook"
        },
        {
            "id": "100069489565152",
            "count": 0,
            "name": "Người dùng facebook"
        },
        {
            "id": "100069954661615",
            "count": 0,
            "name": "Người dùng facebook"
        },
        {
            "id": "100070513855209",
            "count": 0,
            "name": "Người dùng facebook"
        },
        {
            "id": "100070718642951",
            "count": 0,
            "name": "Người dùng facebook"
        },
        {
            "id": "100070803444956",
            "count": 0,
            "name": "Người dùng facebook"
        },
        {
            "id": "100071335034571",
            "count": 0,
            "name": "Người dùng facebook"
        },
        {
            "id": "100071521630435",
            "count": 0,
            "name": "Người dùng facebook"
        },
        {
            "id": "100071558205603",
            "count": 0,
            "name": "Người dùng facebook"
        },
        {
            "id": "100072565136238",
            "count": 0,
            "name": "Người dùng facebook"
        },
        {
            "id": "100072929811950",
            "count": 0,
            "name": "Người dùng facebook"
        },
        {
            "id": "100073100820461",
            "count": 0,
            "name": "Người dùng facebook"
        },
        {
            "id": "100073102205508",
            "count": 0,
            "name": "Người dùng facebook"
        },
        {
            "id": "100073253918173",
            "count": 0,
            "name": "Người dùng facebook"
        },
        {
            "id": "100074047475256",
            "count": 0,
            "name": "Người dùng facebook"
        },
        {
            "id": "100074325948800",
            "count": 0,
            "name": "Người dùng facebook"
        },
        {
            "id": "100074451742554",
            "count": 0,
            "name": "Người dùng facebook"
        },
        {
            "id": "100074539188302",
            "count": 0,
            "name": "Người dùng facebook"
        },
        {
            "id": "100075378416232",
            "count": 0,
            "name": "Người dùng facebook"
        },
        {
            "id": "100075759167833",
            "count": 0,
            "name": "Người dùng facebook"
        },
        {
            "id": "100075876571770",
            "count": 0,
            "name": "Người dùng facebook"
        },
        {
            "id": "100076910295181",
            "count": 0,
            "name": "Người dùng facebook"
        },
        {
            "id": "100077817595735",
            "count": 0,
            "name": "Người dùng facebook"
        },
        {
            "id": "100078555643400",
            "count": 0,
            "name": "Người dùng facebook"
        },
        {
            "id": "100078809439644",
            "count": 0,
            "name": "Người dùng facebook"
        },
        {
            "id": "100080197641480",
            "count": 0,
            "name": "Người dùng facebook"
        },
        {
            "id": "100080435101724",
            "count": 0,
            "name": "Người dùng facebook"
        },
        {
            "id": "100081853866282",
            "count": 0,
            "name": "Người dùng facebook"
        },
        {
            "id": "100082079657304",
            "count": 0,
            "name": "Người dùng facebook"
        },
        {
            "id": "100082589933744",
            "count": 0,
            "name": "Người dùng facebook"
        },
        {
            "id": "100082860442626",
            "count": 0,
            "name": "Người dùng facebook"
        },
        {
            "id": "100082966748437",
            "count": 0,
            "name": "Người dùng facebook"
        },
        {
            "id": "100083708986199",
            "count": 0,
            "name": "Người dùng facebook"
        },
        {
            "id": "100083786494620",
            "count": 0,
            "name": "Người dùng facebook"
        },
        {
            "id": "100079017055391",
            "count": 0,
            "name": "Người dùng facebook"
        },
        {
            "id": "100039998406562",
            "count": 0,
            "name": "Người dùng facebook"
        },
        {
            "id": "100054700269390",
            "count": 0,
            "name": "Người dùng facebook"
        },
        {
            "id": "100081094384635",
            "count": 0,
            "name": "Người dùng facebook"
        },
        {
            "id": "100045309906006",
            "count": 0,
            "name": "Người dùng facebook"
        },
        {
            "id": "100033201902396",
            "count": 0,
            "name": "Người dùng facebook"
        },
        {
            "id": "100076749447767",
            "count": 0,
            "name": "Người dùng facebook"
        },
        {
            "id": "100084051724098",
            "count": 0,
            "name": "Người dùng facebook"
        },
        {
            "id": "100066259730733",
            "count": 0,
            "name": "Người dùng facebook"
        },
        {
            "id": "100076580416328",
            "count": 0,
            "name": "Người dùng facebook"
        },
        {
            "id": "100055062913478",
            "count": 0,
            "name": "Người dùng facebook"
        },
        {
            "id": "100072817990961",
            "count": 0,
            "name": "Người dùng facebook"
        },
        {
            "id": "100055016552204",
            "count": 0,
            "name": "Người dùng facebook"
        },
        {
            "id": "100082642095848",
            "count": 0,
            "name": "Người dùng facebook"
        },
        {
            "id": "100082249124287",
            "count": 0,
            "name": "Người dùng facebook"
        },
        {
            "id": "100068467615960",
            "count": 0,
            "name": "Người dùng facebook"
        },
        {
            "id": "100056393282255",
            "count": 0,
            "name": "Người dùng facebook"
        },
        {
            "id": "100083168354119",
            "count": 0,
            "name": "Người dùng facebook"
        },
        {
            "id": "100059543336701",
            "count": 0,
            "name": "Người dùng facebook"
        },
        {
            "id": "100053543002019",
            "count": 0,
            "name": "Người dùng facebook"
        },
        {
            "id": "100012559056168",
            "count": 0,
            "name": "Người dùng facebook"
        },
        {
            "id": "100041721690189",
            "count": 0,
            "name": "Người dùng facebook"
        },
        {
            "id": "100083731041921",
            "count": 0,
            "name": "Người dùng facebook"
        },
        {
            "id": "100075155871025",
            "count": 0,
            "name": "Người dùng facebook"
        },
        {
            "id": "100065854061846",
            "count": 0,
            "name": "Người dùng facebook"
        },
        {
            "id": "100037945953397",
            "count": 0,
            "name": "Người dùng facebook"
        },
        {
            "id": "100010997414066",
            "count": 0,
            "name": "Người dùng facebook"
        },
        {
            "id": "100040368050901",
            "count": 0,
            "name": "Người dùng facebook"
        },
        {
            "id": "100006617204787",
            "count": 0,
            "name": "Người dùng facebook"
        },
        {
            "id": "100022906280569",
            "count": 0,
            "name": "Người dùng facebook"
        },
        {
            "id": "100084230284911",
            "count": 0,
            "name": "Người dùng facebook"
        },
        {
            "id": "100081177791899",
            "count": 0,
            "name": "Người dùng facebook"
        }
    ],
    "time": 6
}