{
    "total": [
        {
            "id": "100011181810004",
            "count": 0
        },
        {
            "id": "100012122983112",
            "count": 0
        },
        {
            "id": "100013942628281",
            "count": 0
        },
        {
            "id": "100023892292416",
            "count": 0
        },
        {
            "id": "100027633678340",
            "count": 0
        },
        {
            "id": "100027915221859",
            "count": 2
        },
        {
            "id": "100028059520038",
            "count": 0
        },
        {
            "id": "100029601360868",
            "count": 5
        },
        {
            "id": "100044754316488",
            "count": 0
        },
        {
            "id": "100047202713786",
            "count": 2
        },
        {
            "id": "100050860893090",
            "count": 56
        },
        {
            "id": "100051743087750",
            "count": 6
        },
        {
            "id": "100053182231412",
            "count": 0
        },
        {
            "id": "100053224550253",
            "count": 2
        },
        {
            "id": "100062237735506",
            "count": 12
        },
        {
            "id": "100068722014167",
            "count": 0
        },
        {
            "id": "100071753388077",
            "count": 0
        },
        {
            "id": "100073055234896",
            "count": 65
        },
        {
            "id": "100074305996729",
            "count": 0
        },
        {
            "id": "100075037102158",
            "count": 158
        },
        {
            "id": "100075806166443",
            "count": 0
        },
        {
            "id": "100076674096354",
            "count": 123
        },
        {
            "id": "100076914782589",
            "count": 0
        },
        {
            "id": "100077234133804",
            "count": 2
        },
        {
            "id": "100077906839223",
            "count": 0
        },
        {
            "id": "100078125778962",
            "count": 0
        },
        {
            "id": "100078290775275",
            "count": 11
        },
        {
            "id": "100079703545934",
            "count": 21
        },
        {
            "id": "100081059557545",
            "count": 56
        },
        {
            "id": "100081742366361",
            "count": 0
        },
        {
            "id": "100084225758074",
            "count": 0
        },
        {
            "id": "100085651120513",
            "count": 6
        },
        {
            "id": "100086090455233",
            "count": 50
        },
        {
            "id": "100086300610676",
            "count": 0
        },
        {
            "id": "100086334906221",
            "count": 0
        },
        {
            "id": "100086736924257",
            "count": 0
        },
        {
            "id": "100086925576361",
            "count": 0
        }
    ],
    "week": [
        {
            "id": "100011181810004",
            "count": 0,
            "name": "Người dùng facebook"
        },
        {
            "id": "100012122983112",
            "count": 0,
            "name": "Người dùng facebook"
        },
        {
            "id": "100013942628281",
            "count": 0,
            "name": "Người dùng facebook"
        },
        {
            "id": "100023892292416",
            "count": 0,
            "name": "Người dùng facebook"
        },
        {
            "id": "100027633678340",
            "count": 0,
            "name": "Người dùng facebook"
        },
        {
            "id": "100027915221859",
            "count": 0,
            "name": "Người dùng facebook"
        },
        {
            "id": "100028059520038",
            "count": 0,
            "name": "Người dùng facebook"
        },
        {
            "id": "100029601360868",
            "count": 0,
            "name": "Người dùng facebook"
        },
        {
            "id": "100044754316488",
            "count": 0,
            "name": "Người dùng facebook"
        },
        {
            "id": "100047202713786",
            "count": 0,
            "name": "Người dùng facebook"
        },
        {
            "id": "100050860893090",
            "count": 0,
            "name": "Người dùng facebook"
        },
        {
            "id": "100051743087750",
            "count": 0,
            "name": "Người dùng facebook"
        },
        {
            "id": "100053182231412",
            "count": 0,
            "name": "Người dùng facebook"
        },
        {
            "id": "100053224550253",
            "count": 0,
            "name": "Người dùng facebook"
        },
        {
            "id": "100062237735506",
            "count": 0,
            "name": "Người dùng facebook"
        },
        {
            "id": "100068722014167",
            "count": 0,
            "name": "Người dùng facebook"
        },
        {
            "id": "100071753388077",
            "count": 0,
            "name": "Người dùng facebook"
        },
        {
            "id": "100073055234896",
            "count": 0,
            "name": "Người dùng facebook"
        },
        {
            "id": "100074305996729",
            "count": 0,
            "name": "Người dùng facebook"
        },
        {
            "id": "100075037102158",
            "count": 0,
            "name": "Người dùng facebook"
        },
        {
            "id": "100075806166443",
            "count": 0,
            "name": "Người dùng facebook"
        },
        {
            "id": "100076674096354",
            "count": 0,
            "name": "Người dùng facebook"
        },
        {
            "id": "100076914782589",
            "count": 0,
            "name": "Người dùng facebook"
        },
        {
            "id": "100077234133804",
            "count": 0,
            "name": "Người dùng facebook"
        },
        {
            "id": "100077906839223",
            "count": 0,
            "name": "Người dùng facebook"
        },
        {
            "id": "100078125778962",
            "count": 0,
            "name": "Người dùng facebook"
        },
        {
            "id": "100078290775275",
            "count": 0,
            "name": "Người dùng facebook"
        },
        {
            "id": "100079703545934",
            "count": 0,
            "name": "Người dùng facebook"
        },
        {
            "id": "100081059557545",
            "count": 0,
            "name": "Người dùng facebook"
        },
        {
            "id": "100081742366361",
            "count": 0,
            "name": "Người dùng facebook"
        },
        {
            "id": "100084225758074",
            "count": 0,
            "name": "Người dùng facebook"
        },
        {
            "id": "100085651120513",
            "count": 0,
            "name": "Người dùng facebook"
        },
        {
            "id": "100086090455233",
            "count": 0,
            "name": "Người dùng facebook"
        },
        {
            "id": "100086300610676",
            "count": 0,
            "name": "Người dùng facebook"
        },
        {
            "id": "100086334906221",
            "count": 0,
            "name": "Người dùng facebook"
        },
        {
            "id": "100086736924257",
            "count": 0,
            "name": "Người dùng facebook"
        },
        {
            "id": "100086925576361",
            "count": 0,
            "name": "Người dùng facebook"
        }
    ],
    "day": [
        {
            "id": "100011181810004",
            "count": 0,
            "name": "Người dùng facebook"
        },
        {
            "id": "100012122983112",
            "count": 0,
            "name": "Người dùng facebook"
        },
        {
            "id": "100013942628281",
            "count": 0,
            "name": "Người dùng facebook"
        },
        {
            "id": "100023892292416",
            "count": 0,
            "name": "Người dùng facebook"
        },
        {
            "id": "100027633678340",
            "count": 0,
            "name": "Người dùng facebook"
        },
        {
            "id": "100027915221859",
            "count": 0,
            "name": "Người dùng facebook"
        },
        {
            "id": "100028059520038",
            "count": 0,
            "name": "Người dùng facebook"
        },
        {
            "id": "100029601360868",
            "count": 0,
            "name": "Người dùng facebook"
        },
        {
            "id": "100044754316488",
            "count": 0,
            "name": "Người dùng facebook"
        },
        {
            "id": "100047202713786",
            "count": 0,
            "name": "Người dùng facebook"
        },
        {
            "id": "100050860893090",
            "count": 0,
            "name": "Người dùng facebook"
        },
        {
            "id": "100051743087750",
            "count": 0,
            "name": "Người dùng facebook"
        },
        {
            "id": "100053182231412",
            "count": 0,
            "name": "Người dùng facebook"
        },
        {
            "id": "100053224550253",
            "count": 0,
            "name": "Người dùng facebook"
        },
        {
            "id": "100062237735506",
            "count": 0,
            "name": "Người dùng facebook"
        },
        {
            "id": "100068722014167",
            "count": 0,
            "name": "Người dùng facebook"
        },
        {
            "id": "100071753388077",
            "count": 0,
            "name": "Người dùng facebook"
        },
        {
            "id": "100073055234896",
            "count": 0,
            "name": "Người dùng facebook"
        },
        {
            "id": "100074305996729",
            "count": 0,
            "name": "Người dùng facebook"
        },
        {
            "id": "100075037102158",
            "count": 0,
            "name": "Người dùng facebook"
        },
        {
            "id": "100075806166443",
            "count": 0,
            "name": "Người dùng facebook"
        },
        {
            "id": "100076674096354",
            "count": 0,
            "name": "Người dùng facebook"
        },
        {
            "id": "100076914782589",
            "count": 0,
            "name": "Người dùng facebook"
        },
        {
            "id": "100077234133804",
            "count": 0,
            "name": "Người dùng facebook"
        },
        {
            "id": "100077906839223",
            "count": 0,
            "name": "Người dùng facebook"
        },
        {
            "id": "100078125778962",
            "count": 0,
            "name": "Người dùng facebook"
        },
        {
            "id": "100078290775275",
            "count": 0,
            "name": "Người dùng facebook"
        },
        {
            "id": "100079703545934",
            "count": 0,
            "name": "Người dùng facebook"
        },
        {
            "id": "100081059557545",
            "count": 0,
            "name": "Người dùng facebook"
        },
        {
            "id": "100081742366361",
            "count": 0,
            "name": "Người dùng facebook"
        },
        {
            "id": "100084225758074",
            "count": 0,
            "name": "Người dùng facebook"
        },
        {
            "id": "100085651120513",
            "count": 0,
            "name": "Người dùng facebook"
        },
        {
            "id": "100086090455233",
            "count": 0,
            "name": "Người dùng facebook"
        },
        {
            "id": "100086300610676",
            "count": 0,
            "name": "Người dùng facebook"
        },
        {
            "id": "100086334906221",
            "count": 0,
            "name": "Người dùng facebook"
        },
        {
            "id": "100086736924257",
            "count": 0,
            "name": "Người dùng facebook"
        },
        {
            "id": "100086925576361",
            "count": 0,
            "name": "Người dùng facebook"
        }
    ],
    "time": 6
}