{
    "total": [
        {
            "id": "616409705",
            "count": 0
        },
        {
            "id": "1824145471",
            "count": 38
        },
        {
            "id": "100015016621256",
            "count": 0
        },
        {
            "id": "100015410978490",
            "count": 0
        },
        {
            "id": "100022137662223",
            "count": 2
        },
        {
            "id": "100022996626938",
            "count": 1
        },
        {
            "id": "100023109787468",
            "count": 0
        },
        {
            "id": "100034710168722",
            "count": 0
        },
        {
            "id": "100039093108084",
            "count": 0
        },
        {
            "id": "100040555760033",
            "count": 0
        },
        {
            "id": "100041343682283",
            "count": 0
        },
        {
            "id": "100043740466849",
            "count": 64
        },
        {
            "id": "100045466233924",
            "count": 21
        },
        {
            "id": "100047019751694",
            "count": 0
        },
        {
            "id": "100050725639464",
            "count": 12
        },
        {
            "id": "100050730371872",
            "count": 2
        },
        {
            "id": "100051537872028",
            "count": 0
        },
        {
            "id": "100052234777493",
            "count": 0
        },
        {
            "id": "100052716172283",
            "count": 0
        },
        {
            "id": "100053340220158",
            "count": 0
        },
        {
            "id": "100054369862562",
            "count": 0
        },
        {
            "id": "100055597269222",
            "count": 0
        },
        {
            "id": "100056000123891",
            "count": 0
        },
        {
            "id": "100056038563188",
            "count": 0
        },
        {
            "id": "100057028851726",
            "count": 0
        },
        {
            "id": "100058448222853",
            "count": 0
        },
        {
            "id": "100058552407181",
            "count": 0
        },
        {
            "id": "100062861132235",
            "count": 0
        },
        {
            "id": "100065077208187",
            "count": 0
        },
        {
            "id": "100065402405580",
            "count": 0
        },
        {
            "id": "100066129060341",
            "count": 0
        },
        {
            "id": "100068207812723",
            "count": 0
        },
        {
            "id": "100069383627069",
            "count": 19
        },
        {
            "id": "100070334251381",
            "count": 0
        },
        {
            "id": "100070913022621",
            "count": 0
        },
        {
            "id": "100072270661681",
            "count": 0
        },
        {
            "id": "100073697164668",
            "count": 0
        },
        {
            "id": "100073730316635",
            "count": 0
        },
        {
            "id": "100074038730608",
            "count": 0
        },
        {
            "id": "100074475612910",
            "count": 0
        },
        {
            "id": "100074907896326",
            "count": 19
        },
        {
            "id": "100076237075531",
            "count": 0
        },
        {
            "id": "100077402315622",
            "count": 0
        },
        {
            "id": "100078671937124",
            "count": 0
        },
        {
            "id": "100080426799048",
            "count": 0
        },
        {
            "id": "100081688038972",
            "count": 0
        },
        {
            "id": "100083652970167",
            "count": 0
        },
        {
            "id": "100084209050308",
            "count": 0
        },
        {
            "id": "100084951550629",
            "count": 0
        },
        {
            "id": "100085997478016",
            "count": 2
        },
        {
            "id": "100086650785264",
            "count": 0
        },
        {
            "id": "100086981358024",
            "count": 114
        }
    ],
    "week": [
        {
            "id": "616409705",
            "count": 0,
            "name": "Người dùng facebook"
        },
        {
            "id": "1824145471",
            "count": 0,
            "name": "Người dùng facebook"
        },
        {
            "id": "100015016621256",
            "count": 0,
            "name": "Người dùng facebook"
        },
        {
            "id": "100015410978490",
            "count": 0,
            "name": "Người dùng facebook"
        },
        {
            "id": "100022137662223",
            "count": 0,
            "name": "Người dùng facebook"
        },
        {
            "id": "100022996626938",
            "count": 0,
            "name": "Người dùng facebook"
        },
        {
            "id": "100023109787468",
            "count": 0,
            "name": "Người dùng facebook"
        },
        {
            "id": "100034710168722",
            "count": 0,
            "name": "Người dùng facebook"
        },
        {
            "id": "100039093108084",
            "count": 0,
            "name": "Người dùng facebook"
        },
        {
            "id": "100040555760033",
            "count": 0,
            "name": "Người dùng facebook"
        },
        {
            "id": "100041343682283",
            "count": 0,
            "name": "Người dùng facebook"
        },
        {
            "id": "100043740466849",
            "count": 0,
            "name": "Người dùng facebook"
        },
        {
            "id": "100045466233924",
            "count": 0,
            "name": "Người dùng facebook"
        },
        {
            "id": "100047019751694",
            "count": 0,
            "name": "Người dùng facebook"
        },
        {
            "id": "100050725639464",
            "count": 0,
            "name": "Người dùng facebook"
        },
        {
            "id": "100050730371872",
            "count": 0,
            "name": "Người dùng facebook"
        },
        {
            "id": "100051537872028",
            "count": 0,
            "name": "Người dùng facebook"
        },
        {
            "id": "100052234777493",
            "count": 0,
            "name": "Người dùng facebook"
        },
        {
            "id": "100052716172283",
            "count": 0,
            "name": "Người dùng facebook"
        },
        {
            "id": "100053340220158",
            "count": 0,
            "name": "Người dùng facebook"
        },
        {
            "id": "100054369862562",
            "count": 0,
            "name": "Người dùng facebook"
        },
        {
            "id": "100055597269222",
            "count": 0,
            "name": "Người dùng facebook"
        },
        {
            "id": "100056000123891",
            "count": 0,
            "name": "Người dùng facebook"
        },
        {
            "id": "100056038563188",
            "count": 0,
            "name": "Người dùng facebook"
        },
        {
            "id": "100057028851726",
            "count": 0,
            "name": "Người dùng facebook"
        },
        {
            "id": "100058448222853",
            "count": 0,
            "name": "Người dùng facebook"
        },
        {
            "id": "100058552407181",
            "count": 0,
            "name": "Người dùng facebook"
        },
        {
            "id": "100062861132235",
            "count": 0,
            "name": "Người dùng facebook"
        },
        {
            "id": "100065077208187",
            "count": 0,
            "name": "Người dùng facebook"
        },
        {
            "id": "100065402405580",
            "count": 0,
            "name": "Người dùng facebook"
        },
        {
            "id": "100066129060341",
            "count": 0,
            "name": "Người dùng facebook"
        },
        {
            "id": "100068207812723",
            "count": 0,
            "name": "Người dùng facebook"
        },
        {
            "id": "100069383627069",
            "count": 0,
            "name": "Người dùng facebook"
        },
        {
            "id": "100070334251381",
            "count": 0,
            "name": "Người dùng facebook"
        },
        {
            "id": "100070913022621",
            "count": 0,
            "name": "Người dùng facebook"
        },
        {
            "id": "100072270661681",
            "count": 0,
            "name": "Người dùng facebook"
        },
        {
            "id": "100073697164668",
            "count": 0,
            "name": "Người dùng facebook"
        },
        {
            "id": "100073730316635",
            "count": 0,
            "name": "Người dùng facebook"
        },
        {
            "id": "100074038730608",
            "count": 0,
            "name": "Người dùng facebook"
        },
        {
            "id": "100074475612910",
            "count": 0,
            "name": "Người dùng facebook"
        },
        {
            "id": "100074907896326",
            "count": 0,
            "name": "Người dùng facebook"
        },
        {
            "id": "100076237075531",
            "count": 0,
            "name": "Người dùng facebook"
        },
        {
            "id": "100077402315622",
            "count": 0,
            "name": "Người dùng facebook"
        },
        {
            "id": "100078671937124",
            "count": 0,
            "name": "Người dùng facebook"
        },
        {
            "id": "100080426799048",
            "count": 0,
            "name": "Người dùng facebook"
        },
        {
            "id": "100081688038972",
            "count": 0,
            "name": "Người dùng facebook"
        },
        {
            "id": "100083652970167",
            "count": 0,
            "name": "Người dùng facebook"
        },
        {
            "id": "100084209050308",
            "count": 0,
            "name": "Người dùng facebook"
        },
        {
            "id": "100084951550629",
            "count": 0,
            "name": "Người dùng facebook"
        },
        {
            "id": "100085997478016",
            "count": 0,
            "name": "Người dùng facebook"
        },
        {
            "id": "100086650785264",
            "count": 0,
            "name": "Người dùng facebook"
        },
        {
            "id": "100086981358024",
            "count": 0,
            "name": "Người dùng facebook"
        }
    ],
    "day": [
        {
            "id": "616409705",
            "count": 0,
            "name": "Người dùng facebook"
        },
        {
            "id": "1824145471",
            "count": 0,
            "name": "Người dùng facebook"
        },
        {
            "id": "100015016621256",
            "count": 0,
            "name": "Người dùng facebook"
        },
        {
            "id": "100015410978490",
            "count": 0,
            "name": "Người dùng facebook"
        },
        {
            "id": "100022137662223",
            "count": 0,
            "name": "Người dùng facebook"
        },
        {
            "id": "100022996626938",
            "count": 0,
            "name": "Người dùng facebook"
        },
        {
            "id": "100023109787468",
            "count": 0,
            "name": "Người dùng facebook"
        },
        {
            "id": "100034710168722",
            "count": 0,
            "name": "Người dùng facebook"
        },
        {
            "id": "100039093108084",
            "count": 0,
            "name": "Người dùng facebook"
        },
        {
            "id": "100040555760033",
            "count": 0,
            "name": "Người dùng facebook"
        },
        {
            "id": "100041343682283",
            "count": 0,
            "name": "Người dùng facebook"
        },
        {
            "id": "100043740466849",
            "count": 0,
            "name": "Người dùng facebook"
        },
        {
            "id": "100045466233924",
            "count": 0,
            "name": "Người dùng facebook"
        },
        {
            "id": "100047019751694",
            "count": 0,
            "name": "Người dùng facebook"
        },
        {
            "id": "100050725639464",
            "count": 0,
            "name": "Người dùng facebook"
        },
        {
            "id": "100050730371872",
            "count": 0,
            "name": "Người dùng facebook"
        },
        {
            "id": "100051537872028",
            "count": 0,
            "name": "Người dùng facebook"
        },
        {
            "id": "100052234777493",
            "count": 0,
            "name": "Người dùng facebook"
        },
        {
            "id": "100052716172283",
            "count": 0,
            "name": "Người dùng facebook"
        },
        {
            "id": "100053340220158",
            "count": 0,
            "name": "Người dùng facebook"
        },
        {
            "id": "100054369862562",
            "count": 0,
            "name": "Người dùng facebook"
        },
        {
            "id": "100055597269222",
            "count": 0,
            "name": "Người dùng facebook"
        },
        {
            "id": "100056000123891",
            "count": 0,
            "name": "Người dùng facebook"
        },
        {
            "id": "100056038563188",
            "count": 0,
            "name": "Người dùng facebook"
        },
        {
            "id": "100057028851726",
            "count": 0,
            "name": "Người dùng facebook"
        },
        {
            "id": "100058448222853",
            "count": 0,
            "name": "Người dùng facebook"
        },
        {
            "id": "100058552407181",
            "count": 0,
            "name": "Người dùng facebook"
        },
        {
            "id": "100062861132235",
            "count": 0,
            "name": "Người dùng facebook"
        },
        {
            "id": "100065077208187",
            "count": 0,
            "name": "Người dùng facebook"
        },
        {
            "id": "100065402405580",
            "count": 0,
            "name": "Người dùng facebook"
        },
        {
            "id": "100066129060341",
            "count": 0,
            "name": "Người dùng facebook"
        },
        {
            "id": "100068207812723",
            "count": 0,
            "name": "Người dùng facebook"
        },
        {
            "id": "100069383627069",
            "count": 0,
            "name": "Người dùng facebook"
        },
        {
            "id": "100070334251381",
            "count": 0,
            "name": "Người dùng facebook"
        },
        {
            "id": "100070913022621",
            "count": 0,
            "name": "Người dùng facebook"
        },
        {
            "id": "100072270661681",
            "count": 0,
            "name": "Người dùng facebook"
        },
        {
            "id": "100073697164668",
            "count": 0,
            "name": "Người dùng facebook"
        },
        {
            "id": "100073730316635",
            "count": 0,
            "name": "Người dùng facebook"
        },
        {
            "id": "100074038730608",
            "count": 0,
            "name": "Người dùng facebook"
        },
        {
            "id": "100074475612910",
            "count": 0,
            "name": "Người dùng facebook"
        },
        {
            "id": "100074907896326",
            "count": 0,
            "name": "Người dùng facebook"
        },
        {
            "id": "100076237075531",
            "count": 0,
            "name": "Người dùng facebook"
        },
        {
            "id": "100077402315622",
            "count": 0,
            "name": "Người dùng facebook"
        },
        {
            "id": "100078671937124",
            "count": 0,
            "name": "Người dùng facebook"
        },
        {
            "id": "100080426799048",
            "count": 0,
            "name": "Người dùng facebook"
        },
        {
            "id": "100081688038972",
            "count": 0,
            "name": "Người dùng facebook"
        },
        {
            "id": "100083652970167",
            "count": 0,
            "name": "Người dùng facebook"
        },
        {
            "id": "100084209050308",
            "count": 0,
            "name": "Người dùng facebook"
        },
        {
            "id": "100084951550629",
            "count": 0,
            "name": "Người dùng facebook"
        },
        {
            "id": "100085997478016",
            "count": 0,
            "name": "Người dùng facebook"
        },
        {
            "id": "100086650785264",
            "count": 0,
            "name": "Người dùng facebook"
        },
        {
            "id": "100086981358024",
            "count": 0,
            "name": "Người dùng facebook"
        }
    ],
    "time": 6
}