{
    "total": [
        {
            "id": "100013942628281",
            "count": 1
        },
        {
            "id": "100026862273202",
            "count": 336
        },
        {
            "id": "100033700759716",
            "count": 2
        },
        {
            "id": "100043323949579",
            "count": 0
        },
        {
            "id": "100045218220798",
            "count": 15
        },
        {
            "id": "100048706311367",
            "count": 0
        },
        {
            "id": "100051901506885",
            "count": 0
        },
        {
            "id": "100052052022145",
            "count": 1
        },
        {
            "id": "100054392956428",
            "count": 15
        },
        {
            "id": "100055772695856",
            "count": 1
        },
        {
            "id": "100067681729629",
            "count": 0
        },
        {
            "id": "100071661229053",
            "count": 1
        },
        {
            "id": "100071928991669",
            "count": 82
        },
        {
            "id": "100075037102158",
            "count": 640
        },
        {
            "id": "100075062636050",
            "count": 0
        },
        {
            "id": "100075360054574",
            "count": 3
        },
        {
            "id": "100076000757225",
            "count": 255
        },
        {
            "id": "100076443747918",
            "count": 0
        },
        {
            "id": "100077639015218",
            "count": 53
        },
        {
            "id": "100077801003348",
            "count": 100
        },
        {
            "id": "100078355650336",
            "count": 1224
        },
        {
            "id": "100078368964859",
            "count": 86
        },
        {
            "id": "100079163914704",
            "count": 3
        },
        {
            "id": "100080249757435",
            "count": 0
        },
        {
            "id": "100080331495550",
            "count": 0
        },
        {
            "id": "100080360251330",
            "count": 0
        },
        {
            "id": "100080439249452",
            "count": 0
        },
        {
            "id": "100081124927144",
            "count": 0
        },
        {
            "id": "100081651188883",
            "count": 3
        },
        {
            "id": "100082871763789",
            "count": 14
        },
        {
            "id": "100082980356406",
            "count": 11
        },
        {
            "id": "100083742885914",
            "count": 3
        },
        {
            "id": "100083829100511",
            "count": 0
        },
        {
            "id": "100083983977563",
            "count": 51
        },
        {
            "id": "100084858660682",
            "count": 172
        },
        {
            "id": "100084990567429",
            "count": 36
        },
        {
            "id": "100085281456599",
            "count": 1
        },
        {
            "id": "100085317617732",
            "count": 155
        },
        {
            "id": "100085383324443",
            "count": 90
        },
        {
            "id": "100085712455556",
            "count": 43
        },
        {
            "id": "100086172735047",
            "count": 23
        },
        {
            "id": "100086572296268",
            "count": 9
        },
        {
            "id": "100086697483249",
            "count": 0
        },
        {
            "id": "100087197344200",
            "count": 103
        },
        {
            "id": "100087309180274",
            "count": 115
        },
        {
            "id": "100082752751637",
            "count": 26
        },
        {
            "id": "100061450339915",
            "count": 4
        },
        {
            "id": "100079071361544",
            "count": 3
        },
        {
            "id": "100034887666320",
            "count": 12
        },
        {
            "id": "100076172629835",
            "count": 21
        },
        {
            "id": "100068555528704",
            "count": 8
        },
        {
            "id": "100050060325532",
            "count": 21
        },
        {
            "id": "100074599754048",
            "count": 2
        },
        {
            "id": "100072933957253",
            "count": 4
        },
        {
            "id": "100077060311224",
            "count": 1
        },
        {
            "id": "100005285863923",
            "count": 1
        },
        {
            "id": "100076442867657",
            "count": 186
        },
        {
            "id": "100066435805527",
            "count": 2
        },
        {
            "id": "100087417330014",
            "count": 350
        },
        {
            "id": "100073152580559",
            "count": 84
        },
        {
            "id": "100074187084089",
            "count": 3
        },
        {
            "id": "100076124061675",
            "count": 12
        },
        {
            "id": "100070919982886",
            "count": 3
        },
        {
            "id": "100086720753991",
            "count": 4
        },
        {
            "id": "100082219788710",
            "count": 19
        },
        {
            "id": "100057866624450",
            "count": 62
        },
        {
            "id": "100055420977415",
            "count": 12
        },
        {
            "id": "100070433376024",
            "count": 1
        },
        {
            "id": "100075934914097",
            "count": 2
        },
        {
            "id": "100068776929199",
            "count": 2
        },
        {
            "id": "100083865108215",
            "count": 2
        },
        {
            "id": "100086433113843",
            "count": 5
        },
        {
            "id": "100071690063785",
            "count": 4
        },
        {
            "id": "100074957559164",
            "count": 30
        },
        {
            "id": "100086283634367",
            "count": 10
        },
        {
            "id": "100076947458003",
            "count": 14
        },
        {
            "id": "100084449561409",
            "count": 20
        },
        {
            "id": "100067689114188",
            "count": 4
        },
        {
            "id": "100080907510039",
            "count": 230
        },
        {
            "id": "100073204903076",
            "count": 2
        },
        {
            "id": "100079096133272",
            "count": 5
        },
        {
            "id": "100082316675308",
            "count": 69
        },
        {
            "id": "100068833884941",
            "count": 2
        },
        {
            "id": "100052691914195",
            "count": 42
        },
        {
            "id": "100010851857224",
            "count": 6
        },
        {
            "id": "100053847494945",
            "count": 5
        },
        {
            "id": "100086985141207",
            "count": 47
        },
        {
            "id": "100024774665450",
            "count": 4
        },
        {
            "id": "100086059864575",
            "count": 1
        }
    ],
    "week": [
        {
            "id": "100013942628281",
            "count": 0,
            "name": "Người dùng facebook"
        },
        {
            "id": "100026862273202",
            "count": 0,
            "name": "Người dùng facebook"
        },
        {
            "id": "100033700759716",
            "count": 0,
            "name": "Người dùng facebook"
        },
        {
            "id": "100043323949579",
            "count": 0,
            "name": "Người dùng facebook"
        },
        {
            "id": "100045218220798",
            "count": 0,
            "name": "Người dùng facebook"
        },
        {
            "id": "100048706311367",
            "count": 0,
            "name": "Người dùng facebook"
        },
        {
            "id": "100051901506885",
            "count": 0,
            "name": "Người dùng facebook"
        },
        {
            "id": "100052052022145",
            "count": 0,
            "name": "Người dùng facebook"
        },
        {
            "id": "100054392956428",
            "count": 0,
            "name": "Người dùng facebook"
        },
        {
            "id": "100055772695856",
            "count": 0,
            "name": "Người dùng facebook"
        },
        {
            "id": "100067681729629",
            "count": 0,
            "name": "Người dùng facebook"
        },
        {
            "id": "100071661229053",
            "count": 0,
            "name": "Người dùng facebook"
        },
        {
            "id": "100071928991669",
            "count": 0,
            "name": "Người dùng facebook"
        },
        {
            "id": "100075037102158",
            "count": 0,
            "name": "Người dùng facebook"
        },
        {
            "id": "100075062636050",
            "count": 0,
            "name": "Người dùng facebook"
        },
        {
            "id": "100075360054574",
            "count": 0,
            "name": "Người dùng facebook"
        },
        {
            "id": "100076000757225",
            "count": 0,
            "name": "Người dùng facebook"
        },
        {
            "id": "100076443747918",
            "count": 0,
            "name": "Người dùng facebook"
        },
        {
            "id": "100077639015218",
            "count": 0,
            "name": "Người dùng facebook"
        },
        {
            "id": "100077801003348",
            "count": 0,
            "name": "Người dùng facebook"
        },
        {
            "id": "100078355650336",
            "count": 0,
            "name": "Người dùng facebook"
        },
        {
            "id": "100078368964859",
            "count": 0,
            "name": "Người dùng facebook"
        },
        {
            "id": "100079163914704",
            "count": 0,
            "name": "Người dùng facebook"
        },
        {
            "id": "100080249757435",
            "count": 0,
            "name": "Người dùng facebook"
        },
        {
            "id": "100080331495550",
            "count": 0,
            "name": "Người dùng facebook"
        },
        {
            "id": "100080360251330",
            "count": 0,
            "name": "Người dùng facebook"
        },
        {
            "id": "100080439249452",
            "count": 0,
            "name": "Người dùng facebook"
        },
        {
            "id": "100081124927144",
            "count": 0,
            "name": "Người dùng facebook"
        },
        {
            "id": "100081651188883",
            "count": 0,
            "name": "Người dùng facebook"
        },
        {
            "id": "100082871763789",
            "count": 0,
            "name": "Người dùng facebook"
        },
        {
            "id": "100082980356406",
            "count": 0,
            "name": "Người dùng facebook"
        },
        {
            "id": "100083742885914",
            "count": 0,
            "name": "Người dùng facebook"
        },
        {
            "id": "100083829100511",
            "count": 0,
            "name": "Người dùng facebook"
        },
        {
            "id": "100083983977563",
            "count": 0,
            "name": "Người dùng facebook"
        },
        {
            "id": "100084858660682",
            "count": 0,
            "name": "Người dùng facebook"
        },
        {
            "id": "100084990567429",
            "count": 0,
            "name": "Người dùng facebook"
        },
        {
            "id": "100085281456599",
            "count": 0,
            "name": "Người dùng facebook"
        },
        {
            "id": "100085317617732",
            "count": 0,
            "name": "Người dùng facebook"
        },
        {
            "id": "100085383324443",
            "count": 0,
            "name": "Người dùng facebook"
        },
        {
            "id": "100085712455556",
            "count": 0,
            "name": "Người dùng facebook"
        },
        {
            "id": "100086172735047",
            "count": 0,
            "name": "Người dùng facebook"
        },
        {
            "id": "100086572296268",
            "count": 0,
            "name": "Người dùng facebook"
        },
        {
            "id": "100086697483249",
            "count": 0,
            "name": "Người dùng facebook"
        },
        {
            "id": "100087197344200",
            "count": 0,
            "name": "Người dùng facebook"
        },
        {
            "id": "100087309180274",
            "count": 0,
            "name": "Người dùng facebook"
        },
        {
            "id": "100082752751637",
            "count": 0,
            "name": "Người dùng facebook"
        },
        {
            "id": "100061450339915",
            "count": 0,
            "name": "Người dùng facebook"
        },
        {
            "id": "100079071361544",
            "count": 0,
            "name": "Người dùng facebook"
        },
        {
            "id": "100034887666320",
            "count": 0,
            "name": "Người dùng facebook"
        },
        {
            "id": "100076172629835",
            "count": 0,
            "name": "Người dùng facebook"
        },
        {
            "id": "100068555528704",
            "count": 0,
            "name": "Người dùng facebook"
        },
        {
            "id": "100050060325532",
            "count": 0,
            "name": "Người dùng facebook"
        },
        {
            "id": "100074599754048",
            "count": 0,
            "name": "Người dùng facebook"
        },
        {
            "id": "100072933957253",
            "count": 0,
            "name": "Người dùng facebook"
        },
        {
            "id": "100077060311224",
            "count": 0,
            "name": "Người dùng facebook"
        },
        {
            "id": "100005285863923",
            "count": 0,
            "name": "Người dùng facebook"
        },
        {
            "id": "100076442867657",
            "count": 0,
            "name": "Người dùng facebook"
        },
        {
            "id": "100066435805527",
            "count": 0,
            "name": "Người dùng facebook"
        },
        {
            "id": "100087417330014",
            "count": 0,
            "name": "Người dùng facebook"
        },
        {
            "id": "100073152580559",
            "count": 0,
            "name": "Người dùng facebook"
        },
        {
            "id": "100074187084089",
            "count": 0,
            "name": "Người dùng facebook"
        },
        {
            "id": "100076124061675",
            "count": 0,
            "name": "Người dùng facebook"
        },
        {
            "id": "100070919982886",
            "count": 0,
            "name": "Người dùng facebook"
        },
        {
            "id": "100086720753991",
            "count": 0,
            "name": "Người dùng facebook"
        },
        {
            "id": "100082219788710",
            "count": 0,
            "name": "Người dùng facebook"
        },
        {
            "id": "100057866624450",
            "count": 0,
            "name": "Người dùng facebook"
        },
        {
            "id": "100055420977415",
            "count": 0,
            "name": "Người dùng facebook"
        },
        {
            "id": "100070433376024",
            "count": 0,
            "name": "Người dùng facebook"
        },
        {
            "id": "100075934914097",
            "count": 0,
            "name": "Người dùng facebook"
        },
        {
            "id": "100068776929199",
            "count": 0,
            "name": "Người dùng facebook"
        },
        {
            "id": "100083865108215",
            "count": 0,
            "name": "Người dùng facebook"
        },
        {
            "id": "100086433113843",
            "count": 0,
            "name": "Người dùng facebook"
        },
        {
            "id": "100071690063785",
            "count": 0,
            "name": "Người dùng facebook"
        },
        {
            "id": "100074957559164",
            "count": 0,
            "name": "Người dùng facebook"
        },
        {
            "id": "100086283634367",
            "count": 0,
            "name": "Người dùng facebook"
        },
        {
            "id": "100076947458003",
            "count": 0,
            "name": "Người dùng facebook"
        },
        {
            "id": "100084449561409",
            "count": 0,
            "name": "Người dùng facebook"
        },
        {
            "id": "100067689114188",
            "count": 0,
            "name": "Người dùng facebook"
        },
        {
            "id": "100080907510039",
            "count": 0,
            "name": "Người dùng facebook"
        },
        {
            "id": "100073204903076",
            "count": 0,
            "name": "Người dùng facebook"
        },
        {
            "id": "100079096133272",
            "count": 0,
            "name": "Người dùng facebook"
        },
        {
            "id": "100082316675308",
            "count": 0,
            "name": "Người dùng facebook"
        },
        {
            "id": "100068833884941",
            "count": 0,
            "name": "Người dùng facebook"
        },
        {
            "id": "100052691914195",
            "count": 0,
            "name": "Người dùng facebook"
        },
        {
            "id": "100010851857224",
            "count": 0,
            "name": "Người dùng facebook"
        },
        {
            "id": "100053847494945",
            "count": 0,
            "name": "Người dùng facebook"
        },
        {
            "id": "100086985141207",
            "count": 0,
            "name": "Người dùng facebook"
        },
        {
            "id": "100024774665450",
            "count": 0,
            "name": "Người dùng facebook"
        },
        {
            "id": "100086059864575",
            "count": 0,
            "name": "Người dùng facebook"
        }
    ],
    "day": [
        {
            "id": "100013942628281",
            "count": 0,
            "name": "Người dùng facebook"
        },
        {
            "id": "100026862273202",
            "count": 0,
            "name": "Người dùng facebook"
        },
        {
            "id": "100033700759716",
            "count": 0,
            "name": "Người dùng facebook"
        },
        {
            "id": "100043323949579",
            "count": 0,
            "name": "Người dùng facebook"
        },
        {
            "id": "100045218220798",
            "count": 0,
            "name": "Người dùng facebook"
        },
        {
            "id": "100048706311367",
            "count": 0,
            "name": "Người dùng facebook"
        },
        {
            "id": "100051901506885",
            "count": 0,
            "name": "Người dùng facebook"
        },
        {
            "id": "100052052022145",
            "count": 0,
            "name": "Người dùng facebook"
        },
        {
            "id": "100054392956428",
            "count": 0,
            "name": "Người dùng facebook"
        },
        {
            "id": "100055772695856",
            "count": 0,
            "name": "Người dùng facebook"
        },
        {
            "id": "100067681729629",
            "count": 0,
            "name": "Người dùng facebook"
        },
        {
            "id": "100071661229053",
            "count": 0,
            "name": "Người dùng facebook"
        },
        {
            "id": "100071928991669",
            "count": 0,
            "name": "Người dùng facebook"
        },
        {
            "id": "100075037102158",
            "count": 0,
            "name": "Người dùng facebook"
        },
        {
            "id": "100075062636050",
            "count": 0,
            "name": "Người dùng facebook"
        },
        {
            "id": "100075360054574",
            "count": 0,
            "name": "Người dùng facebook"
        },
        {
            "id": "100076000757225",
            "count": 0,
            "name": "Người dùng facebook"
        },
        {
            "id": "100076443747918",
            "count": 0,
            "name": "Người dùng facebook"
        },
        {
            "id": "100077639015218",
            "count": 0,
            "name": "Người dùng facebook"
        },
        {
            "id": "100077801003348",
            "count": 0,
            "name": "Người dùng facebook"
        },
        {
            "id": "100078355650336",
            "count": 0,
            "name": "Người dùng facebook"
        },
        {
            "id": "100078368964859",
            "count": 0,
            "name": "Người dùng facebook"
        },
        {
            "id": "100079163914704",
            "count": 0,
            "name": "Người dùng facebook"
        },
        {
            "id": "100080249757435",
            "count": 0,
            "name": "Người dùng facebook"
        },
        {
            "id": "100080331495550",
            "count": 0,
            "name": "Người dùng facebook"
        },
        {
            "id": "100080360251330",
            "count": 0,
            "name": "Người dùng facebook"
        },
        {
            "id": "100080439249452",
            "count": 0,
            "name": "Người dùng facebook"
        },
        {
            "id": "100081124927144",
            "count": 0,
            "name": "Người dùng facebook"
        },
        {
            "id": "100081651188883",
            "count": 0,
            "name": "Người dùng facebook"
        },
        {
            "id": "100082871763789",
            "count": 0,
            "name": "Người dùng facebook"
        },
        {
            "id": "100082980356406",
            "count": 0,
            "name": "Người dùng facebook"
        },
        {
            "id": "100083742885914",
            "count": 0,
            "name": "Người dùng facebook"
        },
        {
            "id": "100083829100511",
            "count": 0,
            "name": "Người dùng facebook"
        },
        {
            "id": "100083983977563",
            "count": 0,
            "name": "Người dùng facebook"
        },
        {
            "id": "100084858660682",
            "count": 0,
            "name": "Người dùng facebook"
        },
        {
            "id": "100084990567429",
            "count": 0,
            "name": "Người dùng facebook"
        },
        {
            "id": "100085281456599",
            "count": 0,
            "name": "Người dùng facebook"
        },
        {
            "id": "100085317617732",
            "count": 0,
            "name": "Người dùng facebook"
        },
        {
            "id": "100085383324443",
            "count": 0,
            "name": "Người dùng facebook"
        },
        {
            "id": "100085712455556",
            "count": 0,
            "name": "Người dùng facebook"
        },
        {
            "id": "100086172735047",
            "count": 0,
            "name": "Người dùng facebook"
        },
        {
            "id": "100086572296268",
            "count": 0,
            "name": "Người dùng facebook"
        },
        {
            "id": "100086697483249",
            "count": 0,
            "name": "Người dùng facebook"
        },
        {
            "id": "100087197344200",
            "count": 0,
            "name": "Người dùng facebook"
        },
        {
            "id": "100087309180274",
            "count": 0,
            "name": "Người dùng facebook"
        },
        {
            "id": "100082752751637",
            "count": 0,
            "name": "Người dùng facebook"
        },
        {
            "id": "100061450339915",
            "count": 0,
            "name": "Người dùng facebook"
        },
        {
            "id": "100079071361544",
            "count": 0,
            "name": "Người dùng facebook"
        },
        {
            "id": "100034887666320",
            "count": 0,
            "name": "Người dùng facebook"
        },
        {
            "id": "100076172629835",
            "count": 0,
            "name": "Người dùng facebook"
        },
        {
            "id": "100068555528704",
            "count": 0,
            "name": "Người dùng facebook"
        },
        {
            "id": "100050060325532",
            "count": 0,
            "name": "Người dùng facebook"
        },
        {
            "id": "100074599754048",
            "count": 0,
            "name": "Người dùng facebook"
        },
        {
            "id": "100072933957253",
            "count": 0,
            "name": "Người dùng facebook"
        },
        {
            "id": "100077060311224",
            "count": 0,
            "name": "Người dùng facebook"
        },
        {
            "id": "100005285863923",
            "count": 0,
            "name": "Người dùng facebook"
        },
        {
            "id": "100076442867657",
            "count": 0,
            "name": "Người dùng facebook"
        },
        {
            "id": "100066435805527",
            "count": 0,
            "name": "Người dùng facebook"
        },
        {
            "id": "100087417330014",
            "count": 0,
            "name": "Người dùng facebook"
        },
        {
            "id": "100073152580559",
            "count": 0,
            "name": "Người dùng facebook"
        },
        {
            "id": "100074187084089",
            "count": 0,
            "name": "Người dùng facebook"
        },
        {
            "id": "100076124061675",
            "count": 0,
            "name": "Người dùng facebook"
        },
        {
            "id": "100070919982886",
            "count": 0,
            "name": "Người dùng facebook"
        },
        {
            "id": "100086720753991",
            "count": 0,
            "name": "Người dùng facebook"
        },
        {
            "id": "100082219788710",
            "count": 0,
            "name": "Người dùng facebook"
        },
        {
            "id": "100057866624450",
            "count": 0,
            "name": "Người dùng facebook"
        },
        {
            "id": "100055420977415",
            "count": 0,
            "name": "Người dùng facebook"
        },
        {
            "id": "100070433376024",
            "count": 0,
            "name": "Người dùng facebook"
        },
        {
            "id": "100075934914097",
            "count": 0,
            "name": "Người dùng facebook"
        },
        {
            "id": "100068776929199",
            "count": 0,
            "name": "Người dùng facebook"
        },
        {
            "id": "100083865108215",
            "count": 0,
            "name": "Người dùng facebook"
        },
        {
            "id": "100086433113843",
            "count": 0,
            "name": "Người dùng facebook"
        },
        {
            "id": "100071690063785",
            "count": 0,
            "name": "Người dùng facebook"
        },
        {
            "id": "100074957559164",
            "count": 0,
            "name": "Người dùng facebook"
        },
        {
            "id": "100086283634367",
            "count": 0,
            "name": "Người dùng facebook"
        },
        {
            "id": "100076947458003",
            "count": 0,
            "name": "Người dùng facebook"
        },
        {
            "id": "100084449561409",
            "count": 0,
            "name": "Người dùng facebook"
        },
        {
            "id": "100067689114188",
            "count": 0,
            "name": "Người dùng facebook"
        },
        {
            "id": "100080907510039",
            "count": 0,
            "name": "Người dùng facebook"
        },
        {
            "id": "100073204903076",
            "count": 0,
            "name": "Người dùng facebook"
        },
        {
            "id": "100079096133272",
            "count": 0,
            "name": "Người dùng facebook"
        },
        {
            "id": "100082316675308",
            "count": 0,
            "name": "Người dùng facebook"
        },
        {
            "id": "100068833884941",
            "count": 0,
            "name": "Người dùng facebook"
        },
        {
            "id": "100052691914195",
            "count": 0,
            "name": "Người dùng facebook"
        },
        {
            "id": "100010851857224",
            "count": 0,
            "name": "Người dùng facebook"
        },
        {
            "id": "100053847494945",
            "count": 0,
            "name": "Người dùng facebook"
        },
        {
            "id": "100086985141207",
            "count": 0,
            "name": "Người dùng facebook"
        },
        {
            "id": "100024774665450",
            "count": 0,
            "name": "Người dùng facebook"
        },
        {
            "id": "100086059864575",
            "count": 0,
            "name": "Người dùng facebook"
        }
    ],
    "time": 6
}