{
    "total": [
        {
            "id": "1824145471",
            "count": 6
        },
        {
            "id": "100056106636458",
            "count": 0
        },
        {
            "id": "100057685932333",
            "count": 40
        },
        {
            "id": "100084348936274",
            "count": 71
        },
        {
            "id": "100063782434250",
            "count": 3
        }
    ],
    "week": [
        {
            "id": "1824145471",
            "count": 0,
            "name": "Người dùng facebook"
        },
        {
            "id": "100056106636458",
            "count": 0,
            "name": "Người dùng facebook"
        },
        {
            "id": "100057685932333",
            "count": 0,
            "name": "Người dùng facebook"
        },
        {
            "id": "100084348936274",
            "count": 0,
            "name": "Người dùng facebook"
        },
        {
            "id": "100063782434250",
            "count": 0,
            "name": "Người dùng facebook"
        }
    ],
    "day": [
        {
            "id": "1824145471",
            "count": 0,
            "name": "Người dùng facebook"
        },
        {
            "id": "100056106636458",
            "count": 0,
            "name": "Người dùng facebook"
        },
        {
            "id": "100057685932333",
            "count": 0,
            "name": "Người dùng facebook"
        },
        {
            "id": "100084348936274",
            "count": 0,
            "name": "Người dùng facebook"
        },
        {
            "id": "100063782434250",
            "count": 0,
            "name": "Người dùng facebook"
        }
    ],
    "time": 6
}