{
    "total": [
        {
            "id": "100013942628281",
            "count": 0
        },
        {
            "id": "100073146683793",
            "count": 1134
        },
        {
            "id": "100075037102158",
            "count": 546
        },
        {
            "id": "100077289960824",
            "count": 925
        },
        {
            "id": "100074389189721",
            "count": 1257
        },
        {
            "id": "100080544764635",
            "count": 11
        },
        {
            "id": "100002244111074",
            "count": 655
        },
        {
            "id": "100085996297333",
            "count": 270
        },
        {
            "id": "100022160520148",
            "count": 29
        },
        {
            "id": "100079858821578",
            "count": 381
        },
        {
            "id": "100066786802063",
            "count": 988
        },
        {
            "id": "100070432921439",
            "count": 125
        },
        {
            "id": "100083156497868",
            "count": 212
        },
        {
            "id": "100087193457677",
            "count": 6
        },
        {
            "id": "100086509371653",
            "count": 73
        },
        {
            "id": "100079613916191",
            "count": 4
        },
        {
            "id": "100080270127494",
            "count": 2
        },
        {
            "id": "100070346881045",
            "count": 5
        },
        {
            "id": "100071550541007",
            "count": 1790
        },
        {
            "id": "100012290835416",
            "count": 179
        },
        {
            "id": "100063527049333",
            "count": 144
        },
        {
            "id": "100085145031672",
            "count": 4
        },
        {
            "id": "100070924093414",
            "count": 2
        },
        {
            "id": "100083728068202",
            "count": 22
        },
        {
            "id": "100076061160090",
            "count": 69
        },
        {
            "id": "100080351200383",
            "count": 4
        },
        {
            "id": "100086547240171",
            "count": 108
        },
        {
            "id": "100082581072238",
            "count": 121
        },
        {
            "id": "100064859048712",
            "count": 11
        },
        {
            "id": "100051928546901",
            "count": 74
        },
        {
            "id": "100048677537732",
            "count": 3
        },
        {
            "id": "100054428461872",
            "count": 265
        },
        {
            "id": "100042611347839",
            "count": 1554
        },
        {
            "id": "100086853311950",
            "count": 7
        },
        {
            "id": "100078087399239",
            "count": 17
        },
        {
            "id": "100030086191250",
            "count": 5
        },
        {
            "id": "100079185016697",
            "count": 42
        },
        {
            "id": "100041305060759",
            "count": 34
        },
        {
            "id": "100030959233350",
            "count": 162
        },
        {
            "id": "100037778990805",
            "count": 2
        },
        {
            "id": "100043241025405",
            "count": 24
        },
        {
            "id": "100055082374742",
            "count": 33
        },
        {
            "id": "100078864617356",
            "count": 84
        },
        {
            "id": "100084189996479",
            "count": 39
        },
        {
            "id": "100080513172128",
            "count": 19
        },
        {
            "id": "100029562350727",
            "count": 43
        },
        {
            "id": "100023010835561",
            "count": 393
        },
        {
            "id": "100042628037986",
            "count": 43
        },
        {
            "id": "100049333372287",
            "count": 45
        },
        {
            "id": "100046384474794",
            "count": 87
        },
        {
            "id": "100061479768160",
            "count": 32
        },
        {
            "id": "100080357051292",
            "count": 110
        },
        {
            "id": "100071750058900",
            "count": 12
        },
        {
            "id": "100078971694871",
            "count": 14
        },
        {
            "id": "100064152410681",
            "count": 8
        },
        {
            "id": "100075583999181",
            "count": 12
        },
        {
            "id": "100047447352337",
            "count": 6
        },
        {
            "id": "100073542086098",
            "count": 52
        },
        {
            "id": "100038232037510",
            "count": 34
        },
        {
            "id": "100066409219231",
            "count": 492
        },
        {
            "id": "100082398406349",
            "count": 5
        },
        {
            "id": "100087045172432",
            "count": 15
        },
        {
            "id": "100011336727648",
            "count": 20
        },
        {
            "id": "100056239775882",
            "count": 9
        },
        {
            "id": "100067234470687",
            "count": 126
        },
        {
            "id": "100083556561811",
            "count": 28
        },
        {
            "id": "100068419710379",
            "count": 23
        },
        {
            "id": "100052076676367",
            "count": 3
        },
        {
            "id": "100076136229107",
            "count": 7
        },
        {
            "id": "100062775015359",
            "count": 100
        },
        {
            "id": "100078704520442",
            "count": 147
        },
        {
            "id": "100015839528523",
            "count": 6
        },
        {
            "id": "100029386847878",
            "count": 28
        },
        {
            "id": "100056816538439",
            "count": 75
        },
        {
            "id": "100069472785825",
            "count": 79
        },
        {
            "id": "100083009746004",
            "count": 2
        },
        {
            "id": "100087375127058",
            "count": 32
        },
        {
            "id": "100075575015888",
            "count": 14
        },
        {
            "id": "100071926650843",
            "count": 55
        },
        {
            "id": "100085848278807",
            "count": 35
        }
    ],
    "week": [
        {
            "id": "100013942628281",
            "count": 0,
            "name": "Người dùng facebook"
        },
        {
            "id": "100073146683793",
            "count": 0,
            "name": "Người dùng facebook"
        },
        {
            "id": "100075037102158",
            "count": 0,
            "name": "Người dùng facebook"
        },
        {
            "id": "100077289960824",
            "count": 0,
            "name": "Người dùng facebook"
        },
        {
            "id": "100074389189721",
            "count": 0,
            "name": "Người dùng facebook"
        },
        {
            "id": "100080544764635",
            "count": 0,
            "name": "Người dùng facebook"
        },
        {
            "id": "100002244111074",
            "count": 0,
            "name": "Người dùng facebook"
        },
        {
            "id": "100085996297333",
            "count": 0,
            "name": "Người dùng facebook"
        },
        {
            "id": "100022160520148",
            "count": 0,
            "name": "Người dùng facebook"
        },
        {
            "id": "100079858821578",
            "count": 0,
            "name": "Người dùng facebook"
        },
        {
            "id": "100066786802063",
            "count": 0,
            "name": "Người dùng facebook"
        },
        {
            "id": "100070432921439",
            "count": 0,
            "name": "Người dùng facebook"
        },
        {
            "id": "100083156497868",
            "count": 0,
            "name": "Người dùng facebook"
        },
        {
            "id": "100087193457677",
            "count": 0,
            "name": "Người dùng facebook"
        },
        {
            "id": "100086509371653",
            "count": 0,
            "name": "Người dùng facebook"
        },
        {
            "id": "100079613916191",
            "count": 0,
            "name": "Người dùng facebook"
        },
        {
            "id": "100080270127494",
            "count": 0,
            "name": "Người dùng facebook"
        },
        {
            "id": "100070346881045",
            "count": 0,
            "name": "Người dùng facebook"
        },
        {
            "id": "100071550541007",
            "count": 0,
            "name": "Người dùng facebook"
        },
        {
            "id": "100012290835416",
            "count": 0,
            "name": "Người dùng facebook"
        },
        {
            "id": "100063527049333",
            "count": 0,
            "name": "Người dùng facebook"
        },
        {
            "id": "100085145031672",
            "count": 0,
            "name": "Người dùng facebook"
        },
        {
            "id": "100070924093414",
            "count": 0,
            "name": "Người dùng facebook"
        },
        {
            "id": "100083728068202",
            "count": 0,
            "name": "Người dùng facebook"
        },
        {
            "id": "100076061160090",
            "count": 0,
            "name": "Người dùng facebook"
        },
        {
            "id": "100080351200383",
            "count": 0,
            "name": "Người dùng facebook"
        },
        {
            "id": "100086547240171",
            "count": 0,
            "name": "Người dùng facebook"
        },
        {
            "id": "100082581072238",
            "count": 0,
            "name": "Người dùng facebook"
        },
        {
            "id": "100064859048712",
            "count": 0,
            "name": "Người dùng facebook"
        },
        {
            "id": "100051928546901",
            "count": 0,
            "name": "Người dùng facebook"
        },
        {
            "id": "100048677537732",
            "count": 0,
            "name": "Người dùng facebook"
        },
        {
            "id": "100054428461872",
            "count": 0,
            "name": "Người dùng facebook"
        },
        {
            "id": "100042611347839",
            "count": 0,
            "name": "Người dùng facebook"
        },
        {
            "id": "100086853311950",
            "count": 0,
            "name": "Người dùng facebook"
        },
        {
            "id": "100078087399239",
            "count": 0,
            "name": "Người dùng facebook"
        },
        {
            "id": "100030086191250",
            "count": 0,
            "name": "Người dùng facebook"
        },
        {
            "id": "100079185016697",
            "count": 0,
            "name": "Người dùng facebook"
        },
        {
            "id": "100041305060759",
            "count": 0,
            "name": "Người dùng facebook"
        },
        {
            "id": "100030959233350",
            "count": 0,
            "name": "Người dùng facebook"
        },
        {
            "id": "100037778990805",
            "count": 0,
            "name": "Người dùng facebook"
        },
        {
            "id": "100043241025405",
            "count": 0,
            "name": "Người dùng facebook"
        },
        {
            "id": "100055082374742",
            "count": 0,
            "name": "Người dùng facebook"
        },
        {
            "id": "100078864617356",
            "count": 0,
            "name": "Người dùng facebook"
        },
        {
            "id": "100084189996479",
            "count": 0,
            "name": "Người dùng facebook"
        },
        {
            "id": "100080513172128",
            "count": 0,
            "name": "Người dùng facebook"
        },
        {
            "id": "100029562350727",
            "count": 0,
            "name": "Người dùng facebook"
        },
        {
            "id": "100023010835561",
            "count": 0,
            "name": "Người dùng facebook"
        },
        {
            "id": "100042628037986",
            "count": 0,
            "name": "Người dùng facebook"
        },
        {
            "id": "100049333372287",
            "count": 0,
            "name": "Người dùng facebook"
        },
        {
            "id": "100046384474794",
            "count": 0,
            "name": "Người dùng facebook"
        },
        {
            "id": "100061479768160",
            "count": 0,
            "name": "Người dùng facebook"
        },
        {
            "id": "100080357051292",
            "count": 0,
            "name": "Người dùng facebook"
        },
        {
            "id": "100071750058900",
            "count": 0,
            "name": "Người dùng facebook"
        },
        {
            "id": "100078971694871",
            "count": 0,
            "name": "Người dùng facebook"
        },
        {
            "id": "100064152410681",
            "count": 0,
            "name": "Người dùng facebook"
        },
        {
            "id": "100075583999181",
            "count": 0,
            "name": "Người dùng facebook"
        },
        {
            "id": "100047447352337",
            "count": 0,
            "name": "Người dùng facebook"
        },
        {
            "id": "100073542086098",
            "count": 0,
            "name": "Người dùng facebook"
        },
        {
            "id": "100038232037510",
            "count": 0,
            "name": "Người dùng facebook"
        },
        {
            "id": "100066409219231",
            "count": 0,
            "name": "Người dùng facebook"
        },
        {
            "id": "100082398406349",
            "count": 0,
            "name": "Người dùng facebook"
        },
        {
            "id": "100087045172432",
            "count": 0,
            "name": "Người dùng facebook"
        },
        {
            "id": "100011336727648",
            "count": 0,
            "name": "Người dùng facebook"
        },
        {
            "id": "100056239775882",
            "count": 0,
            "name": "Người dùng facebook"
        },
        {
            "id": "100067234470687",
            "count": 0,
            "name": "Người dùng facebook"
        },
        {
            "id": "100083556561811",
            "count": 0,
            "name": "Người dùng facebook"
        },
        {
            "id": "100068419710379",
            "count": 0,
            "name": "Người dùng facebook"
        },
        {
            "id": "100052076676367",
            "count": 0,
            "name": "Người dùng facebook"
        },
        {
            "id": "100076136229107",
            "count": 0,
            "name": "Người dùng facebook"
        },
        {
            "id": "100062775015359",
            "count": 0,
            "name": "Người dùng facebook"
        },
        {
            "id": "100078704520442",
            "count": 0,
            "name": "Người dùng facebook"
        },
        {
            "id": "100015839528523",
            "count": 0,
            "name": "Người dùng facebook"
        },
        {
            "id": "100029386847878",
            "count": 0,
            "name": "Người dùng facebook"
        },
        {
            "id": "100056816538439",
            "count": 0,
            "name": "Người dùng facebook"
        },
        {
            "id": "100069472785825",
            "count": 0,
            "name": "Người dùng facebook"
        },
        {
            "id": "100083009746004",
            "count": 0,
            "name": "Người dùng facebook"
        },
        {
            "id": "100087375127058",
            "count": 0,
            "name": "Người dùng facebook"
        },
        {
            "id": "100075575015888",
            "count": 0,
            "name": "Người dùng facebook"
        },
        {
            "id": "100071926650843",
            "count": 0,
            "name": "Người dùng facebook"
        },
        {
            "id": "100085848278807",
            "count": 0,
            "name": "Người dùng facebook"
        }
    ],
    "day": [
        {
            "id": "100013942628281",
            "count": 0,
            "name": "Người dùng facebook"
        },
        {
            "id": "100073146683793",
            "count": 0,
            "name": "Người dùng facebook"
        },
        {
            "id": "100075037102158",
            "count": 0,
            "name": "Người dùng facebook"
        },
        {
            "id": "100077289960824",
            "count": 0,
            "name": "Người dùng facebook"
        },
        {
            "id": "100074389189721",
            "count": 0,
            "name": "Người dùng facebook"
        },
        {
            "id": "100080544764635",
            "count": 0,
            "name": "Người dùng facebook"
        },
        {
            "id": "100002244111074",
            "count": 0,
            "name": "Người dùng facebook"
        },
        {
            "id": "100085996297333",
            "count": 0,
            "name": "Người dùng facebook"
        },
        {
            "id": "100022160520148",
            "count": 0,
            "name": "Người dùng facebook"
        },
        {
            "id": "100079858821578",
            "count": 0,
            "name": "Người dùng facebook"
        },
        {
            "id": "100066786802063",
            "count": 0,
            "name": "Người dùng facebook"
        },
        {
            "id": "100070432921439",
            "count": 0,
            "name": "Người dùng facebook"
        },
        {
            "id": "100083156497868",
            "count": 0,
            "name": "Người dùng facebook"
        },
        {
            "id": "100087193457677",
            "count": 0,
            "name": "Người dùng facebook"
        },
        {
            "id": "100086509371653",
            "count": 0,
            "name": "Người dùng facebook"
        },
        {
            "id": "100079613916191",
            "count": 0,
            "name": "Người dùng facebook"
        },
        {
            "id": "100080270127494",
            "count": 0,
            "name": "Người dùng facebook"
        },
        {
            "id": "100070346881045",
            "count": 0,
            "name": "Người dùng facebook"
        },
        {
            "id": "100071550541007",
            "count": 0,
            "name": "Người dùng facebook"
        },
        {
            "id": "100012290835416",
            "count": 0,
            "name": "Người dùng facebook"
        },
        {
            "id": "100063527049333",
            "count": 0,
            "name": "Người dùng facebook"
        },
        {
            "id": "100085145031672",
            "count": 0,
            "name": "Người dùng facebook"
        },
        {
            "id": "100070924093414",
            "count": 0,
            "name": "Người dùng facebook"
        },
        {
            "id": "100083728068202",
            "count": 0,
            "name": "Người dùng facebook"
        },
        {
            "id": "100076061160090",
            "count": 0,
            "name": "Người dùng facebook"
        },
        {
            "id": "100080351200383",
            "count": 0,
            "name": "Người dùng facebook"
        },
        {
            "id": "100086547240171",
            "count": 0,
            "name": "Người dùng facebook"
        },
        {
            "id": "100082581072238",
            "count": 0,
            "name": "Người dùng facebook"
        },
        {
            "id": "100064859048712",
            "count": 0,
            "name": "Người dùng facebook"
        },
        {
            "id": "100051928546901",
            "count": 0,
            "name": "Người dùng facebook"
        },
        {
            "id": "100048677537732",
            "count": 0,
            "name": "Người dùng facebook"
        },
        {
            "id": "100054428461872",
            "count": 0,
            "name": "Người dùng facebook"
        },
        {
            "id": "100042611347839",
            "count": 0,
            "name": "Người dùng facebook"
        },
        {
            "id": "100086853311950",
            "count": 0,
            "name": "Người dùng facebook"
        },
        {
            "id": "100078087399239",
            "count": 0,
            "name": "Người dùng facebook"
        },
        {
            "id": "100030086191250",
            "count": 0,
            "name": "Người dùng facebook"
        },
        {
            "id": "100079185016697",
            "count": 0,
            "name": "Người dùng facebook"
        },
        {
            "id": "100041305060759",
            "count": 0,
            "name": "Người dùng facebook"
        },
        {
            "id": "100030959233350",
            "count": 0,
            "name": "Người dùng facebook"
        },
        {
            "id": "100037778990805",
            "count": 0,
            "name": "Người dùng facebook"
        },
        {
            "id": "100043241025405",
            "count": 0,
            "name": "Người dùng facebook"
        },
        {
            "id": "100055082374742",
            "count": 0,
            "name": "Người dùng facebook"
        },
        {
            "id": "100078864617356",
            "count": 0,
            "name": "Người dùng facebook"
        },
        {
            "id": "100084189996479",
            "count": 0,
            "name": "Người dùng facebook"
        },
        {
            "id": "100080513172128",
            "count": 0,
            "name": "Người dùng facebook"
        },
        {
            "id": "100029562350727",
            "count": 0,
            "name": "Người dùng facebook"
        },
        {
            "id": "100023010835561",
            "count": 0,
            "name": "Người dùng facebook"
        },
        {
            "id": "100042628037986",
            "count": 0,
            "name": "Người dùng facebook"
        },
        {
            "id": "100049333372287",
            "count": 0,
            "name": "Người dùng facebook"
        },
        {
            "id": "100046384474794",
            "count": 0,
            "name": "Người dùng facebook"
        },
        {
            "id": "100061479768160",
            "count": 0,
            "name": "Người dùng facebook"
        },
        {
            "id": "100080357051292",
            "count": 0,
            "name": "Người dùng facebook"
        },
        {
            "id": "100071750058900",
            "count": 0,
            "name": "Người dùng facebook"
        },
        {
            "id": "100078971694871",
            "count": 0,
            "name": "Người dùng facebook"
        },
        {
            "id": "100064152410681",
            "count": 0,
            "name": "Người dùng facebook"
        },
        {
            "id": "100075583999181",
            "count": 0,
            "name": "Người dùng facebook"
        },
        {
            "id": "100047447352337",
            "count": 0,
            "name": "Người dùng facebook"
        },
        {
            "id": "100073542086098",
            "count": 0,
            "name": "Người dùng facebook"
        },
        {
            "id": "100038232037510",
            "count": 0,
            "name": "Người dùng facebook"
        },
        {
            "id": "100066409219231",
            "count": 0,
            "name": "Người dùng facebook"
        },
        {
            "id": "100082398406349",
            "count": 0,
            "name": "Người dùng facebook"
        },
        {
            "id": "100087045172432",
            "count": 0,
            "name": "Người dùng facebook"
        },
        {
            "id": "100011336727648",
            "count": 0,
            "name": "Người dùng facebook"
        },
        {
            "id": "100056239775882",
            "count": 0,
            "name": "Người dùng facebook"
        },
        {
            "id": "100067234470687",
            "count": 0,
            "name": "Người dùng facebook"
        },
        {
            "id": "100083556561811",
            "count": 0,
            "name": "Người dùng facebook"
        },
        {
            "id": "100068419710379",
            "count": 0,
            "name": "Người dùng facebook"
        },
        {
            "id": "100052076676367",
            "count": 0,
            "name": "Người dùng facebook"
        },
        {
            "id": "100076136229107",
            "count": 0,
            "name": "Người dùng facebook"
        },
        {
            "id": "100062775015359",
            "count": 0,
            "name": "Người dùng facebook"
        },
        {
            "id": "100078704520442",
            "count": 0,
            "name": "Người dùng facebook"
        },
        {
            "id": "100015839528523",
            "count": 0,
            "name": "Người dùng facebook"
        },
        {
            "id": "100029386847878",
            "count": 0,
            "name": "Người dùng facebook"
        },
        {
            "id": "100056816538439",
            "count": 0,
            "name": "Người dùng facebook"
        },
        {
            "id": "100069472785825",
            "count": 0,
            "name": "Người dùng facebook"
        },
        {
            "id": "100083009746004",
            "count": 0,
            "name": "Người dùng facebook"
        },
        {
            "id": "100087375127058",
            "count": 0,
            "name": "Người dùng facebook"
        },
        {
            "id": "100075575015888",
            "count": 0,
            "name": "Người dùng facebook"
        },
        {
            "id": "100071926650843",
            "count": 0,
            "name": "Người dùng facebook"
        },
        {
            "id": "100085848278807",
            "count": 0,
            "name": "Người dùng facebook"
        }
    ],
    "time": 6
}