{
    "total": [
        {
            "id": "519351813",
            "count": 0
        },
        {
            "id": "564899464",
            "count": 0
        },
        {
            "id": "594911976",
            "count": 0
        },
        {
            "id": "638059458",
            "count": 0
        },
        {
            "id": "645374480",
            "count": 43
        },
        {
            "id": "659074832",
            "count": 0
        },
        {
            "id": "1059665005",
            "count": 0
        },
        {
            "id": "1104332547",
            "count": 1
        },
        {
            "id": "1120094974",
            "count": 0
        },
        {
            "id": "1323280368",
            "count": 18
        },
        {
            "id": "1454862683",
            "count": 0
        },
        {
            "id": "1614522045",
            "count": 0
        },
        {
            "id": "1824145471",
            "count": 141
        },
        {
            "id": "100000042873942",
            "count": 0
        },
        {
            "id": "100000194220902",
            "count": 0
        },
        {
            "id": "100000226437387",
            "count": 46
        },
        {
            "id": "100001618861686",
            "count": 0
        },
        {
            "id": "100001630125667",
            "count": 7
        },
        {
            "id": "100001725180125",
            "count": 2
        },
        {
            "id": "100001972690213",
            "count": 0
        },
        {
            "id": "100002000483218",
            "count": 0
        },
        {
            "id": "100002376341876",
            "count": 4
        },
        {
            "id": "100003057778375",
            "count": 118
        },
        {
            "id": "100003653044087",
            "count": 0
        },
        {
            "id": "100003773832360",
            "count": 33
        },
        {
            "id": "100005555760733",
            "count": 0
        },
        {
            "id": "100006302015931",
            "count": 40
        },
        {
            "id": "100007231937632",
            "count": 0
        },
        {
            "id": "100008028613823",
            "count": 0
        },
        {
            "id": "100008126142771",
            "count": 0
        },
        {
            "id": "100008393138160",
            "count": 0
        },
        {
            "id": "100011316677958",
            "count": 0
        },
        {
            "id": "100013240789232",
            "count": 0
        },
        {
            "id": "100013515091861",
            "count": 0
        },
        {
            "id": "100015483977398",
            "count": 0
        },
        {
            "id": "100015748928869",
            "count": 0
        },
        {
            "id": "100016038339789",
            "count": 0
        },
        {
            "id": "100022452941700",
            "count": 0
        },
        {
            "id": "100023847279480",
            "count": 0
        },
        {
            "id": "100028485001494",
            "count": 2
        },
        {
            "id": "100029759690353",
            "count": 0
        },
        {
            "id": "100030129878941",
            "count": 0
        },
        {
            "id": "100030739264244",
            "count": 0
        },
        {
            "id": "100030905940923",
            "count": 0
        },
        {
            "id": "100031177811759",
            "count": 34
        },
        {
            "id": "100031328081848",
            "count": 0
        },
        {
            "id": "100033443325957",
            "count": 0
        },
        {
            "id": "100033474463614",
            "count": 0
        },
        {
            "id": "100034481143145",
            "count": 0
        },
        {
            "id": "100034901017661",
            "count": 182
        },
        {
            "id": "100037034503301",
            "count": 0
        },
        {
            "id": "100037505382474",
            "count": 0
        },
        {
            "id": "100039972202267",
            "count": 0
        },
        {
            "id": "100040188542807",
            "count": 3
        },
        {
            "id": "100040725735137",
            "count": 0
        },
        {
            "id": "100043599411958",
            "count": 0
        },
        {
            "id": "100043741420296",
            "count": 0
        },
        {
            "id": "100044254913377",
            "count": 0
        },
        {
            "id": "100045218220798",
            "count": 0
        },
        {
            "id": "100046613953025",
            "count": 10
        },
        {
            "id": "100046675163495",
            "count": 3
        },
        {
            "id": "100047248907485",
            "count": 0
        },
        {
            "id": "100047871485756",
            "count": 3
        },
        {
            "id": "100047930521737",
            "count": 0
        },
        {
            "id": "100049098522461",
            "count": 0
        },
        {
            "id": "100049220933455",
            "count": 0
        },
        {
            "id": "100049428095520",
            "count": 94
        },
        {
            "id": "100049504747087",
            "count": 0
        },
        {
            "id": "100050340847900",
            "count": 0
        },
        {
            "id": "100052045502839",
            "count": 2
        },
        {
            "id": "100052089788051",
            "count": 0
        },
        {
            "id": "100052416764219",
            "count": 3
        },
        {
            "id": "100052592406345",
            "count": 0
        },
        {
            "id": "100052643627062",
            "count": 0
        },
        {
            "id": "100053324123780",
            "count": 0
        },
        {
            "id": "100053472347776",
            "count": 0
        },
        {
            "id": "100053725963053",
            "count": 0
        },
        {
            "id": "100053846661623",
            "count": 26
        },
        {
            "id": "100054174918359",
            "count": 0
        },
        {
            "id": "100054383087232",
            "count": 0
        },
        {
            "id": "100054420691494",
            "count": 0
        },
        {
            "id": "100054999685979",
            "count": 0
        },
        {
            "id": "100055584205634",
            "count": 0
        },
        {
            "id": "100056865279847",
            "count": 0
        },
        {
            "id": "100057077591917",
            "count": 1
        },
        {
            "id": "100059836093572",
            "count": 0
        },
        {
            "id": "100059990731114",
            "count": 1
        },
        {
            "id": "100060392562253",
            "count": 0
        },
        {
            "id": "100061064125222",
            "count": 0
        },
        {
            "id": "100061250687139",
            "count": 0
        },
        {
            "id": "100062394364766",
            "count": 0
        },
        {
            "id": "100063052604293",
            "count": 0
        },
        {
            "id": "100063055716496",
            "count": 0
        },
        {
            "id": "100063157174954",
            "count": 0
        },
        {
            "id": "100064289821916",
            "count": 0
        },
        {
            "id": "100064324534871",
            "count": 0
        },
        {
            "id": "100064911476832",
            "count": 0
        },
        {
            "id": "100065278722353",
            "count": 0
        },
        {
            "id": "100066105248987",
            "count": 10
        },
        {
            "id": "100066477554365",
            "count": 6
        },
        {
            "id": "100066656912107",
            "count": 3
        },
        {
            "id": "100067527583086",
            "count": 4
        },
        {
            "id": "100067846841315",
            "count": 0
        },
        {
            "id": "100068094648405",
            "count": 1
        },
        {
            "id": "100069414702165",
            "count": 0
        },
        {
            "id": "100069591727298",
            "count": 0
        },
        {
            "id": "100069991430956",
            "count": 0
        },
        {
            "id": "100070398167461",
            "count": 0
        },
        {
            "id": "100070614632963",
            "count": 0
        },
        {
            "id": "100070797393421",
            "count": 0
        },
        {
            "id": "100071176401585",
            "count": 0
        },
        {
            "id": "100071551519796",
            "count": 0
        },
        {
            "id": "100071701786293",
            "count": 0
        },
        {
            "id": "100071790040742",
            "count": 0
        },
        {
            "id": "100072450956524",
            "count": 0
        },
        {
            "id": "100072706237399",
            "count": 0
        },
        {
            "id": "100073078354482",
            "count": 0
        },
        {
            "id": "100073099545507",
            "count": 0
        },
        {
            "id": "100073134795262",
            "count": 0
        },
        {
            "id": "100073213621707",
            "count": 0
        },
        {
            "id": "100073643380933",
            "count": 6
        },
        {
            "id": "100073860351769",
            "count": 0
        },
        {
            "id": "100073950640931",
            "count": 0
        },
        {
            "id": "100074054913248",
            "count": 0
        },
        {
            "id": "100074350186845",
            "count": 0
        },
        {
            "id": "100074413418656",
            "count": 0
        },
        {
            "id": "100074994819589",
            "count": 0
        },
        {
            "id": "100075074230631",
            "count": 0
        },
        {
            "id": "100075142261448",
            "count": 0
        },
        {
            "id": "100075181953363",
            "count": 0
        },
        {
            "id": "100075958170050",
            "count": 0
        },
        {
            "id": "100076836822801",
            "count": 0
        },
        {
            "id": "100076970650324",
            "count": 0
        },
        {
            "id": "100077266760823",
            "count": 0
        },
        {
            "id": "100077390754841",
            "count": 0
        },
        {
            "id": "100077481249570",
            "count": 0
        },
        {
            "id": "100077485098695",
            "count": 0
        },
        {
            "id": "100077485810189",
            "count": 0
        },
        {
            "id": "100077513388880",
            "count": 0
        },
        {
            "id": "100077589654406",
            "count": 0
        },
        {
            "id": "100077847833182",
            "count": 0
        },
        {
            "id": "100078853437427",
            "count": 0
        },
        {
            "id": "100078867168074",
            "count": 0
        },
        {
            "id": "100078869120192",
            "count": 0
        },
        {
            "id": "100079013521660",
            "count": 0
        },
        {
            "id": "100079134768735",
            "count": 0
        },
        {
            "id": "100079321891426",
            "count": 0
        },
        {
            "id": "100079634674751",
            "count": 0
        },
        {
            "id": "100079971783883",
            "count": 0
        },
        {
            "id": "100080411816308",
            "count": 0
        },
        {
            "id": "100080426986468",
            "count": 0
        },
        {
            "id": "100080450116215",
            "count": 0
        },
        {
            "id": "100080469125492",
            "count": 0
        },
        {
            "id": "100080711643618",
            "count": 0
        },
        {
            "id": "100080944822758",
            "count": 0
        },
        {
            "id": "100081046340291",
            "count": 0
        },
        {
            "id": "100081123222547",
            "count": 0
        },
        {
            "id": "100081666354099",
            "count": 0
        },
        {
            "id": "100081783233514",
            "count": 1
        },
        {
            "id": "100081809656521",
            "count": 6
        },
        {
            "id": "100081826637031",
            "count": 0
        },
        {
            "id": "100082325617941",
            "count": 0
        },
        {
            "id": "100082508212165",
            "count": 0
        },
        {
            "id": "100082609502445",
            "count": 0
        },
        {
            "id": "100083086152131",
            "count": 2
        },
        {
            "id": "100083305836992",
            "count": 0
        },
        {
            "id": "100083409258302",
            "count": 0
        },
        {
            "id": "100083436151549",
            "count": 0
        },
        {
            "id": "100083536602632",
            "count": 0
        },
        {
            "id": "100083781757797",
            "count": 13
        },
        {
            "id": "100084001129081",
            "count": 11
        },
        {
            "id": "100084012492097",
            "count": 1
        },
        {
            "id": "100084060154526",
            "count": 0
        },
        {
            "id": "100084142938554",
            "count": 3
        },
        {
            "id": "100084200832854",
            "count": 0
        },
        {
            "id": "100084348936274",
            "count": 0
        },
        {
            "id": "100084393722511",
            "count": 0
        },
        {
            "id": "100084433749028",
            "count": 0
        },
        {
            "id": "100084503012679",
            "count": 0
        },
        {
            "id": "100084825369434",
            "count": 0
        },
        {
            "id": "100085149455379",
            "count": 0
        },
        {
            "id": "100085222467631",
            "count": 0
        },
        {
            "id": "100085375525657",
            "count": 0
        },
        {
            "id": "100085449253829",
            "count": 0
        },
        {
            "id": "100085644248854",
            "count": 0
        },
        {
            "id": "100085860784180",
            "count": 0
        },
        {
            "id": "100085885720599",
            "count": 0
        },
        {
            "id": "100086051217719",
            "count": 0
        },
        {
            "id": "100086282692784",
            "count": 0
        },
        {
            "id": "100086306807968",
            "count": 0
        },
        {
            "id": "100086407416407",
            "count": 0
        },
        {
            "id": "100086414868334",
            "count": 0
        },
        {
            "id": "100086423037697",
            "count": 0
        },
        {
            "id": "100086464001725",
            "count": 0
        },
        {
            "id": "100086538249981",
            "count": 8
        },
        {
            "id": "100086661576470",
            "count": 0
        },
        {
            "id": "100086912786062",
            "count": 0
        },
        {
            "id": "100086981358024",
            "count": 154
        },
        {
            "id": "100087153941123",
            "count": 0
        },
        {
            "id": "100087222125016",
            "count": 0
        },
        {
            "id": "100087372949287",
            "count": 0
        },
        {
            "id": "100087373684229",
            "count": 0
        },
        {
            "id": "100087399078313",
            "count": 1
        },
        {
            "id": "100087460808077",
            "count": 0
        },
        {
            "id": "100087537057711",
            "count": 0
        },
        {
            "id": "100087565734911",
            "count": 0
        },
        {
            "id": "100087669831678",
            "count": 0
        },
        {
            "id": "100087738985115",
            "count": 0
        },
        {
            "id": "100087861806341",
            "count": 0
        },
        {
            "id": "100087883087033",
            "count": 0
        },
        {
            "id": "100087886867774",
            "count": 0
        },
        {
            "id": "100087934945077",
            "count": 0
        },
        {
            "id": "100087939754948",
            "count": 4
        },
        {
            "id": "100087973938852",
            "count": 0
        },
        {
            "id": "100088048545977",
            "count": 0
        },
        {
            "id": "100088104903485",
            "count": 0
        },
        {
            "id": "100088122790107",
            "count": 0
        },
        {
            "id": "100088122792975",
            "count": 0
        },
        {
            "id": "100088130013876",
            "count": 0
        },
        {
            "id": "100088146701894",
            "count": 0
        },
        {
            "id": "100088153569208",
            "count": 0
        },
        {
            "id": "100088195003283",
            "count": 2
        },
        {
            "id": "100088253773227",
            "count": 0
        },
        {
            "id": "100088268557384",
            "count": 0
        },
        {
            "id": "100088347790192",
            "count": 0
        },
        {
            "id": "100088415831496",
            "count": 23
        },
        {
            "id": "100088445310241",
            "count": 0
        },
        {
            "id": "100031776950445",
            "count": 2
        },
        {
            "id": "100083523249859",
            "count": 5
        }
    ],
    "week": [
        {
            "id": "519351813",
            "count": 0,
            "name": "Người dùng facebook"
        },
        {
            "id": "564899464",
            "count": 0,
            "name": "Người dùng facebook"
        },
        {
            "id": "594911976",
            "count": 0,
            "name": "Người dùng facebook"
        },
        {
            "id": "638059458",
            "count": 0,
            "name": "Người dùng facebook"
        },
        {
            "id": "645374480",
            "count": 0,
            "name": "Người dùng facebook"
        },
        {
            "id": "659074832",
            "count": 0,
            "name": "Người dùng facebook"
        },
        {
            "id": "1059665005",
            "count": 0,
            "name": "Người dùng facebook"
        },
        {
            "id": "1104332547",
            "count": 0,
            "name": "Người dùng facebook"
        },
        {
            "id": "1120094974",
            "count": 0,
            "name": "Người dùng facebook"
        },
        {
            "id": "1323280368",
            "count": 0,
            "name": "Người dùng facebook"
        },
        {
            "id": "1454862683",
            "count": 0,
            "name": "Người dùng facebook"
        },
        {
            "id": "1614522045",
            "count": 0,
            "name": "Người dùng facebook"
        },
        {
            "id": "1824145471",
            "count": 0,
            "name": "Người dùng facebook"
        },
        {
            "id": "100000042873942",
            "count": 0,
            "name": "Người dùng facebook"
        },
        {
            "id": "100000194220902",
            "count": 0,
            "name": "Người dùng facebook"
        },
        {
            "id": "100000226437387",
            "count": 0,
            "name": "Người dùng facebook"
        },
        {
            "id": "100001618861686",
            "count": 0,
            "name": "Người dùng facebook"
        },
        {
            "id": "100001630125667",
            "count": 0,
            "name": "Người dùng facebook"
        },
        {
            "id": "100001725180125",
            "count": 0,
            "name": "Người dùng facebook"
        },
        {
            "id": "100001972690213",
            "count": 0,
            "name": "Người dùng facebook"
        },
        {
            "id": "100002000483218",
            "count": 0,
            "name": "Người dùng facebook"
        },
        {
            "id": "100002376341876",
            "count": 0,
            "name": "Người dùng facebook"
        },
        {
            "id": "100003057778375",
            "count": 0,
            "name": "Người dùng facebook"
        },
        {
            "id": "100003653044087",
            "count": 0,
            "name": "Người dùng facebook"
        },
        {
            "id": "100003773832360",
            "count": 0,
            "name": "Người dùng facebook"
        },
        {
            "id": "100005555760733",
            "count": 0,
            "name": "Người dùng facebook"
        },
        {
            "id": "100006302015931",
            "count": 0,
            "name": "Người dùng facebook"
        },
        {
            "id": "100007231937632",
            "count": 0,
            "name": "Người dùng facebook"
        },
        {
            "id": "100008028613823",
            "count": 0,
            "name": "Người dùng facebook"
        },
        {
            "id": "100008126142771",
            "count": 0,
            "name": "Người dùng facebook"
        },
        {
            "id": "100008393138160",
            "count": 0,
            "name": "Người dùng facebook"
        },
        {
            "id": "100011316677958",
            "count": 0,
            "name": "Người dùng facebook"
        },
        {
            "id": "100013240789232",
            "count": 0,
            "name": "Người dùng facebook"
        },
        {
            "id": "100013515091861",
            "count": 0,
            "name": "Người dùng facebook"
        },
        {
            "id": "100015483977398",
            "count": 0,
            "name": "Người dùng facebook"
        },
        {
            "id": "100015748928869",
            "count": 0,
            "name": "Người dùng facebook"
        },
        {
            "id": "100016038339789",
            "count": 0,
            "name": "Người dùng facebook"
        },
        {
            "id": "100022452941700",
            "count": 0,
            "name": "Người dùng facebook"
        },
        {
            "id": "100023847279480",
            "count": 0,
            "name": "Người dùng facebook"
        },
        {
            "id": "100028485001494",
            "count": 0,
            "name": "Người dùng facebook"
        },
        {
            "id": "100029759690353",
            "count": 0,
            "name": "Người dùng facebook"
        },
        {
            "id": "100030129878941",
            "count": 0,
            "name": "Người dùng facebook"
        },
        {
            "id": "100030739264244",
            "count": 0,
            "name": "Người dùng facebook"
        },
        {
            "id": "100030905940923",
            "count": 0,
            "name": "Người dùng facebook"
        },
        {
            "id": "100031177811759",
            "count": 0,
            "name": "Người dùng facebook"
        },
        {
            "id": "100031328081848",
            "count": 0,
            "name": "Người dùng facebook"
        },
        {
            "id": "100033443325957",
            "count": 0,
            "name": "Người dùng facebook"
        },
        {
            "id": "100033474463614",
            "count": 0,
            "name": "Người dùng facebook"
        },
        {
            "id": "100034481143145",
            "count": 0,
            "name": "Người dùng facebook"
        },
        {
            "id": "100034901017661",
            "count": 0,
            "name": "Người dùng facebook"
        },
        {
            "id": "100037034503301",
            "count": 0,
            "name": "Người dùng facebook"
        },
        {
            "id": "100037505382474",
            "count": 0,
            "name": "Người dùng facebook"
        },
        {
            "id": "100039972202267",
            "count": 0,
            "name": "Người dùng facebook"
        },
        {
            "id": "100040188542807",
            "count": 0,
            "name": "Người dùng facebook"
        },
        {
            "id": "100040725735137",
            "count": 0,
            "name": "Người dùng facebook"
        },
        {
            "id": "100043599411958",
            "count": 0,
            "name": "Người dùng facebook"
        },
        {
            "id": "100043741420296",
            "count": 0,
            "name": "Người dùng facebook"
        },
        {
            "id": "100044254913377",
            "count": 0,
            "name": "Người dùng facebook"
        },
        {
            "id": "100045218220798",
            "count": 0,
            "name": "Người dùng facebook"
        },
        {
            "id": "100046613953025",
            "count": 0,
            "name": "Người dùng facebook"
        },
        {
            "id": "100046675163495",
            "count": 0,
            "name": "Người dùng facebook"
        },
        {
            "id": "100047248907485",
            "count": 0,
            "name": "Người dùng facebook"
        },
        {
            "id": "100047871485756",
            "count": 0,
            "name": "Người dùng facebook"
        },
        {
            "id": "100047930521737",
            "count": 0,
            "name": "Người dùng facebook"
        },
        {
            "id": "100049098522461",
            "count": 0,
            "name": "Người dùng facebook"
        },
        {
            "id": "100049220933455",
            "count": 0,
            "name": "Người dùng facebook"
        },
        {
            "id": "100049428095520",
            "count": 0,
            "name": "Người dùng facebook"
        },
        {
            "id": "100049504747087",
            "count": 0,
            "name": "Người dùng facebook"
        },
        {
            "id": "100050340847900",
            "count": 0,
            "name": "Người dùng facebook"
        },
        {
            "id": "100052045502839",
            "count": 0,
            "name": "Người dùng facebook"
        },
        {
            "id": "100052089788051",
            "count": 0,
            "name": "Người dùng facebook"
        },
        {
            "id": "100052416764219",
            "count": 0,
            "name": "Người dùng facebook"
        },
        {
            "id": "100052592406345",
            "count": 0,
            "name": "Người dùng facebook"
        },
        {
            "id": "100052643627062",
            "count": 0,
            "name": "Người dùng facebook"
        },
        {
            "id": "100053324123780",
            "count": 0,
            "name": "Người dùng facebook"
        },
        {
            "id": "100053472347776",
            "count": 0,
            "name": "Người dùng facebook"
        },
        {
            "id": "100053725963053",
            "count": 0,
            "name": "Người dùng facebook"
        },
        {
            "id": "100053846661623",
            "count": 0,
            "name": "Người dùng facebook"
        },
        {
            "id": "100054174918359",
            "count": 0,
            "name": "Người dùng facebook"
        },
        {
            "id": "100054383087232",
            "count": 0,
            "name": "Người dùng facebook"
        },
        {
            "id": "100054420691494",
            "count": 0,
            "name": "Người dùng facebook"
        },
        {
            "id": "100054999685979",
            "count": 0,
            "name": "Người dùng facebook"
        },
        {
            "id": "100055584205634",
            "count": 0,
            "name": "Người dùng facebook"
        },
        {
            "id": "100056865279847",
            "count": 0,
            "name": "Người dùng facebook"
        },
        {
            "id": "100057077591917",
            "count": 0,
            "name": "Người dùng facebook"
        },
        {
            "id": "100059836093572",
            "count": 0,
            "name": "Người dùng facebook"
        },
        {
            "id": "100059990731114",
            "count": 0,
            "name": "Người dùng facebook"
        },
        {
            "id": "100060392562253",
            "count": 0,
            "name": "Người dùng facebook"
        },
        {
            "id": "100061064125222",
            "count": 0,
            "name": "Người dùng facebook"
        },
        {
            "id": "100061250687139",
            "count": 0,
            "name": "Người dùng facebook"
        },
        {
            "id": "100062394364766",
            "count": 0,
            "name": "Người dùng facebook"
        },
        {
            "id": "100063052604293",
            "count": 0,
            "name": "Người dùng facebook"
        },
        {
            "id": "100063055716496",
            "count": 0,
            "name": "Người dùng facebook"
        },
        {
            "id": "100063157174954",
            "count": 0,
            "name": "Người dùng facebook"
        },
        {
            "id": "100064289821916",
            "count": 0,
            "name": "Người dùng facebook"
        },
        {
            "id": "100064324534871",
            "count": 0,
            "name": "Người dùng facebook"
        },
        {
            "id": "100064911476832",
            "count": 0,
            "name": "Người dùng facebook"
        },
        {
            "id": "100065278722353",
            "count": 0,
            "name": "Người dùng facebook"
        },
        {
            "id": "100066105248987",
            "count": 0,
            "name": "Người dùng facebook"
        },
        {
            "id": "100066477554365",
            "count": 0,
            "name": "Người dùng facebook"
        },
        {
            "id": "100066656912107",
            "count": 0,
            "name": "Người dùng facebook"
        },
        {
            "id": "100067527583086",
            "count": 0,
            "name": "Người dùng facebook"
        },
        {
            "id": "100067846841315",
            "count": 0,
            "name": "Người dùng facebook"
        },
        {
            "id": "100068094648405",
            "count": 0,
            "name": "Người dùng facebook"
        },
        {
            "id": "100069414702165",
            "count": 0,
            "name": "Người dùng facebook"
        },
        {
            "id": "100069591727298",
            "count": 0,
            "name": "Người dùng facebook"
        },
        {
            "id": "100069991430956",
            "count": 0,
            "name": "Người dùng facebook"
        },
        {
            "id": "100070398167461",
            "count": 0,
            "name": "Người dùng facebook"
        },
        {
            "id": "100070614632963",
            "count": 0,
            "name": "Người dùng facebook"
        },
        {
            "id": "100070797393421",
            "count": 0,
            "name": "Người dùng facebook"
        },
        {
            "id": "100071176401585",
            "count": 0,
            "name": "Người dùng facebook"
        },
        {
            "id": "100071551519796",
            "count": 0,
            "name": "Người dùng facebook"
        },
        {
            "id": "100071701786293",
            "count": 0,
            "name": "Người dùng facebook"
        },
        {
            "id": "100071790040742",
            "count": 0,
            "name": "Người dùng facebook"
        },
        {
            "id": "100072450956524",
            "count": 0,
            "name": "Người dùng facebook"
        },
        {
            "id": "100072706237399",
            "count": 0,
            "name": "Người dùng facebook"
        },
        {
            "id": "100073078354482",
            "count": 0,
            "name": "Người dùng facebook"
        },
        {
            "id": "100073099545507",
            "count": 0,
            "name": "Người dùng facebook"
        },
        {
            "id": "100073134795262",
            "count": 0,
            "name": "Người dùng facebook"
        },
        {
            "id": "100073213621707",
            "count": 0,
            "name": "Người dùng facebook"
        },
        {
            "id": "100073643380933",
            "count": 0,
            "name": "Người dùng facebook"
        },
        {
            "id": "100073860351769",
            "count": 0,
            "name": "Người dùng facebook"
        },
        {
            "id": "100073950640931",
            "count": 0,
            "name": "Người dùng facebook"
        },
        {
            "id": "100074054913248",
            "count": 0,
            "name": "Người dùng facebook"
        },
        {
            "id": "100074350186845",
            "count": 0,
            "name": "Người dùng facebook"
        },
        {
            "id": "100074413418656",
            "count": 0,
            "name": "Người dùng facebook"
        },
        {
            "id": "100074994819589",
            "count": 0,
            "name": "Người dùng facebook"
        },
        {
            "id": "100075074230631",
            "count": 0,
            "name": "Người dùng facebook"
        },
        {
            "id": "100075142261448",
            "count": 0,
            "name": "Người dùng facebook"
        },
        {
            "id": "100075181953363",
            "count": 0,
            "name": "Người dùng facebook"
        },
        {
            "id": "100075958170050",
            "count": 0,
            "name": "Người dùng facebook"
        },
        {
            "id": "100076836822801",
            "count": 0,
            "name": "Người dùng facebook"
        },
        {
            "id": "100076970650324",
            "count": 0,
            "name": "Người dùng facebook"
        },
        {
            "id": "100077266760823",
            "count": 0,
            "name": "Người dùng facebook"
        },
        {
            "id": "100077390754841",
            "count": 0,
            "name": "Người dùng facebook"
        },
        {
            "id": "100077481249570",
            "count": 0,
            "name": "Người dùng facebook"
        },
        {
            "id": "100077485098695",
            "count": 0,
            "name": "Người dùng facebook"
        },
        {
            "id": "100077485810189",
            "count": 0,
            "name": "Người dùng facebook"
        },
        {
            "id": "100077513388880",
            "count": 0,
            "name": "Người dùng facebook"
        },
        {
            "id": "100077589654406",
            "count": 0,
            "name": "Người dùng facebook"
        },
        {
            "id": "100077847833182",
            "count": 0,
            "name": "Người dùng facebook"
        },
        {
            "id": "100078853437427",
            "count": 0,
            "name": "Người dùng facebook"
        },
        {
            "id": "100078867168074",
            "count": 0,
            "name": "Người dùng facebook"
        },
        {
            "id": "100078869120192",
            "count": 0,
            "name": "Người dùng facebook"
        },
        {
            "id": "100079013521660",
            "count": 0,
            "name": "Người dùng facebook"
        },
        {
            "id": "100079134768735",
            "count": 0,
            "name": "Người dùng facebook"
        },
        {
            "id": "100079321891426",
            "count": 0,
            "name": "Người dùng facebook"
        },
        {
            "id": "100079634674751",
            "count": 0,
            "name": "Người dùng facebook"
        },
        {
            "id": "100079971783883",
            "count": 0,
            "name": "Người dùng facebook"
        },
        {
            "id": "100080411816308",
            "count": 0,
            "name": "Người dùng facebook"
        },
        {
            "id": "100080426986468",
            "count": 0,
            "name": "Người dùng facebook"
        },
        {
            "id": "100080450116215",
            "count": 0,
            "name": "Người dùng facebook"
        },
        {
            "id": "100080469125492",
            "count": 0,
            "name": "Người dùng facebook"
        },
        {
            "id": "100080711643618",
            "count": 0,
            "name": "Người dùng facebook"
        },
        {
            "id": "100080944822758",
            "count": 0,
            "name": "Người dùng facebook"
        },
        {
            "id": "100081046340291",
            "count": 0,
            "name": "Người dùng facebook"
        },
        {
            "id": "100081123222547",
            "count": 0,
            "name": "Người dùng facebook"
        },
        {
            "id": "100081666354099",
            "count": 0,
            "name": "Người dùng facebook"
        },
        {
            "id": "100081783233514",
            "count": 0,
            "name": "Người dùng facebook"
        },
        {
            "id": "100081809656521",
            "count": 0,
            "name": "Người dùng facebook"
        },
        {
            "id": "100081826637031",
            "count": 0,
            "name": "Người dùng facebook"
        },
        {
            "id": "100082325617941",
            "count": 0,
            "name": "Người dùng facebook"
        },
        {
            "id": "100082508212165",
            "count": 0,
            "name": "Người dùng facebook"
        },
        {
            "id": "100082609502445",
            "count": 0,
            "name": "Người dùng facebook"
        },
        {
            "id": "100083086152131",
            "count": 0,
            "name": "Người dùng facebook"
        },
        {
            "id": "100083305836992",
            "count": 0,
            "name": "Người dùng facebook"
        },
        {
            "id": "100083409258302",
            "count": 0,
            "name": "Người dùng facebook"
        },
        {
            "id": "100083436151549",
            "count": 0,
            "name": "Người dùng facebook"
        },
        {
            "id": "100083536602632",
            "count": 0,
            "name": "Người dùng facebook"
        },
        {
            "id": "100083781757797",
            "count": 0,
            "name": "Người dùng facebook"
        },
        {
            "id": "100084001129081",
            "count": 0,
            "name": "Người dùng facebook"
        },
        {
            "id": "100084012492097",
            "count": 0,
            "name": "Người dùng facebook"
        },
        {
            "id": "100084060154526",
            "count": 0,
            "name": "Người dùng facebook"
        },
        {
            "id": "100084142938554",
            "count": 0,
            "name": "Người dùng facebook"
        },
        {
            "id": "100084200832854",
            "count": 0,
            "name": "Người dùng facebook"
        },
        {
            "id": "100084348936274",
            "count": 0,
            "name": "Người dùng facebook"
        },
        {
            "id": "100084393722511",
            "count": 0,
            "name": "Người dùng facebook"
        },
        {
            "id": "100084433749028",
            "count": 0,
            "name": "Người dùng facebook"
        },
        {
            "id": "100084503012679",
            "count": 0,
            "name": "Người dùng facebook"
        },
        {
            "id": "100084825369434",
            "count": 0,
            "name": "Người dùng facebook"
        },
        {
            "id": "100085149455379",
            "count": 0,
            "name": "Người dùng facebook"
        },
        {
            "id": "100085222467631",
            "count": 0,
            "name": "Người dùng facebook"
        },
        {
            "id": "100085375525657",
            "count": 0,
            "name": "Người dùng facebook"
        },
        {
            "id": "100085449253829",
            "count": 0,
            "name": "Người dùng facebook"
        },
        {
            "id": "100085644248854",
            "count": 0,
            "name": "Người dùng facebook"
        },
        {
            "id": "100085860784180",
            "count": 0,
            "name": "Người dùng facebook"
        },
        {
            "id": "100085885720599",
            "count": 0,
            "name": "Người dùng facebook"
        },
        {
            "id": "100086051217719",
            "count": 0,
            "name": "Người dùng facebook"
        },
        {
            "id": "100086282692784",
            "count": 0,
            "name": "Người dùng facebook"
        },
        {
            "id": "100086306807968",
            "count": 0,
            "name": "Người dùng facebook"
        },
        {
            "id": "100086407416407",
            "count": 0,
            "name": "Người dùng facebook"
        },
        {
            "id": "100086414868334",
            "count": 0,
            "name": "Người dùng facebook"
        },
        {
            "id": "100086423037697",
            "count": 0,
            "name": "Người dùng facebook"
        },
        {
            "id": "100086464001725",
            "count": 0,
            "name": "Người dùng facebook"
        },
        {
            "id": "100086538249981",
            "count": 0,
            "name": "Người dùng facebook"
        },
        {
            "id": "100086661576470",
            "count": 0,
            "name": "Người dùng facebook"
        },
        {
            "id": "100086912786062",
            "count": 0,
            "name": "Người dùng facebook"
        },
        {
            "id": "100086981358024",
            "count": 0,
            "name": "Người dùng facebook"
        },
        {
            "id": "100087153941123",
            "count": 0,
            "name": "Người dùng facebook"
        },
        {
            "id": "100087222125016",
            "count": 0,
            "name": "Người dùng facebook"
        },
        {
            "id": "100087372949287",
            "count": 0,
            "name": "Người dùng facebook"
        },
        {
            "id": "100087373684229",
            "count": 0,
            "name": "Người dùng facebook"
        },
        {
            "id": "100087399078313",
            "count": 0,
            "name": "Người dùng facebook"
        },
        {
            "id": "100087460808077",
            "count": 0,
            "name": "Người dùng facebook"
        },
        {
            "id": "100087537057711",
            "count": 0,
            "name": "Người dùng facebook"
        },
        {
            "id": "100087565734911",
            "count": 0,
            "name": "Người dùng facebook"
        },
        {
            "id": "100087669831678",
            "count": 0,
            "name": "Người dùng facebook"
        },
        {
            "id": "100087738985115",
            "count": 0,
            "name": "Người dùng facebook"
        },
        {
            "id": "100087861806341",
            "count": 0,
            "name": "Người dùng facebook"
        },
        {
            "id": "100087883087033",
            "count": 0,
            "name": "Người dùng facebook"
        },
        {
            "id": "100087886867774",
            "count": 0,
            "name": "Người dùng facebook"
        },
        {
            "id": "100087934945077",
            "count": 0,
            "name": "Người dùng facebook"
        },
        {
            "id": "100087939754948",
            "count": 0,
            "name": "Người dùng facebook"
        },
        {
            "id": "100087973938852",
            "count": 0,
            "name": "Người dùng facebook"
        },
        {
            "id": "100088048545977",
            "count": 0,
            "name": "Người dùng facebook"
        },
        {
            "id": "100088104903485",
            "count": 0,
            "name": "Người dùng facebook"
        },
        {
            "id": "100088122790107",
            "count": 0,
            "name": "Người dùng facebook"
        },
        {
            "id": "100088122792975",
            "count": 0,
            "name": "Người dùng facebook"
        },
        {
            "id": "100088130013876",
            "count": 0,
            "name": "Người dùng facebook"
        },
        {
            "id": "100088146701894",
            "count": 0,
            "name": "Người dùng facebook"
        },
        {
            "id": "100088153569208",
            "count": 0,
            "name": "Người dùng facebook"
        },
        {
            "id": "100088195003283",
            "count": 0,
            "name": "Người dùng facebook"
        },
        {
            "id": "100088253773227",
            "count": 0,
            "name": "Người dùng facebook"
        },
        {
            "id": "100088268557384",
            "count": 0,
            "name": "Người dùng facebook"
        },
        {
            "id": "100088347790192",
            "count": 0,
            "name": "Người dùng facebook"
        },
        {
            "id": "100088415831496",
            "count": 0,
            "name": "Người dùng facebook"
        },
        {
            "id": "100088445310241",
            "count": 0,
            "name": "Người dùng facebook"
        },
        {
            "id": "100031776950445",
            "count": 0,
            "name": "Người dùng facebook"
        },
        {
            "id": "100083523249859",
            "count": 0,
            "name": "Người dùng facebook"
        }
    ],
    "day": [
        {
            "id": "519351813",
            "count": 0,
            "name": "Người dùng facebook"
        },
        {
            "id": "564899464",
            "count": 0,
            "name": "Người dùng facebook"
        },
        {
            "id": "594911976",
            "count": 0,
            "name": "Người dùng facebook"
        },
        {
            "id": "638059458",
            "count": 0,
            "name": "Người dùng facebook"
        },
        {
            "id": "645374480",
            "count": 0,
            "name": "Người dùng facebook"
        },
        {
            "id": "659074832",
            "count": 0,
            "name": "Người dùng facebook"
        },
        {
            "id": "1059665005",
            "count": 0,
            "name": "Người dùng facebook"
        },
        {
            "id": "1104332547",
            "count": 0,
            "name": "Người dùng facebook"
        },
        {
            "id": "1120094974",
            "count": 0,
            "name": "Người dùng facebook"
        },
        {
            "id": "1323280368",
            "count": 0,
            "name": "Người dùng facebook"
        },
        {
            "id": "1454862683",
            "count": 0,
            "name": "Người dùng facebook"
        },
        {
            "id": "1614522045",
            "count": 0,
            "name": "Người dùng facebook"
        },
        {
            "id": "1824145471",
            "count": 0,
            "name": "Người dùng facebook"
        },
        {
            "id": "100000042873942",
            "count": 0,
            "name": "Người dùng facebook"
        },
        {
            "id": "100000194220902",
            "count": 0,
            "name": "Người dùng facebook"
        },
        {
            "id": "100000226437387",
            "count": 0,
            "name": "Người dùng facebook"
        },
        {
            "id": "100001618861686",
            "count": 0,
            "name": "Người dùng facebook"
        },
        {
            "id": "100001630125667",
            "count": 0,
            "name": "Người dùng facebook"
        },
        {
            "id": "100001725180125",
            "count": 0,
            "name": "Người dùng facebook"
        },
        {
            "id": "100001972690213",
            "count": 0,
            "name": "Người dùng facebook"
        },
        {
            "id": "100002000483218",
            "count": 0,
            "name": "Người dùng facebook"
        },
        {
            "id": "100002376341876",
            "count": 0,
            "name": "Người dùng facebook"
        },
        {
            "id": "100003057778375",
            "count": 0,
            "name": "Người dùng facebook"
        },
        {
            "id": "100003653044087",
            "count": 0,
            "name": "Người dùng facebook"
        },
        {
            "id": "100003773832360",
            "count": 0,
            "name": "Người dùng facebook"
        },
        {
            "id": "100005555760733",
            "count": 0,
            "name": "Người dùng facebook"
        },
        {
            "id": "100006302015931",
            "count": 0,
            "name": "Người dùng facebook"
        },
        {
            "id": "100007231937632",
            "count": 0,
            "name": "Người dùng facebook"
        },
        {
            "id": "100008028613823",
            "count": 0,
            "name": "Người dùng facebook"
        },
        {
            "id": "100008126142771",
            "count": 0,
            "name": "Người dùng facebook"
        },
        {
            "id": "100008393138160",
            "count": 0,
            "name": "Người dùng facebook"
        },
        {
            "id": "100011316677958",
            "count": 0,
            "name": "Người dùng facebook"
        },
        {
            "id": "100013240789232",
            "count": 0,
            "name": "Người dùng facebook"
        },
        {
            "id": "100013515091861",
            "count": 0,
            "name": "Người dùng facebook"
        },
        {
            "id": "100015483977398",
            "count": 0,
            "name": "Người dùng facebook"
        },
        {
            "id": "100015748928869",
            "count": 0,
            "name": "Người dùng facebook"
        },
        {
            "id": "100016038339789",
            "count": 0,
            "name": "Người dùng facebook"
        },
        {
            "id": "100022452941700",
            "count": 0,
            "name": "Người dùng facebook"
        },
        {
            "id": "100023847279480",
            "count": 0,
            "name": "Người dùng facebook"
        },
        {
            "id": "100028485001494",
            "count": 0,
            "name": "Người dùng facebook"
        },
        {
            "id": "100029759690353",
            "count": 0,
            "name": "Người dùng facebook"
        },
        {
            "id": "100030129878941",
            "count": 0,
            "name": "Người dùng facebook"
        },
        {
            "id": "100030739264244",
            "count": 0,
            "name": "Người dùng facebook"
        },
        {
            "id": "100030905940923",
            "count": 0,
            "name": "Người dùng facebook"
        },
        {
            "id": "100031177811759",
            "count": 0,
            "name": "Người dùng facebook"
        },
        {
            "id": "100031328081848",
            "count": 0,
            "name": "Người dùng facebook"
        },
        {
            "id": "100033443325957",
            "count": 0,
            "name": "Người dùng facebook"
        },
        {
            "id": "100033474463614",
            "count": 0,
            "name": "Người dùng facebook"
        },
        {
            "id": "100034481143145",
            "count": 0,
            "name": "Người dùng facebook"
        },
        {
            "id": "100034901017661",
            "count": 0,
            "name": "Người dùng facebook"
        },
        {
            "id": "100037034503301",
            "count": 0,
            "name": "Người dùng facebook"
        },
        {
            "id": "100037505382474",
            "count": 0,
            "name": "Người dùng facebook"
        },
        {
            "id": "100039972202267",
            "count": 0,
            "name": "Người dùng facebook"
        },
        {
            "id": "100040188542807",
            "count": 0,
            "name": "Người dùng facebook"
        },
        {
            "id": "100040725735137",
            "count": 0,
            "name": "Người dùng facebook"
        },
        {
            "id": "100043599411958",
            "count": 0,
            "name": "Người dùng facebook"
        },
        {
            "id": "100043741420296",
            "count": 0,
            "name": "Người dùng facebook"
        },
        {
            "id": "100044254913377",
            "count": 0,
            "name": "Người dùng facebook"
        },
        {
            "id": "100045218220798",
            "count": 0,
            "name": "Người dùng facebook"
        },
        {
            "id": "100046613953025",
            "count": 0,
            "name": "Người dùng facebook"
        },
        {
            "id": "100046675163495",
            "count": 0,
            "name": "Người dùng facebook"
        },
        {
            "id": "100047248907485",
            "count": 0,
            "name": "Người dùng facebook"
        },
        {
            "id": "100047871485756",
            "count": 0,
            "name": "Người dùng facebook"
        },
        {
            "id": "100047930521737",
            "count": 0,
            "name": "Người dùng facebook"
        },
        {
            "id": "100049098522461",
            "count": 0,
            "name": "Người dùng facebook"
        },
        {
            "id": "100049220933455",
            "count": 0,
            "name": "Người dùng facebook"
        },
        {
            "id": "100049428095520",
            "count": 0,
            "name": "Người dùng facebook"
        },
        {
            "id": "100049504747087",
            "count": 0,
            "name": "Người dùng facebook"
        },
        {
            "id": "100050340847900",
            "count": 0,
            "name": "Người dùng facebook"
        },
        {
            "id": "100052045502839",
            "count": 0,
            "name": "Người dùng facebook"
        },
        {
            "id": "100052089788051",
            "count": 0,
            "name": "Người dùng facebook"
        },
        {
            "id": "100052416764219",
            "count": 0,
            "name": "Người dùng facebook"
        },
        {
            "id": "100052592406345",
            "count": 0,
            "name": "Người dùng facebook"
        },
        {
            "id": "100052643627062",
            "count": 0,
            "name": "Người dùng facebook"
        },
        {
            "id": "100053324123780",
            "count": 0,
            "name": "Người dùng facebook"
        },
        {
            "id": "100053472347776",
            "count": 0,
            "name": "Người dùng facebook"
        },
        {
            "id": "100053725963053",
            "count": 0,
            "name": "Người dùng facebook"
        },
        {
            "id": "100053846661623",
            "count": 0,
            "name": "Người dùng facebook"
        },
        {
            "id": "100054174918359",
            "count": 0,
            "name": "Người dùng facebook"
        },
        {
            "id": "100054383087232",
            "count": 0,
            "name": "Người dùng facebook"
        },
        {
            "id": "100054420691494",
            "count": 0,
            "name": "Người dùng facebook"
        },
        {
            "id": "100054999685979",
            "count": 0,
            "name": "Người dùng facebook"
        },
        {
            "id": "100055584205634",
            "count": 0,
            "name": "Người dùng facebook"
        },
        {
            "id": "100056865279847",
            "count": 0,
            "name": "Người dùng facebook"
        },
        {
            "id": "100057077591917",
            "count": 0,
            "name": "Người dùng facebook"
        },
        {
            "id": "100059836093572",
            "count": 0,
            "name": "Người dùng facebook"
        },
        {
            "id": "100059990731114",
            "count": 0,
            "name": "Người dùng facebook"
        },
        {
            "id": "100060392562253",
            "count": 0,
            "name": "Người dùng facebook"
        },
        {
            "id": "100061064125222",
            "count": 0,
            "name": "Người dùng facebook"
        },
        {
            "id": "100061250687139",
            "count": 0,
            "name": "Người dùng facebook"
        },
        {
            "id": "100062394364766",
            "count": 0,
            "name": "Người dùng facebook"
        },
        {
            "id": "100063052604293",
            "count": 0,
            "name": "Người dùng facebook"
        },
        {
            "id": "100063055716496",
            "count": 0,
            "name": "Người dùng facebook"
        },
        {
            "id": "100063157174954",
            "count": 0,
            "name": "Người dùng facebook"
        },
        {
            "id": "100064289821916",
            "count": 0,
            "name": "Người dùng facebook"
        },
        {
            "id": "100064324534871",
            "count": 0,
            "name": "Người dùng facebook"
        },
        {
            "id": "100064911476832",
            "count": 0,
            "name": "Người dùng facebook"
        },
        {
            "id": "100065278722353",
            "count": 0,
            "name": "Người dùng facebook"
        },
        {
            "id": "100066105248987",
            "count": 0,
            "name": "Người dùng facebook"
        },
        {
            "id": "100066477554365",
            "count": 0,
            "name": "Người dùng facebook"
        },
        {
            "id": "100066656912107",
            "count": 0,
            "name": "Người dùng facebook"
        },
        {
            "id": "100067527583086",
            "count": 0,
            "name": "Người dùng facebook"
        },
        {
            "id": "100067846841315",
            "count": 0,
            "name": "Người dùng facebook"
        },
        {
            "id": "100068094648405",
            "count": 0,
            "name": "Người dùng facebook"
        },
        {
            "id": "100069414702165",
            "count": 0,
            "name": "Người dùng facebook"
        },
        {
            "id": "100069591727298",
            "count": 0,
            "name": "Người dùng facebook"
        },
        {
            "id": "100069991430956",
            "count": 0,
            "name": "Người dùng facebook"
        },
        {
            "id": "100070398167461",
            "count": 0,
            "name": "Người dùng facebook"
        },
        {
            "id": "100070614632963",
            "count": 0,
            "name": "Người dùng facebook"
        },
        {
            "id": "100070797393421",
            "count": 0,
            "name": "Người dùng facebook"
        },
        {
            "id": "100071176401585",
            "count": 0,
            "name": "Người dùng facebook"
        },
        {
            "id": "100071551519796",
            "count": 0,
            "name": "Người dùng facebook"
        },
        {
            "id": "100071701786293",
            "count": 0,
            "name": "Người dùng facebook"
        },
        {
            "id": "100071790040742",
            "count": 0,
            "name": "Người dùng facebook"
        },
        {
            "id": "100072450956524",
            "count": 0,
            "name": "Người dùng facebook"
        },
        {
            "id": "100072706237399",
            "count": 0,
            "name": "Người dùng facebook"
        },
        {
            "id": "100073078354482",
            "count": 0,
            "name": "Người dùng facebook"
        },
        {
            "id": "100073099545507",
            "count": 0,
            "name": "Người dùng facebook"
        },
        {
            "id": "100073134795262",
            "count": 0,
            "name": "Người dùng facebook"
        },
        {
            "id": "100073213621707",
            "count": 0,
            "name": "Người dùng facebook"
        },
        {
            "id": "100073643380933",
            "count": 0,
            "name": "Người dùng facebook"
        },
        {
            "id": "100073860351769",
            "count": 0,
            "name": "Người dùng facebook"
        },
        {
            "id": "100073950640931",
            "count": 0,
            "name": "Người dùng facebook"
        },
        {
            "id": "100074054913248",
            "count": 0,
            "name": "Người dùng facebook"
        },
        {
            "id": "100074350186845",
            "count": 0,
            "name": "Người dùng facebook"
        },
        {
            "id": "100074413418656",
            "count": 0,
            "name": "Người dùng facebook"
        },
        {
            "id": "100074994819589",
            "count": 0,
            "name": "Người dùng facebook"
        },
        {
            "id": "100075074230631",
            "count": 0,
            "name": "Người dùng facebook"
        },
        {
            "id": "100075142261448",
            "count": 0,
            "name": "Người dùng facebook"
        },
        {
            "id": "100075181953363",
            "count": 0,
            "name": "Người dùng facebook"
        },
        {
            "id": "100075958170050",
            "count": 0,
            "name": "Người dùng facebook"
        },
        {
            "id": "100076836822801",
            "count": 0,
            "name": "Người dùng facebook"
        },
        {
            "id": "100076970650324",
            "count": 0,
            "name": "Người dùng facebook"
        },
        {
            "id": "100077266760823",
            "count": 0,
            "name": "Người dùng facebook"
        },
        {
            "id": "100077390754841",
            "count": 0,
            "name": "Người dùng facebook"
        },
        {
            "id": "100077481249570",
            "count": 0,
            "name": "Người dùng facebook"
        },
        {
            "id": "100077485098695",
            "count": 0,
            "name": "Người dùng facebook"
        },
        {
            "id": "100077485810189",
            "count": 0,
            "name": "Người dùng facebook"
        },
        {
            "id": "100077513388880",
            "count": 0,
            "name": "Người dùng facebook"
        },
        {
            "id": "100077589654406",
            "count": 0,
            "name": "Người dùng facebook"
        },
        {
            "id": "100077847833182",
            "count": 0,
            "name": "Người dùng facebook"
        },
        {
            "id": "100078853437427",
            "count": 0,
            "name": "Người dùng facebook"
        },
        {
            "id": "100078867168074",
            "count": 0,
            "name": "Người dùng facebook"
        },
        {
            "id": "100078869120192",
            "count": 0,
            "name": "Người dùng facebook"
        },
        {
            "id": "100079013521660",
            "count": 0,
            "name": "Người dùng facebook"
        },
        {
            "id": "100079134768735",
            "count": 0,
            "name": "Người dùng facebook"
        },
        {
            "id": "100079321891426",
            "count": 0,
            "name": "Người dùng facebook"
        },
        {
            "id": "100079634674751",
            "count": 0,
            "name": "Người dùng facebook"
        },
        {
            "id": "100079971783883",
            "count": 0,
            "name": "Người dùng facebook"
        },
        {
            "id": "100080411816308",
            "count": 0,
            "name": "Người dùng facebook"
        },
        {
            "id": "100080426986468",
            "count": 0,
            "name": "Người dùng facebook"
        },
        {
            "id": "100080450116215",
            "count": 0,
            "name": "Người dùng facebook"
        },
        {
            "id": "100080469125492",
            "count": 0,
            "name": "Người dùng facebook"
        },
        {
            "id": "100080711643618",
            "count": 0,
            "name": "Người dùng facebook"
        },
        {
            "id": "100080944822758",
            "count": 0,
            "name": "Người dùng facebook"
        },
        {
            "id": "100081046340291",
            "count": 0,
            "name": "Người dùng facebook"
        },
        {
            "id": "100081123222547",
            "count": 0,
            "name": "Người dùng facebook"
        },
        {
            "id": "100081666354099",
            "count": 0,
            "name": "Người dùng facebook"
        },
        {
            "id": "100081783233514",
            "count": 0,
            "name": "Người dùng facebook"
        },
        {
            "id": "100081809656521",
            "count": 0,
            "name": "Người dùng facebook"
        },
        {
            "id": "100081826637031",
            "count": 0,
            "name": "Người dùng facebook"
        },
        {
            "id": "100082325617941",
            "count": 0,
            "name": "Người dùng facebook"
        },
        {
            "id": "100082508212165",
            "count": 0,
            "name": "Người dùng facebook"
        },
        {
            "id": "100082609502445",
            "count": 0,
            "name": "Người dùng facebook"
        },
        {
            "id": "100083086152131",
            "count": 0,
            "name": "Người dùng facebook"
        },
        {
            "id": "100083305836992",
            "count": 0,
            "name": "Người dùng facebook"
        },
        {
            "id": "100083409258302",
            "count": 0,
            "name": "Người dùng facebook"
        },
        {
            "id": "100083436151549",
            "count": 0,
            "name": "Người dùng facebook"
        },
        {
            "id": "100083536602632",
            "count": 0,
            "name": "Người dùng facebook"
        },
        {
            "id": "100083781757797",
            "count": 0,
            "name": "Người dùng facebook"
        },
        {
            "id": "100084001129081",
            "count": 0,
            "name": "Người dùng facebook"
        },
        {
            "id": "100084012492097",
            "count": 0,
            "name": "Người dùng facebook"
        },
        {
            "id": "100084060154526",
            "count": 0,
            "name": "Người dùng facebook"
        },
        {
            "id": "100084142938554",
            "count": 0,
            "name": "Người dùng facebook"
        },
        {
            "id": "100084200832854",
            "count": 0,
            "name": "Người dùng facebook"
        },
        {
            "id": "100084348936274",
            "count": 0,
            "name": "Người dùng facebook"
        },
        {
            "id": "100084393722511",
            "count": 0,
            "name": "Người dùng facebook"
        },
        {
            "id": "100084433749028",
            "count": 0,
            "name": "Người dùng facebook"
        },
        {
            "id": "100084503012679",
            "count": 0,
            "name": "Người dùng facebook"
        },
        {
            "id": "100084825369434",
            "count": 0,
            "name": "Người dùng facebook"
        },
        {
            "id": "100085149455379",
            "count": 0,
            "name": "Người dùng facebook"
        },
        {
            "id": "100085222467631",
            "count": 0,
            "name": "Người dùng facebook"
        },
        {
            "id": "100085375525657",
            "count": 0,
            "name": "Người dùng facebook"
        },
        {
            "id": "100085449253829",
            "count": 0,
            "name": "Người dùng facebook"
        },
        {
            "id": "100085644248854",
            "count": 0,
            "name": "Người dùng facebook"
        },
        {
            "id": "100085860784180",
            "count": 0,
            "name": "Người dùng facebook"
        },
        {
            "id": "100085885720599",
            "count": 0,
            "name": "Người dùng facebook"
        },
        {
            "id": "100086051217719",
            "count": 0,
            "name": "Người dùng facebook"
        },
        {
            "id": "100086282692784",
            "count": 0,
            "name": "Người dùng facebook"
        },
        {
            "id": "100086306807968",
            "count": 0,
            "name": "Người dùng facebook"
        },
        {
            "id": "100086407416407",
            "count": 0,
            "name": "Người dùng facebook"
        },
        {
            "id": "100086414868334",
            "count": 0,
            "name": "Người dùng facebook"
        },
        {
            "id": "100086423037697",
            "count": 0,
            "name": "Người dùng facebook"
        },
        {
            "id": "100086464001725",
            "count": 0,
            "name": "Người dùng facebook"
        },
        {
            "id": "100086538249981",
            "count": 0,
            "name": "Người dùng facebook"
        },
        {
            "id": "100086661576470",
            "count": 0,
            "name": "Người dùng facebook"
        },
        {
            "id": "100086912786062",
            "count": 0,
            "name": "Người dùng facebook"
        },
        {
            "id": "100086981358024",
            "count": 0,
            "name": "Người dùng facebook"
        },
        {
            "id": "100087153941123",
            "count": 0,
            "name": "Người dùng facebook"
        },
        {
            "id": "100087222125016",
            "count": 0,
            "name": "Người dùng facebook"
        },
        {
            "id": "100087372949287",
            "count": 0,
            "name": "Người dùng facebook"
        },
        {
            "id": "100087373684229",
            "count": 0,
            "name": "Người dùng facebook"
        },
        {
            "id": "100087399078313",
            "count": 0,
            "name": "Người dùng facebook"
        },
        {
            "id": "100087460808077",
            "count": 0,
            "name": "Người dùng facebook"
        },
        {
            "id": "100087537057711",
            "count": 0,
            "name": "Người dùng facebook"
        },
        {
            "id": "100087565734911",
            "count": 0,
            "name": "Người dùng facebook"
        },
        {
            "id": "100087669831678",
            "count": 0,
            "name": "Người dùng facebook"
        },
        {
            "id": "100087738985115",
            "count": 0,
            "name": "Người dùng facebook"
        },
        {
            "id": "100087861806341",
            "count": 0,
            "name": "Người dùng facebook"
        },
        {
            "id": "100087883087033",
            "count": 0,
            "name": "Người dùng facebook"
        },
        {
            "id": "100087886867774",
            "count": 0,
            "name": "Người dùng facebook"
        },
        {
            "id": "100087934945077",
            "count": 0,
            "name": "Người dùng facebook"
        },
        {
            "id": "100087939754948",
            "count": 0,
            "name": "Người dùng facebook"
        },
        {
            "id": "100087973938852",
            "count": 0,
            "name": "Người dùng facebook"
        },
        {
            "id": "100088048545977",
            "count": 0,
            "name": "Người dùng facebook"
        },
        {
            "id": "100088104903485",
            "count": 0,
            "name": "Người dùng facebook"
        },
        {
            "id": "100088122790107",
            "count": 0,
            "name": "Người dùng facebook"
        },
        {
            "id": "100088122792975",
            "count": 0,
            "name": "Người dùng facebook"
        },
        {
            "id": "100088130013876",
            "count": 0,
            "name": "Người dùng facebook"
        },
        {
            "id": "100088146701894",
            "count": 0,
            "name": "Người dùng facebook"
        },
        {
            "id": "100088153569208",
            "count": 0,
            "name": "Người dùng facebook"
        },
        {
            "id": "100088195003283",
            "count": 0,
            "name": "Người dùng facebook"
        },
        {
            "id": "100088253773227",
            "count": 0,
            "name": "Người dùng facebook"
        },
        {
            "id": "100088268557384",
            "count": 0,
            "name": "Người dùng facebook"
        },
        {
            "id": "100088347790192",
            "count": 0,
            "name": "Người dùng facebook"
        },
        {
            "id": "100088415831496",
            "count": 0,
            "name": "Người dùng facebook"
        },
        {
            "id": "100088445310241",
            "count": 0,
            "name": "Người dùng facebook"
        },
        {
            "id": "100031776950445",
            "count": 0,
            "name": "Người dùng facebook"
        },
        {
            "id": "100083523249859",
            "count": 0,
            "name": "Người dùng facebook"
        }
    ],
    "time": 6
}