{
    "total": [
        {
            "id": "100005007965004",
            "count": 0
        },
        {
            "id": "100005921221831",
            "count": 22
        },
        {
            "id": "100056824850431",
            "count": 23
        },
        {
            "id": "609690991",
            "count": 12
        }
    ],
    "week": [
        {
            "id": "100005007965004",
            "count": 0
        },
        {
            "id": "100005921221831",
            "count": 22
        },
        {
            "id": "100056824850431",
            "count": 23
        },
        {
            "id": "609690991",
            "count": 12
        }
    ],
    "day": [
        {
            "id": "100005007965004",
            "count": 0
        },
        {
            "id": "100005921221831",
            "count": 22
        },
        {
            "id": "100056824850431",
            "count": 23
        },
        {
            "id": "609690991",
            "count": 12
        }
    ],
    "time": 6
}