{
    "total": [
        {
            "id": "100002317277047",
            "count": 8
        },
        {
            "id": "100068940754681",
            "count": 5
        },
        {
            "id": "100071883787072",
            "count": 0
        }
    ],
    "week": [
        {
            "id": "100002317277047",
            "count": 0,
            "name": "Người dùng facebook"
        },
        {
            "id": "100068940754681",
            "count": 0,
            "name": "Người dùng facebook"
        },
        {
            "id": "100071883787072",
            "count": 0,
            "name": "Người dùng facebook"
        }
    ],
    "day": [
        {
            "id": "100002317277047",
            "count": 0,
            "name": "Người dùng facebook"
        },
        {
            "id": "100068940754681",
            "count": 0,
            "name": "Người dùng facebook"
        },
        {
            "id": "100071883787072",
            "count": 0,
            "name": "Người dùng facebook"
        }
    ],
    "time": 6
}