{
    "total": [
        {
            "id": "100004648476021",
            "count": 0
        },
        {
            "id": "100023250277879",
            "count": 29
        },
        {
            "id": "100027309649854",
            "count": 19
        },
        {
            "id": "100028635814343",
            "count": 1
        },
        {
            "id": "100028889825502",
            "count": 0
        },
        {
            "id": "100035920281658",
            "count": 0
        },
        {
            "id": "100036061700917",
            "count": 0
        },
        {
            "id": "100036722564155",
            "count": 0
        },
        {
            "id": "100038532674392",
            "count": 0
        },
        {
            "id": "100040242571607",
            "count": 0
        },
        {
            "id": "100040979592446",
            "count": 0
        },
        {
            "id": "100041130578899",
            "count": 0
        },
        {
            "id": "100042309671586",
            "count": 0
        },
        {
            "id": "100043054633442",
            "count": 0
        },
        {
            "id": "100045484424267",
            "count": 0
        },
        {
            "id": "100047002161610",
            "count": 0
        },
        {
            "id": "100047634816055",
            "count": 5
        },
        {
            "id": "100048283202384",
            "count": 0
        },
        {
            "id": "100048663520665",
            "count": 36
        },
        {
            "id": "100049138809948",
            "count": 0
        },
        {
            "id": "100049509321150",
            "count": 0
        },
        {
            "id": "100049937363544",
            "count": 0
        },
        {
            "id": "100050135153089",
            "count": 24
        },
        {
            "id": "100050685814318",
            "count": 0
        },
        {
            "id": "100050844021146",
            "count": 0
        },
        {
            "id": "100051560383153",
            "count": 0
        },
        {
            "id": "100051606084925",
            "count": 6
        },
        {
            "id": "100051869594156",
            "count": 0
        },
        {
            "id": "100052618301774",
            "count": 0
        },
        {
            "id": "100052897369497",
            "count": 0
        },
        {
            "id": "100053887844833",
            "count": 0
        },
        {
            "id": "100054216365667",
            "count": 0
        },
        {
            "id": "100054460359106",
            "count": 8
        },
        {
            "id": "100054871690306",
            "count": 0
        },
        {
            "id": "100055047124904",
            "count": 0
        },
        {
            "id": "100055428064319",
            "count": 10
        },
        {
            "id": "100055588823761",
            "count": 0
        },
        {
            "id": "100056140716260",
            "count": 0
        },
        {
            "id": "100056732205328",
            "count": 0
        },
        {
            "id": "100057229590869",
            "count": 0
        },
        {
            "id": "100057691500748",
            "count": 5
        },
        {
            "id": "100059220807238",
            "count": 0
        },
        {
            "id": "100059884965229",
            "count": 0
        },
        {
            "id": "100060174647028",
            "count": 0
        },
        {
            "id": "100060689173854",
            "count": 0
        },
        {
            "id": "100060792463852",
            "count": 0
        },
        {
            "id": "100062270332348",
            "count": 0
        },
        {
            "id": "100063404575061",
            "count": 0
        },
        {
            "id": "100063494746380",
            "count": 0
        },
        {
            "id": "100063533871848",
            "count": 0
        },
        {
            "id": "100064806024194",
            "count": 0
        },
        {
            "id": "100065087619702",
            "count": 0
        },
        {
            "id": "100065544840861",
            "count": 0
        },
        {
            "id": "100065730401743",
            "count": 0
        },
        {
            "id": "100066599035419",
            "count": 0
        },
        {
            "id": "100066681432819",
            "count": 0
        },
        {
            "id": "100066725502192",
            "count": 0
        },
        {
            "id": "100067568567943",
            "count": 0
        },
        {
            "id": "100067748246498",
            "count": 0
        },
        {
            "id": "100068007827812",
            "count": 0
        },
        {
            "id": "100068023713325",
            "count": 0
        },
        {
            "id": "100069766058173",
            "count": 0
        },
        {
            "id": "100070748465463",
            "count": 1
        },
        {
            "id": "100070822240548",
            "count": 0
        },
        {
            "id": "100071870736074",
            "count": 0
        },
        {
            "id": "100072394878351",
            "count": 0
        },
        {
            "id": "100072421717632",
            "count": 0
        },
        {
            "id": "100073101444448",
            "count": 0
        },
        {
            "id": "100073228715950",
            "count": 2
        },
        {
            "id": "100073421827951",
            "count": 8
        },
        {
            "id": "100073464967682",
            "count": 0
        },
        {
            "id": "100073478650845",
            "count": 0
        },
        {
            "id": "100073510311574",
            "count": 0
        },
        {
            "id": "100073870427671",
            "count": 0
        },
        {
            "id": "100074034888637",
            "count": 0
        },
        {
            "id": "100074134582077",
            "count": 0
        },
        {
            "id": "100074311191271",
            "count": 0
        },
        {
            "id": "100074338909482",
            "count": 1
        },
        {
            "id": "100074367157757",
            "count": 0
        },
        {
            "id": "100074390623918",
            "count": 0
        },
        {
            "id": "100074712870883",
            "count": 0
        },
        {
            "id": "100074732611678",
            "count": 0
        },
        {
            "id": "100074797743967",
            "count": 0
        },
        {
            "id": "100074871604790",
            "count": 0
        },
        {
            "id": "100074952279422",
            "count": 0
        },
        {
            "id": "100075056087767",
            "count": 0
        },
        {
            "id": "100075147336598",
            "count": 6
        },
        {
            "id": "100075156459455",
            "count": 13
        },
        {
            "id": "100075785145161",
            "count": 0
        },
        {
            "id": "100075785947518",
            "count": 0
        },
        {
            "id": "100075789391069",
            "count": 0
        },
        {
            "id": "100075938197804",
            "count": 1
        },
        {
            "id": "100076001435057",
            "count": 0
        },
        {
            "id": "100076264590975",
            "count": 0
        },
        {
            "id": "100076277287571",
            "count": 0
        },
        {
            "id": "100076305849468",
            "count": 0
        },
        {
            "id": "100076311653125",
            "count": 0
        },
        {
            "id": "100076399819771",
            "count": 0
        },
        {
            "id": "100076520006534",
            "count": 0
        },
        {
            "id": "100076625587355",
            "count": 0
        },
        {
            "id": "100076626886948",
            "count": 0
        },
        {
            "id": "100076654603241",
            "count": 0
        },
        {
            "id": "100076669483005",
            "count": 0
        },
        {
            "id": "100076704153031",
            "count": 0
        },
        {
            "id": "100076727224580",
            "count": 0
        },
        {
            "id": "100076966382364",
            "count": 0
        },
        {
            "id": "100077232852536",
            "count": 12
        },
        {
            "id": "100077250283544",
            "count": 0
        },
        {
            "id": "100077295008507",
            "count": 0
        },
        {
            "id": "100077343759524",
            "count": 0
        },
        {
            "id": "100077441500384",
            "count": 1
        },
        {
            "id": "100077761951901",
            "count": 0
        },
        {
            "id": "100077829010744",
            "count": 1
        },
        {
            "id": "100078042410312",
            "count": 0
        },
        {
            "id": "100078454021357",
            "count": 0
        },
        {
            "id": "100078481570742",
            "count": 0
        },
        {
            "id": "100078725434744",
            "count": 0
        },
        {
            "id": "100078753050948",
            "count": 17
        },
        {
            "id": "100078794554089",
            "count": 0
        },
        {
            "id": "100078824065138",
            "count": 15
        },
        {
            "id": "100078940436692",
            "count": 0
        },
        {
            "id": "100078965980214",
            "count": 3
        },
        {
            "id": "100079208708421",
            "count": 0
        },
        {
            "id": "100079511259944",
            "count": 0
        },
        {
            "id": "100079540866344",
            "count": 0
        },
        {
            "id": "100080102869683",
            "count": 0
        },
        {
            "id": "100080161182168",
            "count": 0
        },
        {
            "id": "100080210349305",
            "count": 0
        },
        {
            "id": "100080352397033",
            "count": 0
        },
        {
            "id": "100080380732410",
            "count": 0
        },
        {
            "id": "100080580593401",
            "count": 6
        },
        {
            "id": "100080727468895",
            "count": 0
        },
        {
            "id": "100081004976608",
            "count": 0
        },
        {
            "id": "100081084921010",
            "count": 0
        },
        {
            "id": "100081096140479",
            "count": 0
        },
        {
            "id": "100081338307512",
            "count": 0
        },
        {
            "id": "100082024718920",
            "count": 10
        }
    ],
    "week": [
        {
            "id": "100004648476021",
            "count": 0,
            "name": "Người dùng facebook"
        },
        {
            "id": "100023250277879",
            "count": 0,
            "name": "Người dùng facebook"
        },
        {
            "id": "100027309649854",
            "count": 0,
            "name": "Người dùng facebook"
        },
        {
            "id": "100028635814343",
            "count": 0,
            "name": "Người dùng facebook"
        },
        {
            "id": "100028889825502",
            "count": 0,
            "name": "Người dùng facebook"
        },
        {
            "id": "100035920281658",
            "count": 0,
            "name": "Người dùng facebook"
        },
        {
            "id": "100036061700917",
            "count": 0,
            "name": "Người dùng facebook"
        },
        {
            "id": "100036722564155",
            "count": 0,
            "name": "Người dùng facebook"
        },
        {
            "id": "100038532674392",
            "count": 0,
            "name": "Người dùng facebook"
        },
        {
            "id": "100040242571607",
            "count": 0,
            "name": "Người dùng facebook"
        },
        {
            "id": "100040979592446",
            "count": 0,
            "name": "Người dùng facebook"
        },
        {
            "id": "100041130578899",
            "count": 0,
            "name": "Người dùng facebook"
        },
        {
            "id": "100042309671586",
            "count": 0,
            "name": "Người dùng facebook"
        },
        {
            "id": "100043054633442",
            "count": 0,
            "name": "Người dùng facebook"
        },
        {
            "id": "100045484424267",
            "count": 0,
            "name": "Người dùng facebook"
        },
        {
            "id": "100047002161610",
            "count": 0,
            "name": "Người dùng facebook"
        },
        {
            "id": "100047634816055",
            "count": 0,
            "name": "Người dùng facebook"
        },
        {
            "id": "100048283202384",
            "count": 0,
            "name": "Người dùng facebook"
        },
        {
            "id": "100048663520665",
            "count": 0,
            "name": "Người dùng facebook"
        },
        {
            "id": "100049138809948",
            "count": 0,
            "name": "Người dùng facebook"
        },
        {
            "id": "100049509321150",
            "count": 0,
            "name": "Người dùng facebook"
        },
        {
            "id": "100049937363544",
            "count": 0,
            "name": "Người dùng facebook"
        },
        {
            "id": "100050135153089",
            "count": 0,
            "name": "Người dùng facebook"
        },
        {
            "id": "100050685814318",
            "count": 0,
            "name": "Người dùng facebook"
        },
        {
            "id": "100050844021146",
            "count": 0,
            "name": "Người dùng facebook"
        },
        {
            "id": "100051560383153",
            "count": 0,
            "name": "Người dùng facebook"
        },
        {
            "id": "100051606084925",
            "count": 0,
            "name": "Người dùng facebook"
        },
        {
            "id": "100051869594156",
            "count": 0,
            "name": "Người dùng facebook"
        },
        {
            "id": "100052618301774",
            "count": 0,
            "name": "Người dùng facebook"
        },
        {
            "id": "100052897369497",
            "count": 0,
            "name": "Người dùng facebook"
        },
        {
            "id": "100053887844833",
            "count": 0,
            "name": "Người dùng facebook"
        },
        {
            "id": "100054216365667",
            "count": 0,
            "name": "Người dùng facebook"
        },
        {
            "id": "100054460359106",
            "count": 0,
            "name": "Người dùng facebook"
        },
        {
            "id": "100054871690306",
            "count": 0,
            "name": "Người dùng facebook"
        },
        {
            "id": "100055047124904",
            "count": 0,
            "name": "Người dùng facebook"
        },
        {
            "id": "100055428064319",
            "count": 0,
            "name": "Người dùng facebook"
        },
        {
            "id": "100055588823761",
            "count": 0,
            "name": "Người dùng facebook"
        },
        {
            "id": "100056140716260",
            "count": 0,
            "name": "Người dùng facebook"
        },
        {
            "id": "100056732205328",
            "count": 0,
            "name": "Người dùng facebook"
        },
        {
            "id": "100057229590869",
            "count": 0,
            "name": "Người dùng facebook"
        },
        {
            "id": "100057691500748",
            "count": 0,
            "name": "Người dùng facebook"
        },
        {
            "id": "100059220807238",
            "count": 0,
            "name": "Người dùng facebook"
        },
        {
            "id": "100059884965229",
            "count": 0,
            "name": "Người dùng facebook"
        },
        {
            "id": "100060174647028",
            "count": 0,
            "name": "Người dùng facebook"
        },
        {
            "id": "100060689173854",
            "count": 0,
            "name": "Người dùng facebook"
        },
        {
            "id": "100060792463852",
            "count": 0,
            "name": "Người dùng facebook"
        },
        {
            "id": "100062270332348",
            "count": 0,
            "name": "Người dùng facebook"
        },
        {
            "id": "100063404575061",
            "count": 0,
            "name": "Người dùng facebook"
        },
        {
            "id": "100063494746380",
            "count": 0,
            "name": "Người dùng facebook"
        },
        {
            "id": "100063533871848",
            "count": 0,
            "name": "Người dùng facebook"
        },
        {
            "id": "100064806024194",
            "count": 0,
            "name": "Người dùng facebook"
        },
        {
            "id": "100065087619702",
            "count": 0,
            "name": "Người dùng facebook"
        },
        {
            "id": "100065544840861",
            "count": 0,
            "name": "Người dùng facebook"
        },
        {
            "id": "100065730401743",
            "count": 0,
            "name": "Người dùng facebook"
        },
        {
            "id": "100066599035419",
            "count": 0,
            "name": "Người dùng facebook"
        },
        {
            "id": "100066681432819",
            "count": 0,
            "name": "Người dùng facebook"
        },
        {
            "id": "100066725502192",
            "count": 0,
            "name": "Người dùng facebook"
        },
        {
            "id": "100067568567943",
            "count": 0,
            "name": "Người dùng facebook"
        },
        {
            "id": "100067748246498",
            "count": 0,
            "name": "Người dùng facebook"
        },
        {
            "id": "100068007827812",
            "count": 0,
            "name": "Người dùng facebook"
        },
        {
            "id": "100068023713325",
            "count": 0,
            "name": "Người dùng facebook"
        },
        {
            "id": "100069766058173",
            "count": 0,
            "name": "Người dùng facebook"
        },
        {
            "id": "100070748465463",
            "count": 0,
            "name": "Người dùng facebook"
        },
        {
            "id": "100070822240548",
            "count": 0,
            "name": "Người dùng facebook"
        },
        {
            "id": "100071870736074",
            "count": 0,
            "name": "Người dùng facebook"
        },
        {
            "id": "100072394878351",
            "count": 0,
            "name": "Người dùng facebook"
        },
        {
            "id": "100072421717632",
            "count": 0,
            "name": "Người dùng facebook"
        },
        {
            "id": "100073101444448",
            "count": 0,
            "name": "Người dùng facebook"
        },
        {
            "id": "100073228715950",
            "count": 0,
            "name": "Người dùng facebook"
        },
        {
            "id": "100073421827951",
            "count": 0,
            "name": "Người dùng facebook"
        },
        {
            "id": "100073464967682",
            "count": 0,
            "name": "Người dùng facebook"
        },
        {
            "id": "100073478650845",
            "count": 0,
            "name": "Người dùng facebook"
        },
        {
            "id": "100073510311574",
            "count": 0,
            "name": "Người dùng facebook"
        },
        {
            "id": "100073870427671",
            "count": 0,
            "name": "Người dùng facebook"
        },
        {
            "id": "100074034888637",
            "count": 0,
            "name": "Người dùng facebook"
        },
        {
            "id": "100074134582077",
            "count": 0,
            "name": "Người dùng facebook"
        },
        {
            "id": "100074311191271",
            "count": 0,
            "name": "Người dùng facebook"
        },
        {
            "id": "100074338909482",
            "count": 0,
            "name": "Người dùng facebook"
        },
        {
            "id": "100074367157757",
            "count": 0,
            "name": "Người dùng facebook"
        },
        {
            "id": "100074390623918",
            "count": 0,
            "name": "Người dùng facebook"
        },
        {
            "id": "100074712870883",
            "count": 0,
            "name": "Người dùng facebook"
        },
        {
            "id": "100074732611678",
            "count": 0,
            "name": "Người dùng facebook"
        },
        {
            "id": "100074797743967",
            "count": 0,
            "name": "Người dùng facebook"
        },
        {
            "id": "100074871604790",
            "count": 0,
            "name": "Người dùng facebook"
        },
        {
            "id": "100074952279422",
            "count": 0,
            "name": "Người dùng facebook"
        },
        {
            "id": "100075056087767",
            "count": 0,
            "name": "Người dùng facebook"
        },
        {
            "id": "100075147336598",
            "count": 0,
            "name": "Người dùng facebook"
        },
        {
            "id": "100075156459455",
            "count": 0,
            "name": "Người dùng facebook"
        },
        {
            "id": "100075785145161",
            "count": 0,
            "name": "Người dùng facebook"
        },
        {
            "id": "100075785947518",
            "count": 0,
            "name": "Người dùng facebook"
        },
        {
            "id": "100075789391069",
            "count": 0,
            "name": "Người dùng facebook"
        },
        {
            "id": "100075938197804",
            "count": 0,
            "name": "Người dùng facebook"
        },
        {
            "id": "100076001435057",
            "count": 0,
            "name": "Người dùng facebook"
        },
        {
            "id": "100076264590975",
            "count": 0,
            "name": "Người dùng facebook"
        },
        {
            "id": "100076277287571",
            "count": 0,
            "name": "Người dùng facebook"
        },
        {
            "id": "100076305849468",
            "count": 0,
            "name": "Người dùng facebook"
        },
        {
            "id": "100076311653125",
            "count": 0,
            "name": "Người dùng facebook"
        },
        {
            "id": "100076399819771",
            "count": 0,
            "name": "Người dùng facebook"
        },
        {
            "id": "100076520006534",
            "count": 0,
            "name": "Người dùng facebook"
        },
        {
            "id": "100076625587355",
            "count": 0,
            "name": "Người dùng facebook"
        },
        {
            "id": "100076626886948",
            "count": 0,
            "name": "Người dùng facebook"
        },
        {
            "id": "100076654603241",
            "count": 0,
            "name": "Người dùng facebook"
        },
        {
            "id": "100076669483005",
            "count": 0,
            "name": "Người dùng facebook"
        },
        {
            "id": "100076704153031",
            "count": 0,
            "name": "Người dùng facebook"
        },
        {
            "id": "100076727224580",
            "count": 0,
            "name": "Người dùng facebook"
        },
        {
            "id": "100076966382364",
            "count": 0,
            "name": "Người dùng facebook"
        },
        {
            "id": "100077232852536",
            "count": 0,
            "name": "Người dùng facebook"
        },
        {
            "id": "100077250283544",
            "count": 0,
            "name": "Người dùng facebook"
        },
        {
            "id": "100077295008507",
            "count": 0,
            "name": "Người dùng facebook"
        },
        {
            "id": "100077343759524",
            "count": 0,
            "name": "Người dùng facebook"
        },
        {
            "id": "100077441500384",
            "count": 0,
            "name": "Người dùng facebook"
        },
        {
            "id": "100077761951901",
            "count": 0,
            "name": "Người dùng facebook"
        },
        {
            "id": "100077829010744",
            "count": 0,
            "name": "Người dùng facebook"
        },
        {
            "id": "100078042410312",
            "count": 0,
            "name": "Người dùng facebook"
        },
        {
            "id": "100078454021357",
            "count": 0,
            "name": "Người dùng facebook"
        },
        {
            "id": "100078481570742",
            "count": 0,
            "name": "Người dùng facebook"
        },
        {
            "id": "100078725434744",
            "count": 0,
            "name": "Người dùng facebook"
        },
        {
            "id": "100078753050948",
            "count": 0,
            "name": "Người dùng facebook"
        },
        {
            "id": "100078794554089",
            "count": 0,
            "name": "Người dùng facebook"
        },
        {
            "id": "100078824065138",
            "count": 0,
            "name": "Người dùng facebook"
        },
        {
            "id": "100078940436692",
            "count": 0,
            "name": "Người dùng facebook"
        },
        {
            "id": "100078965980214",
            "count": 0,
            "name": "Người dùng facebook"
        },
        {
            "id": "100079208708421",
            "count": 0,
            "name": "Người dùng facebook"
        },
        {
            "id": "100079511259944",
            "count": 0,
            "name": "Người dùng facebook"
        },
        {
            "id": "100079540866344",
            "count": 0,
            "name": "Người dùng facebook"
        },
        {
            "id": "100080102869683",
            "count": 0,
            "name": "Người dùng facebook"
        },
        {
            "id": "100080161182168",
            "count": 0,
            "name": "Người dùng facebook"
        },
        {
            "id": "100080210349305",
            "count": 0,
            "name": "Người dùng facebook"
        },
        {
            "id": "100080352397033",
            "count": 0,
            "name": "Người dùng facebook"
        },
        {
            "id": "100080380732410",
            "count": 0,
            "name": "Người dùng facebook"
        },
        {
            "id": "100080580593401",
            "count": 0,
            "name": "Người dùng facebook"
        },
        {
            "id": "100080727468895",
            "count": 0,
            "name": "Người dùng facebook"
        },
        {
            "id": "100081004976608",
            "count": 0,
            "name": "Người dùng facebook"
        },
        {
            "id": "100081084921010",
            "count": 0,
            "name": "Người dùng facebook"
        },
        {
            "id": "100081096140479",
            "count": 0,
            "name": "Người dùng facebook"
        },
        {
            "id": "100081338307512",
            "count": 0,
            "name": "Người dùng facebook"
        },
        {
            "id": "100082024718920",
            "count": 0,
            "name": "Người dùng facebook"
        }
    ],
    "day": [
        {
            "id": "100004648476021",
            "count": 0,
            "name": "Người dùng facebook"
        },
        {
            "id": "100023250277879",
            "count": 0,
            "name": "Người dùng facebook"
        },
        {
            "id": "100027309649854",
            "count": 0,
            "name": "Người dùng facebook"
        },
        {
            "id": "100028635814343",
            "count": 0,
            "name": "Người dùng facebook"
        },
        {
            "id": "100028889825502",
            "count": 0,
            "name": "Người dùng facebook"
        },
        {
            "id": "100035920281658",
            "count": 0,
            "name": "Người dùng facebook"
        },
        {
            "id": "100036061700917",
            "count": 0,
            "name": "Người dùng facebook"
        },
        {
            "id": "100036722564155",
            "count": 0,
            "name": "Người dùng facebook"
        },
        {
            "id": "100038532674392",
            "count": 0,
            "name": "Người dùng facebook"
        },
        {
            "id": "100040242571607",
            "count": 0,
            "name": "Người dùng facebook"
        },
        {
            "id": "100040979592446",
            "count": 0,
            "name": "Người dùng facebook"
        },
        {
            "id": "100041130578899",
            "count": 0,
            "name": "Người dùng facebook"
        },
        {
            "id": "100042309671586",
            "count": 0,
            "name": "Người dùng facebook"
        },
        {
            "id": "100043054633442",
            "count": 0,
            "name": "Người dùng facebook"
        },
        {
            "id": "100045484424267",
            "count": 0,
            "name": "Người dùng facebook"
        },
        {
            "id": "100047002161610",
            "count": 0,
            "name": "Người dùng facebook"
        },
        {
            "id": "100047634816055",
            "count": 0,
            "name": "Người dùng facebook"
        },
        {
            "id": "100048283202384",
            "count": 0,
            "name": "Người dùng facebook"
        },
        {
            "id": "100048663520665",
            "count": 0,
            "name": "Người dùng facebook"
        },
        {
            "id": "100049138809948",
            "count": 0,
            "name": "Người dùng facebook"
        },
        {
            "id": "100049509321150",
            "count": 0,
            "name": "Người dùng facebook"
        },
        {
            "id": "100049937363544",
            "count": 0,
            "name": "Người dùng facebook"
        },
        {
            "id": "100050135153089",
            "count": 0,
            "name": "Người dùng facebook"
        },
        {
            "id": "100050685814318",
            "count": 0,
            "name": "Người dùng facebook"
        },
        {
            "id": "100050844021146",
            "count": 0,
            "name": "Người dùng facebook"
        },
        {
            "id": "100051560383153",
            "count": 0,
            "name": "Người dùng facebook"
        },
        {
            "id": "100051606084925",
            "count": 0,
            "name": "Người dùng facebook"
        },
        {
            "id": "100051869594156",
            "count": 0,
            "name": "Người dùng facebook"
        },
        {
            "id": "100052618301774",
            "count": 0,
            "name": "Người dùng facebook"
        },
        {
            "id": "100052897369497",
            "count": 0,
            "name": "Người dùng facebook"
        },
        {
            "id": "100053887844833",
            "count": 0,
            "name": "Người dùng facebook"
        },
        {
            "id": "100054216365667",
            "count": 0,
            "name": "Người dùng facebook"
        },
        {
            "id": "100054460359106",
            "count": 0,
            "name": "Người dùng facebook"
        },
        {
            "id": "100054871690306",
            "count": 0,
            "name": "Người dùng facebook"
        },
        {
            "id": "100055047124904",
            "count": 0,
            "name": "Người dùng facebook"
        },
        {
            "id": "100055428064319",
            "count": 0,
            "name": "Người dùng facebook"
        },
        {
            "id": "100055588823761",
            "count": 0,
            "name": "Người dùng facebook"
        },
        {
            "id": "100056140716260",
            "count": 0,
            "name": "Người dùng facebook"
        },
        {
            "id": "100056732205328",
            "count": 0,
            "name": "Người dùng facebook"
        },
        {
            "id": "100057229590869",
            "count": 0,
            "name": "Người dùng facebook"
        },
        {
            "id": "100057691500748",
            "count": 0,
            "name": "Người dùng facebook"
        },
        {
            "id": "100059220807238",
            "count": 0,
            "name": "Người dùng facebook"
        },
        {
            "id": "100059884965229",
            "count": 0,
            "name": "Người dùng facebook"
        },
        {
            "id": "100060174647028",
            "count": 0,
            "name": "Người dùng facebook"
        },
        {
            "id": "100060689173854",
            "count": 0,
            "name": "Người dùng facebook"
        },
        {
            "id": "100060792463852",
            "count": 0,
            "name": "Người dùng facebook"
        },
        {
            "id": "100062270332348",
            "count": 0,
            "name": "Người dùng facebook"
        },
        {
            "id": "100063404575061",
            "count": 0,
            "name": "Người dùng facebook"
        },
        {
            "id": "100063494746380",
            "count": 0,
            "name": "Người dùng facebook"
        },
        {
            "id": "100063533871848",
            "count": 0,
            "name": "Người dùng facebook"
        },
        {
            "id": "100064806024194",
            "count": 0,
            "name": "Người dùng facebook"
        },
        {
            "id": "100065087619702",
            "count": 0,
            "name": "Người dùng facebook"
        },
        {
            "id": "100065544840861",
            "count": 0,
            "name": "Người dùng facebook"
        },
        {
            "id": "100065730401743",
            "count": 0,
            "name": "Người dùng facebook"
        },
        {
            "id": "100066599035419",
            "count": 0,
            "name": "Người dùng facebook"
        },
        {
            "id": "100066681432819",
            "count": 0,
            "name": "Người dùng facebook"
        },
        {
            "id": "100066725502192",
            "count": 0,
            "name": "Người dùng facebook"
        },
        {
            "id": "100067568567943",
            "count": 0,
            "name": "Người dùng facebook"
        },
        {
            "id": "100067748246498",
            "count": 0,
            "name": "Người dùng facebook"
        },
        {
            "id": "100068007827812",
            "count": 0,
            "name": "Người dùng facebook"
        },
        {
            "id": "100068023713325",
            "count": 0,
            "name": "Người dùng facebook"
        },
        {
            "id": "100069766058173",
            "count": 0,
            "name": "Người dùng facebook"
        },
        {
            "id": "100070748465463",
            "count": 0,
            "name": "Người dùng facebook"
        },
        {
            "id": "100070822240548",
            "count": 0,
            "name": "Người dùng facebook"
        },
        {
            "id": "100071870736074",
            "count": 0,
            "name": "Người dùng facebook"
        },
        {
            "id": "100072394878351",
            "count": 0,
            "name": "Người dùng facebook"
        },
        {
            "id": "100072421717632",
            "count": 0,
            "name": "Người dùng facebook"
        },
        {
            "id": "100073101444448",
            "count": 0,
            "name": "Người dùng facebook"
        },
        {
            "id": "100073228715950",
            "count": 0,
            "name": "Người dùng facebook"
        },
        {
            "id": "100073421827951",
            "count": 0,
            "name": "Người dùng facebook"
        },
        {
            "id": "100073464967682",
            "count": 0,
            "name": "Người dùng facebook"
        },
        {
            "id": "100073478650845",
            "count": 0,
            "name": "Người dùng facebook"
        },
        {
            "id": "100073510311574",
            "count": 0,
            "name": "Người dùng facebook"
        },
        {
            "id": "100073870427671",
            "count": 0,
            "name": "Người dùng facebook"
        },
        {
            "id": "100074034888637",
            "count": 0,
            "name": "Người dùng facebook"
        },
        {
            "id": "100074134582077",
            "count": 0,
            "name": "Người dùng facebook"
        },
        {
            "id": "100074311191271",
            "count": 0,
            "name": "Người dùng facebook"
        },
        {
            "id": "100074338909482",
            "count": 0,
            "name": "Người dùng facebook"
        },
        {
            "id": "100074367157757",
            "count": 0,
            "name": "Người dùng facebook"
        },
        {
            "id": "100074390623918",
            "count": 0,
            "name": "Người dùng facebook"
        },
        {
            "id": "100074712870883",
            "count": 0,
            "name": "Người dùng facebook"
        },
        {
            "id": "100074732611678",
            "count": 0,
            "name": "Người dùng facebook"
        },
        {
            "id": "100074797743967",
            "count": 0,
            "name": "Người dùng facebook"
        },
        {
            "id": "100074871604790",
            "count": 0,
            "name": "Người dùng facebook"
        },
        {
            "id": "100074952279422",
            "count": 0,
            "name": "Người dùng facebook"
        },
        {
            "id": "100075056087767",
            "count": 0,
            "name": "Người dùng facebook"
        },
        {
            "id": "100075147336598",
            "count": 0,
            "name": "Người dùng facebook"
        },
        {
            "id": "100075156459455",
            "count": 0,
            "name": "Người dùng facebook"
        },
        {
            "id": "100075785145161",
            "count": 0,
            "name": "Người dùng facebook"
        },
        {
            "id": "100075785947518",
            "count": 0,
            "name": "Người dùng facebook"
        },
        {
            "id": "100075789391069",
            "count": 0,
            "name": "Người dùng facebook"
        },
        {
            "id": "100075938197804",
            "count": 0,
            "name": "Người dùng facebook"
        },
        {
            "id": "100076001435057",
            "count": 0,
            "name": "Người dùng facebook"
        },
        {
            "id": "100076264590975",
            "count": 0,
            "name": "Người dùng facebook"
        },
        {
            "id": "100076277287571",
            "count": 0,
            "name": "Người dùng facebook"
        },
        {
            "id": "100076305849468",
            "count": 0,
            "name": "Người dùng facebook"
        },
        {
            "id": "100076311653125",
            "count": 0,
            "name": "Người dùng facebook"
        },
        {
            "id": "100076399819771",
            "count": 0,
            "name": "Người dùng facebook"
        },
        {
            "id": "100076520006534",
            "count": 0,
            "name": "Người dùng facebook"
        },
        {
            "id": "100076625587355",
            "count": 0,
            "name": "Người dùng facebook"
        },
        {
            "id": "100076626886948",
            "count": 0,
            "name": "Người dùng facebook"
        },
        {
            "id": "100076654603241",
            "count": 0,
            "name": "Người dùng facebook"
        },
        {
            "id": "100076669483005",
            "count": 0,
            "name": "Người dùng facebook"
        },
        {
            "id": "100076704153031",
            "count": 0,
            "name": "Người dùng facebook"
        },
        {
            "id": "100076727224580",
            "count": 0,
            "name": "Người dùng facebook"
        },
        {
            "id": "100076966382364",
            "count": 0,
            "name": "Người dùng facebook"
        },
        {
            "id": "100077232852536",
            "count": 0,
            "name": "Người dùng facebook"
        },
        {
            "id": "100077250283544",
            "count": 0,
            "name": "Người dùng facebook"
        },
        {
            "id": "100077295008507",
            "count": 0,
            "name": "Người dùng facebook"
        },
        {
            "id": "100077343759524",
            "count": 0,
            "name": "Người dùng facebook"
        },
        {
            "id": "100077441500384",
            "count": 0,
            "name": "Người dùng facebook"
        },
        {
            "id": "100077761951901",
            "count": 0,
            "name": "Người dùng facebook"
        },
        {
            "id": "100077829010744",
            "count": 0,
            "name": "Người dùng facebook"
        },
        {
            "id": "100078042410312",
            "count": 0,
            "name": "Người dùng facebook"
        },
        {
            "id": "100078454021357",
            "count": 0,
            "name": "Người dùng facebook"
        },
        {
            "id": "100078481570742",
            "count": 0,
            "name": "Người dùng facebook"
        },
        {
            "id": "100078725434744",
            "count": 0,
            "name": "Người dùng facebook"
        },
        {
            "id": "100078753050948",
            "count": 0,
            "name": "Người dùng facebook"
        },
        {
            "id": "100078794554089",
            "count": 0,
            "name": "Người dùng facebook"
        },
        {
            "id": "100078824065138",
            "count": 0,
            "name": "Người dùng facebook"
        },
        {
            "id": "100078940436692",
            "count": 0,
            "name": "Người dùng facebook"
        },
        {
            "id": "100078965980214",
            "count": 0,
            "name": "Người dùng facebook"
        },
        {
            "id": "100079208708421",
            "count": 0,
            "name": "Người dùng facebook"
        },
        {
            "id": "100079511259944",
            "count": 0,
            "name": "Người dùng facebook"
        },
        {
            "id": "100079540866344",
            "count": 0,
            "name": "Người dùng facebook"
        },
        {
            "id": "100080102869683",
            "count": 0,
            "name": "Người dùng facebook"
        },
        {
            "id": "100080161182168",
            "count": 0,
            "name": "Người dùng facebook"
        },
        {
            "id": "100080210349305",
            "count": 0,
            "name": "Người dùng facebook"
        },
        {
            "id": "100080352397033",
            "count": 0,
            "name": "Người dùng facebook"
        },
        {
            "id": "100080380732410",
            "count": 0,
            "name": "Người dùng facebook"
        },
        {
            "id": "100080580593401",
            "count": 0,
            "name": "Người dùng facebook"
        },
        {
            "id": "100080727468895",
            "count": 0,
            "name": "Người dùng facebook"
        },
        {
            "id": "100081004976608",
            "count": 0,
            "name": "Người dùng facebook"
        },
        {
            "id": "100081084921010",
            "count": 0,
            "name": "Người dùng facebook"
        },
        {
            "id": "100081096140479",
            "count": 0,
            "name": "Người dùng facebook"
        },
        {
            "id": "100081338307512",
            "count": 0,
            "name": "Người dùng facebook"
        },
        {
            "id": "100082024718920",
            "count": 0,
            "name": "Người dùng facebook"
        }
    ],
    "time": 6
}