{
    "total": [
        {
            "id": "100000439647742",
            "count": 20
        },
        {
            "id": "100010323393032",
            "count": 0
        },
        {
            "id": "100023250277879",
            "count": 26
        },
        {
            "id": "100036924351601",
            "count": 45
        },
        {
            "id": "100043102221792",
            "count": 0
        },
        {
            "id": "100048888014341",
            "count": 0
        },
        {
            "id": "100055180441197",
            "count": 0
        },
        {
            "id": "100055245006536",
            "count": 0
        },
        {
            "id": "100057976201351",
            "count": 0
        },
        {
            "id": "100058421741418",
            "count": 0
        },
        {
            "id": "100061393937958",
            "count": 0
        },
        {
            "id": "100062203050652",
            "count": 0
        },
        {
            "id": "100063752585701",
            "count": 0
        },
        {
            "id": "100065010202747",
            "count": 12
        },
        {
            "id": "100066624802590",
            "count": 0
        },
        {
            "id": "100066775252042",
            "count": 0
        },
        {
            "id": "100067756656493",
            "count": 0
        },
        {
            "id": "100067988929391",
            "count": 0
        },
        {
            "id": "100069285632671",
            "count": 0
        },
        {
            "id": "100071960296255",
            "count": 0
        },
        {
            "id": "100071966562515",
            "count": 0
        },
        {
            "id": "100072128953467",
            "count": 0
        },
        {
            "id": "100073061446270",
            "count": 16
        },
        {
            "id": "100073269066113",
            "count": 0
        },
        {
            "id": "100073415724778",
            "count": 0
        },
        {
            "id": "100073535404919",
            "count": 0
        },
        {
            "id": "100074049333307",
            "count": 0
        },
        {
            "id": "100074369226247",
            "count": 0
        },
        {
            "id": "100075239827446",
            "count": 0
        },
        {
            "id": "100075693151005",
            "count": 0
        },
        {
            "id": "100077028224646",
            "count": 0
        },
        {
            "id": "100078925440178",
            "count": 35
        },
        {
            "id": "100079017055391",
            "count": 13
        },
        {
            "id": "100079068221844",
            "count": 0
        },
        {
            "id": "100079320099335",
            "count": 0
        },
        {
            "id": "100080346241855",
            "count": 0
        },
        {
            "id": "100080583802179",
            "count": 0
        },
        {
            "id": "100080822599299",
            "count": 23
        },
        {
            "id": "100080851328792",
            "count": 0
        },
        {
            "id": "100083200562582",
            "count": 0
        },
        {
            "id": "100065095141252",
            "count": 2
        }
    ],
    "week": [
        {
            "id": "100000439647742",
            "count": 0,
            "name": "Người dùng facebook"
        },
        {
            "id": "100010323393032",
            "count": 0,
            "name": "Người dùng facebook"
        },
        {
            "id": "100023250277879",
            "count": 0,
            "name": "Người dùng facebook"
        },
        {
            "id": "100036924351601",
            "count": 0,
            "name": "Người dùng facebook"
        },
        {
            "id": "100043102221792",
            "count": 0,
            "name": "Người dùng facebook"
        },
        {
            "id": "100048888014341",
            "count": 0,
            "name": "Người dùng facebook"
        },
        {
            "id": "100055180441197",
            "count": 0,
            "name": "Người dùng facebook"
        },
        {
            "id": "100055245006536",
            "count": 0,
            "name": "Người dùng facebook"
        },
        {
            "id": "100057976201351",
            "count": 0,
            "name": "Người dùng facebook"
        },
        {
            "id": "100058421741418",
            "count": 0,
            "name": "Người dùng facebook"
        },
        {
            "id": "100061393937958",
            "count": 0,
            "name": "Người dùng facebook"
        },
        {
            "id": "100062203050652",
            "count": 0,
            "name": "Người dùng facebook"
        },
        {
            "id": "100063752585701",
            "count": 0,
            "name": "Người dùng facebook"
        },
        {
            "id": "100065010202747",
            "count": 0,
            "name": "Người dùng facebook"
        },
        {
            "id": "100066624802590",
            "count": 0,
            "name": "Người dùng facebook"
        },
        {
            "id": "100066775252042",
            "count": 0,
            "name": "Người dùng facebook"
        },
        {
            "id": "100067756656493",
            "count": 0,
            "name": "Người dùng facebook"
        },
        {
            "id": "100067988929391",
            "count": 0,
            "name": "Người dùng facebook"
        },
        {
            "id": "100069285632671",
            "count": 0,
            "name": "Người dùng facebook"
        },
        {
            "id": "100071960296255",
            "count": 0,
            "name": "Người dùng facebook"
        },
        {
            "id": "100071966562515",
            "count": 0,
            "name": "Người dùng facebook"
        },
        {
            "id": "100072128953467",
            "count": 0,
            "name": "Người dùng facebook"
        },
        {
            "id": "100073061446270",
            "count": 0,
            "name": "Người dùng facebook"
        },
        {
            "id": "100073269066113",
            "count": 0,
            "name": "Người dùng facebook"
        },
        {
            "id": "100073415724778",
            "count": 0,
            "name": "Người dùng facebook"
        },
        {
            "id": "100073535404919",
            "count": 0,
            "name": "Người dùng facebook"
        },
        {
            "id": "100074049333307",
            "count": 0,
            "name": "Người dùng facebook"
        },
        {
            "id": "100074369226247",
            "count": 0,
            "name": "Người dùng facebook"
        },
        {
            "id": "100075239827446",
            "count": 0,
            "name": "Người dùng facebook"
        },
        {
            "id": "100075693151005",
            "count": 0,
            "name": "Người dùng facebook"
        },
        {
            "id": "100077028224646",
            "count": 0,
            "name": "Người dùng facebook"
        },
        {
            "id": "100078925440178",
            "count": 0,
            "name": "Người dùng facebook"
        },
        {
            "id": "100079017055391",
            "count": 0,
            "name": "Người dùng facebook"
        },
        {
            "id": "100079068221844",
            "count": 0,
            "name": "Người dùng facebook"
        },
        {
            "id": "100079320099335",
            "count": 0,
            "name": "Người dùng facebook"
        },
        {
            "id": "100080346241855",
            "count": 0,
            "name": "Người dùng facebook"
        },
        {
            "id": "100080583802179",
            "count": 0,
            "name": "Người dùng facebook"
        },
        {
            "id": "100080822599299",
            "count": 0,
            "name": "Người dùng facebook"
        },
        {
            "id": "100080851328792",
            "count": 0,
            "name": "Người dùng facebook"
        },
        {
            "id": "100083200562582",
            "count": 0,
            "name": "Người dùng facebook"
        },
        {
            "id": "100065095141252",
            "count": 0,
            "name": "Người dùng facebook"
        }
    ],
    "day": [
        {
            "id": "100000439647742",
            "count": 0,
            "name": "Người dùng facebook"
        },
        {
            "id": "100010323393032",
            "count": 0,
            "name": "Người dùng facebook"
        },
        {
            "id": "100023250277879",
            "count": 0,
            "name": "Người dùng facebook"
        },
        {
            "id": "100036924351601",
            "count": 0,
            "name": "Người dùng facebook"
        },
        {
            "id": "100043102221792",
            "count": 0,
            "name": "Người dùng facebook"
        },
        {
            "id": "100048888014341",
            "count": 0,
            "name": "Người dùng facebook"
        },
        {
            "id": "100055180441197",
            "count": 0,
            "name": "Người dùng facebook"
        },
        {
            "id": "100055245006536",
            "count": 0,
            "name": "Người dùng facebook"
        },
        {
            "id": "100057976201351",
            "count": 0,
            "name": "Người dùng facebook"
        },
        {
            "id": "100058421741418",
            "count": 0,
            "name": "Người dùng facebook"
        },
        {
            "id": "100061393937958",
            "count": 0,
            "name": "Người dùng facebook"
        },
        {
            "id": "100062203050652",
            "count": 0,
            "name": "Người dùng facebook"
        },
        {
            "id": "100063752585701",
            "count": 0,
            "name": "Người dùng facebook"
        },
        {
            "id": "100065010202747",
            "count": 0,
            "name": "Người dùng facebook"
        },
        {
            "id": "100066624802590",
            "count": 0,
            "name": "Người dùng facebook"
        },
        {
            "id": "100066775252042",
            "count": 0,
            "name": "Người dùng facebook"
        },
        {
            "id": "100067756656493",
            "count": 0,
            "name": "Người dùng facebook"
        },
        {
            "id": "100067988929391",
            "count": 0,
            "name": "Người dùng facebook"
        },
        {
            "id": "100069285632671",
            "count": 0,
            "name": "Người dùng facebook"
        },
        {
            "id": "100071960296255",
            "count": 0,
            "name": "Người dùng facebook"
        },
        {
            "id": "100071966562515",
            "count": 0,
            "name": "Người dùng facebook"
        },
        {
            "id": "100072128953467",
            "count": 0,
            "name": "Người dùng facebook"
        },
        {
            "id": "100073061446270",
            "count": 0,
            "name": "Người dùng facebook"
        },
        {
            "id": "100073269066113",
            "count": 0,
            "name": "Người dùng facebook"
        },
        {
            "id": "100073415724778",
            "count": 0,
            "name": "Người dùng facebook"
        },
        {
            "id": "100073535404919",
            "count": 0,
            "name": "Người dùng facebook"
        },
        {
            "id": "100074049333307",
            "count": 0,
            "name": "Người dùng facebook"
        },
        {
            "id": "100074369226247",
            "count": 0,
            "name": "Người dùng facebook"
        },
        {
            "id": "100075239827446",
            "count": 0,
            "name": "Người dùng facebook"
        },
        {
            "id": "100075693151005",
            "count": 0,
            "name": "Người dùng facebook"
        },
        {
            "id": "100077028224646",
            "count": 0,
            "name": "Người dùng facebook"
        },
        {
            "id": "100078925440178",
            "count": 0,
            "name": "Người dùng facebook"
        },
        {
            "id": "100079017055391",
            "count": 0,
            "name": "Người dùng facebook"
        },
        {
            "id": "100079068221844",
            "count": 0,
            "name": "Người dùng facebook"
        },
        {
            "id": "100079320099335",
            "count": 0,
            "name": "Người dùng facebook"
        },
        {
            "id": "100080346241855",
            "count": 0,
            "name": "Người dùng facebook"
        },
        {
            "id": "100080583802179",
            "count": 0,
            "name": "Người dùng facebook"
        },
        {
            "id": "100080822599299",
            "count": 0,
            "name": "Người dùng facebook"
        },
        {
            "id": "100080851328792",
            "count": 0,
            "name": "Người dùng facebook"
        },
        {
            "id": "100083200562582",
            "count": 0,
            "name": "Người dùng facebook"
        },
        {
            "id": "100065095141252",
            "count": 0,
            "name": "Người dùng facebook"
        }
    ],
    "time": 6
}