{
    "total": [
        {
            "id": "100023250277879",
            "count": 449
        },
        {
            "id": "100074168000776",
            "count": 733
        }
    ],
    "week": [
        {
            "id": "100023250277879",
            "count": 0,
            "name": "Người dùng facebook"
        },
        {
            "id": "100074168000776",
            "count": 0,
            "name": "Người dùng facebook"
        }
    ],
    "day": [
        {
            "id": "100023250277879",
            "count": 0,
            "name": "Người dùng facebook"
        },
        {
            "id": "100074168000776",
            "count": 0,
            "name": "Người dùng facebook"
        }
    ],
    "time": 6
}