{
    "total": [
        {
            "id": "100000099684299",
            "count": 0
        },
        {
            "id": "100009752506221",
            "count": 0
        },
        {
            "id": "100010640206619",
            "count": 0
        },
        {
            "id": "100016696126067",
            "count": 0
        },
        {
            "id": "100019319873673",
            "count": 0
        },
        {
            "id": "100023250277879",
            "count": 8
        },
        {
            "id": "100026451394394",
            "count": 8
        },
        {
            "id": "100026731781636",
            "count": 0
        },
        {
            "id": "100027458625515",
            "count": 0
        },
        {
            "id": "100028780238895",
            "count": 0
        },
        {
            "id": "100030114603556",
            "count": 0
        },
        {
            "id": "100035268127783",
            "count": 0
        },
        {
            "id": "100035856960127",
            "count": 0
        },
        {
            "id": "100036957650711",
            "count": 0
        },
        {
            "id": "100041017075261",
            "count": 0
        },
        {
            "id": "100045035676223",
            "count": 0
        },
        {
            "id": "100047082931535",
            "count": 0
        },
        {
            "id": "100047384683463",
            "count": 0
        },
        {
            "id": "100051412660645",
            "count": 0
        },
        {
            "id": "100053113330773",
            "count": 6
        },
        {
            "id": "100054086976456",
            "count": 0
        },
        {
            "id": "100055443188928",
            "count": 19
        },
        {
            "id": "100057440232304",
            "count": 0
        },
        {
            "id": "100061771001495",
            "count": 2
        },
        {
            "id": "100063475598724",
            "count": 0
        },
        {
            "id": "100063585737121",
            "count": 0
        },
        {
            "id": "100064546422820",
            "count": 0
        },
        {
            "id": "100065167668998",
            "count": 13
        },
        {
            "id": "100065354784987",
            "count": 0
        },
        {
            "id": "100067412400528",
            "count": 2
        },
        {
            "id": "100070789248499",
            "count": 1
        },
        {
            "id": "100072398423170",
            "count": 44
        },
        {
            "id": "100072444834805",
            "count": 0
        },
        {
            "id": "100072922800002",
            "count": 0
        },
        {
            "id": "100073284339405",
            "count": 53
        },
        {
            "id": "100074350925843",
            "count": 0
        },
        {
            "id": "100075707316451",
            "count": 0
        },
        {
            "id": "100076936361694",
            "count": 0
        },
        {
            "id": "100078727394608",
            "count": 3
        },
        {
            "id": "100079009796667",
            "count": 3
        },
        {
            "id": "100079493830474",
            "count": 0
        },
        {
            "id": "100079622866327",
            "count": 0
        },
        {
            "id": "100079731027029",
            "count": 0
        },
        {
            "id": "100080278667502",
            "count": 2
        },
        {
            "id": "100081198189006",
            "count": 0
        },
        {
            "id": "100081791896260",
            "count": 0
        },
        {
            "id": "100081905515241",
            "count": 0
        },
        {
            "id": "100082811934432",
            "count": 0
        },
        {
            "id": "100083043963646",
            "count": 0
        },
        {
            "id": "100083120625482",
            "count": 0
        }
    ],
    "week": [
        {
            "id": "100000099684299",
            "count": 0,
            "name": "Người dùng facebook"
        },
        {
            "id": "100009752506221",
            "count": 0,
            "name": "Người dùng facebook"
        },
        {
            "id": "100010640206619",
            "count": 0,
            "name": "Người dùng facebook"
        },
        {
            "id": "100016696126067",
            "count": 0,
            "name": "Người dùng facebook"
        },
        {
            "id": "100019319873673",
            "count": 0,
            "name": "Người dùng facebook"
        },
        {
            "id": "100023250277879",
            "count": 0,
            "name": "Người dùng facebook"
        },
        {
            "id": "100026451394394",
            "count": 0,
            "name": "Người dùng facebook"
        },
        {
            "id": "100026731781636",
            "count": 0,
            "name": "Người dùng facebook"
        },
        {
            "id": "100027458625515",
            "count": 0,
            "name": "Người dùng facebook"
        },
        {
            "id": "100028780238895",
            "count": 0,
            "name": "Người dùng facebook"
        },
        {
            "id": "100030114603556",
            "count": 0,
            "name": "Người dùng facebook"
        },
        {
            "id": "100035268127783",
            "count": 0,
            "name": "Người dùng facebook"
        },
        {
            "id": "100035856960127",
            "count": 0,
            "name": "Người dùng facebook"
        },
        {
            "id": "100036957650711",
            "count": 0,
            "name": "Người dùng facebook"
        },
        {
            "id": "100041017075261",
            "count": 0,
            "name": "Người dùng facebook"
        },
        {
            "id": "100045035676223",
            "count": 0,
            "name": "Người dùng facebook"
        },
        {
            "id": "100047082931535",
            "count": 0,
            "name": "Người dùng facebook"
        },
        {
            "id": "100047384683463",
            "count": 0,
            "name": "Người dùng facebook"
        },
        {
            "id": "100051412660645",
            "count": 0,
            "name": "Người dùng facebook"
        },
        {
            "id": "100053113330773",
            "count": 0,
            "name": "Người dùng facebook"
        },
        {
            "id": "100054086976456",
            "count": 0,
            "name": "Người dùng facebook"
        },
        {
            "id": "100055443188928",
            "count": 0,
            "name": "Người dùng facebook"
        },
        {
            "id": "100057440232304",
            "count": 0,
            "name": "Người dùng facebook"
        },
        {
            "id": "100061771001495",
            "count": 0,
            "name": "Người dùng facebook"
        },
        {
            "id": "100063475598724",
            "count": 0,
            "name": "Người dùng facebook"
        },
        {
            "id": "100063585737121",
            "count": 0,
            "name": "Người dùng facebook"
        },
        {
            "id": "100064546422820",
            "count": 0,
            "name": "Người dùng facebook"
        },
        {
            "id": "100065167668998",
            "count": 0,
            "name": "Người dùng facebook"
        },
        {
            "id": "100065354784987",
            "count": 0,
            "name": "Người dùng facebook"
        },
        {
            "id": "100067412400528",
            "count": 0,
            "name": "Người dùng facebook"
        },
        {
            "id": "100070789248499",
            "count": 0,
            "name": "Người dùng facebook"
        },
        {
            "id": "100072398423170",
            "count": 0,
            "name": "Người dùng facebook"
        },
        {
            "id": "100072444834805",
            "count": 0,
            "name": "Người dùng facebook"
        },
        {
            "id": "100072922800002",
            "count": 0,
            "name": "Người dùng facebook"
        },
        {
            "id": "100073284339405",
            "count": 0,
            "name": "Người dùng facebook"
        },
        {
            "id": "100074350925843",
            "count": 0,
            "name": "Người dùng facebook"
        },
        {
            "id": "100075707316451",
            "count": 0,
            "name": "Người dùng facebook"
        },
        {
            "id": "100076936361694",
            "count": 0,
            "name": "Người dùng facebook"
        },
        {
            "id": "100078727394608",
            "count": 0,
            "name": "Người dùng facebook"
        },
        {
            "id": "100079009796667",
            "count": 0,
            "name": "Người dùng facebook"
        },
        {
            "id": "100079493830474",
            "count": 0,
            "name": "Người dùng facebook"
        },
        {
            "id": "100079622866327",
            "count": 0,
            "name": "Người dùng facebook"
        },
        {
            "id": "100079731027029",
            "count": 0,
            "name": "Người dùng facebook"
        },
        {
            "id": "100080278667502",
            "count": 0,
            "name": "Người dùng facebook"
        },
        {
            "id": "100081198189006",
            "count": 0,
            "name": "Người dùng facebook"
        },
        {
            "id": "100081791896260",
            "count": 0,
            "name": "Người dùng facebook"
        },
        {
            "id": "100081905515241",
            "count": 0,
            "name": "Người dùng facebook"
        },
        {
            "id": "100082811934432",
            "count": 0,
            "name": "Người dùng facebook"
        },
        {
            "id": "100083043963646",
            "count": 0,
            "name": "Người dùng facebook"
        },
        {
            "id": "100083120625482",
            "count": 0,
            "name": "Người dùng facebook"
        }
    ],
    "day": [
        {
            "id": "100000099684299",
            "count": 0,
            "name": "Người dùng facebook"
        },
        {
            "id": "100009752506221",
            "count": 0,
            "name": "Người dùng facebook"
        },
        {
            "id": "100010640206619",
            "count": 0,
            "name": "Người dùng facebook"
        },
        {
            "id": "100016696126067",
            "count": 0,
            "name": "Người dùng facebook"
        },
        {
            "id": "100019319873673",
            "count": 0,
            "name": "Người dùng facebook"
        },
        {
            "id": "100023250277879",
            "count": 0,
            "name": "Người dùng facebook"
        },
        {
            "id": "100026451394394",
            "count": 0,
            "name": "Người dùng facebook"
        },
        {
            "id": "100026731781636",
            "count": 0,
            "name": "Người dùng facebook"
        },
        {
            "id": "100027458625515",
            "count": 0,
            "name": "Người dùng facebook"
        },
        {
            "id": "100028780238895",
            "count": 0,
            "name": "Người dùng facebook"
        },
        {
            "id": "100030114603556",
            "count": 0,
            "name": "Người dùng facebook"
        },
        {
            "id": "100035268127783",
            "count": 0,
            "name": "Người dùng facebook"
        },
        {
            "id": "100035856960127",
            "count": 0,
            "name": "Người dùng facebook"
        },
        {
            "id": "100036957650711",
            "count": 0,
            "name": "Người dùng facebook"
        },
        {
            "id": "100041017075261",
            "count": 0,
            "name": "Người dùng facebook"
        },
        {
            "id": "100045035676223",
            "count": 0,
            "name": "Người dùng facebook"
        },
        {
            "id": "100047082931535",
            "count": 0,
            "name": "Người dùng facebook"
        },
        {
            "id": "100047384683463",
            "count": 0,
            "name": "Người dùng facebook"
        },
        {
            "id": "100051412660645",
            "count": 0,
            "name": "Người dùng facebook"
        },
        {
            "id": "100053113330773",
            "count": 0,
            "name": "Người dùng facebook"
        },
        {
            "id": "100054086976456",
            "count": 0,
            "name": "Người dùng facebook"
        },
        {
            "id": "100055443188928",
            "count": 0,
            "name": "Người dùng facebook"
        },
        {
            "id": "100057440232304",
            "count": 0,
            "name": "Người dùng facebook"
        },
        {
            "id": "100061771001495",
            "count": 0,
            "name": "Người dùng facebook"
        },
        {
            "id": "100063475598724",
            "count": 0,
            "name": "Người dùng facebook"
        },
        {
            "id": "100063585737121",
            "count": 0,
            "name": "Người dùng facebook"
        },
        {
            "id": "100064546422820",
            "count": 0,
            "name": "Người dùng facebook"
        },
        {
            "id": "100065167668998",
            "count": 0,
            "name": "Người dùng facebook"
        },
        {
            "id": "100065354784987",
            "count": 0,
            "name": "Người dùng facebook"
        },
        {
            "id": "100067412400528",
            "count": 0,
            "name": "Người dùng facebook"
        },
        {
            "id": "100070789248499",
            "count": 0,
            "name": "Người dùng facebook"
        },
        {
            "id": "100072398423170",
            "count": 0,
            "name": "Người dùng facebook"
        },
        {
            "id": "100072444834805",
            "count": 0,
            "name": "Người dùng facebook"
        },
        {
            "id": "100072922800002",
            "count": 0,
            "name": "Người dùng facebook"
        },
        {
            "id": "100073284339405",
            "count": 0,
            "name": "Người dùng facebook"
        },
        {
            "id": "100074350925843",
            "count": 0,
            "name": "Người dùng facebook"
        },
        {
            "id": "100075707316451",
            "count": 0,
            "name": "Người dùng facebook"
        },
        {
            "id": "100076936361694",
            "count": 0,
            "name": "Người dùng facebook"
        },
        {
            "id": "100078727394608",
            "count": 0,
            "name": "Người dùng facebook"
        },
        {
            "id": "100079009796667",
            "count": 0,
            "name": "Người dùng facebook"
        },
        {
            "id": "100079493830474",
            "count": 0,
            "name": "Người dùng facebook"
        },
        {
            "id": "100079622866327",
            "count": 0,
            "name": "Người dùng facebook"
        },
        {
            "id": "100079731027029",
            "count": 0,
            "name": "Người dùng facebook"
        },
        {
            "id": "100080278667502",
            "count": 0,
            "name": "Người dùng facebook"
        },
        {
            "id": "100081198189006",
            "count": 0,
            "name": "Người dùng facebook"
        },
        {
            "id": "100081791896260",
            "count": 0,
            "name": "Người dùng facebook"
        },
        {
            "id": "100081905515241",
            "count": 0,
            "name": "Người dùng facebook"
        },
        {
            "id": "100082811934432",
            "count": 0,
            "name": "Người dùng facebook"
        },
        {
            "id": "100083043963646",
            "count": 0,
            "name": "Người dùng facebook"
        },
        {
            "id": "100083120625482",
            "count": 0,
            "name": "Người dùng facebook"
        }
    ],
    "time": 6
}