{
    "total": [
        {
            "id": "504233328",
            "count": 0
        },
        {
            "id": "754469335",
            "count": 6
        },
        {
            "id": "1049158372",
            "count": 0
        },
        {
            "id": "1581690141",
            "count": 0
        },
        {
            "id": "1731201085",
            "count": 0
        },
        {
            "id": "100000325599400",
            "count": 0
        },
        {
            "id": "100000920311931",
            "count": 0
        },
        {
            "id": "100001192947333",
            "count": 0
        },
        {
            "id": "100001250874173",
            "count": 0
        },
        {
            "id": "100005136152838",
            "count": 0
        },
        {
            "id": "100005547450879",
            "count": 0
        },
        {
            "id": "100005820005115",
            "count": 0
        },
        {
            "id": "100006581914284",
            "count": 0
        },
        {
            "id": "100006789540741",
            "count": 0
        },
        {
            "id": "100009252071058",
            "count": 0
        },
        {
            "id": "100011249640948",
            "count": 0
        },
        {
            "id": "100011264200640",
            "count": 0
        },
        {
            "id": "100011385994649",
            "count": 0
        },
        {
            "id": "100012085007643",
            "count": 0
        },
        {
            "id": "100014587112650",
            "count": 0
        },
        {
            "id": "100016275644699",
            "count": 0
        },
        {
            "id": "100016883260900",
            "count": 0
        },
        {
            "id": "100018050977114",
            "count": 7
        },
        {
            "id": "100018939342355",
            "count": 0
        },
        {
            "id": "100019119180385",
            "count": 0
        },
        {
            "id": "100019598764383",
            "count": 0
        },
        {
            "id": "100020090745052",
            "count": 0
        },
        {
            "id": "100020878956606",
            "count": 0
        },
        {
            "id": "100021120412367",
            "count": 0
        },
        {
            "id": "100023250277879",
            "count": 89
        },
        {
            "id": "100024021394369",
            "count": 0
        },
        {
            "id": "100025405690091",
            "count": 0
        },
        {
            "id": "100025648312957",
            "count": 0
        },
        {
            "id": "100025799460188",
            "count": 15
        },
        {
            "id": "100026333988561",
            "count": 0
        },
        {
            "id": "100026741985861",
            "count": 0
        },
        {
            "id": "100027666248851",
            "count": 0
        },
        {
            "id": "100028495838540",
            "count": 0
        },
        {
            "id": "100029425793160",
            "count": 4
        },
        {
            "id": "100029743775651",
            "count": 0
        },
        {
            "id": "100029960071983",
            "count": 0
        },
        {
            "id": "100030421702559",
            "count": 0
        },
        {
            "id": "100030438129710",
            "count": 0
        },
        {
            "id": "100031000009159",
            "count": 2
        },
        {
            "id": "100031675704024",
            "count": 1
        },
        {
            "id": "100032488386265",
            "count": 0
        },
        {
            "id": "100033503716055",
            "count": 0
        },
        {
            "id": "100033539331608",
            "count": 0
        },
        {
            "id": "100033998773545",
            "count": 0
        },
        {
            "id": "100034668202983",
            "count": 0
        },
        {
            "id": "100035217803442",
            "count": 13
        },
        {
            "id": "100035661821395",
            "count": 0
        },
        {
            "id": "100037230091817",
            "count": 0
        },
        {
            "id": "100037849567393",
            "count": 0
        },
        {
            "id": "100038237131182",
            "count": 0
        },
        {
            "id": "100038335955114",
            "count": 0
        },
        {
            "id": "100038389538714",
            "count": 0
        },
        {
            "id": "100038404721236",
            "count": 0
        },
        {
            "id": "100038552462448",
            "count": 0
        },
        {
            "id": "100039312731379",
            "count": 0
        },
        {
            "id": "100039489969033",
            "count": 1
        },
        {
            "id": "100039751416250",
            "count": 2
        },
        {
            "id": "100039906795088",
            "count": 0
        },
        {
            "id": "100041774085712",
            "count": 0
        },
        {
            "id": "100042007996902",
            "count": 0
        },
        {
            "id": "100042078121623",
            "count": 0
        },
        {
            "id": "100042281414990",
            "count": 0
        },
        {
            "id": "100042492731855",
            "count": 0
        },
        {
            "id": "100042546557210",
            "count": 0
        },
        {
            "id": "100043424629713",
            "count": 0
        },
        {
            "id": "100045167884809",
            "count": 1
        },
        {
            "id": "100045533225875",
            "count": 0
        },
        {
            "id": "100045975873987",
            "count": 0
        },
        {
            "id": "100046046555138",
            "count": 1
        },
        {
            "id": "100046187708125",
            "count": 0
        },
        {
            "id": "100046742589521",
            "count": 0
        },
        {
            "id": "100047067093660",
            "count": 0
        },
        {
            "id": "100047244198568",
            "count": 0
        },
        {
            "id": "100048399522904",
            "count": 0
        },
        {
            "id": "100048705264163",
            "count": 0
        },
        {
            "id": "100048831676836",
            "count": 0
        },
        {
            "id": "100049434375390",
            "count": 0
        },
        {
            "id": "100049573441178",
            "count": 0
        },
        {
            "id": "100050091406428",
            "count": 0
        },
        {
            "id": "100050128037022",
            "count": 0
        },
        {
            "id": "100050474208030",
            "count": 0
        },
        {
            "id": "100050825193608",
            "count": 12
        },
        {
            "id": "100050894466465",
            "count": 2
        },
        {
            "id": "100051081469220",
            "count": 0
        },
        {
            "id": "100051241478493",
            "count": 0
        },
        {
            "id": "100051309150685",
            "count": 0
        },
        {
            "id": "100051666251206",
            "count": 0
        },
        {
            "id": "100051706898544",
            "count": 1
        },
        {
            "id": "100051736841089",
            "count": 0
        },
        {
            "id": "100051766902803",
            "count": 0
        },
        {
            "id": "100051807222467",
            "count": 0
        },
        {
            "id": "100052096688706",
            "count": 0
        },
        {
            "id": "100052114870908",
            "count": 0
        },
        {
            "id": "100052297592303",
            "count": 0
        },
        {
            "id": "100052732003643",
            "count": 0
        },
        {
            "id": "100052955641533",
            "count": 0
        },
        {
            "id": "100053042191523",
            "count": 0
        },
        {
            "id": "100053332569631",
            "count": 0
        },
        {
            "id": "100053366761581",
            "count": 0
        },
        {
            "id": "100054244747496",
            "count": 0
        },
        {
            "id": "100054744482792",
            "count": 0
        },
        {
            "id": "100054766523166",
            "count": 10
        },
        {
            "id": "100055405084456",
            "count": 0
        },
        {
            "id": "100055470850431",
            "count": 0
        },
        {
            "id": "100055736567699",
            "count": 0
        },
        {
            "id": "100055762476953",
            "count": 0
        },
        {
            "id": "100056656884988",
            "count": 0
        },
        {
            "id": "100056958878575",
            "count": 0
        },
        {
            "id": "100057184291769",
            "count": 0
        },
        {
            "id": "100058356494664",
            "count": 0
        },
        {
            "id": "100058926565768",
            "count": 0
        },
        {
            "id": "100059147637078",
            "count": 0
        },
        {
            "id": "100061213094052",
            "count": 11
        },
        {
            "id": "100061576634495",
            "count": 0
        },
        {
            "id": "100061883691741",
            "count": 0
        },
        {
            "id": "100062987265490",
            "count": 0
        },
        {
            "id": "100063493899555",
            "count": 0
        },
        {
            "id": "100063532304158",
            "count": 0
        },
        {
            "id": "100063830771742",
            "count": 0
        },
        {
            "id": "100064105894722",
            "count": 0
        },
        {
            "id": "100064205354139",
            "count": 0
        },
        {
            "id": "100064844883000",
            "count": 0
        },
        {
            "id": "100065065788472",
            "count": 0
        },
        {
            "id": "100065244391671",
            "count": 0
        },
        {
            "id": "100065278562116",
            "count": 11
        },
        {
            "id": "100065281713932",
            "count": 0
        },
        {
            "id": "100065329717199",
            "count": 0
        },
        {
            "id": "100065746928317",
            "count": 0
        },
        {
            "id": "100066179745364",
            "count": 0
        },
        {
            "id": "100066504593656",
            "count": 0
        },
        {
            "id": "100066944301730",
            "count": 0
        },
        {
            "id": "100067174098780",
            "count": 0
        },
        {
            "id": "100067570255182",
            "count": 0
        },
        {
            "id": "100067625166120",
            "count": 0
        },
        {
            "id": "100067918128205",
            "count": 2
        },
        {
            "id": "100068399804354",
            "count": 0
        },
        {
            "id": "100068585688054",
            "count": 0
        },
        {
            "id": "100068633511740",
            "count": 0
        },
        {
            "id": "100068650732340",
            "count": 0
        },
        {
            "id": "100068790887425",
            "count": 0
        },
        {
            "id": "100068962913475",
            "count": 2
        },
        {
            "id": "100069210473954",
            "count": 0
        },
        {
            "id": "100069574867833",
            "count": 0
        },
        {
            "id": "100070346477321",
            "count": 2
        },
        {
            "id": "100071169090685",
            "count": 0
        },
        {
            "id": "100071179873022",
            "count": 0
        },
        {
            "id": "100071362925505",
            "count": 0
        },
        {
            "id": "100071601339945",
            "count": 0
        },
        {
            "id": "100072104686593",
            "count": 1
        },
        {
            "id": "100072351678673",
            "count": 0
        },
        {
            "id": "100072760261919",
            "count": 0
        },
        {
            "id": "100072924314857",
            "count": 0
        },
        {
            "id": "100073135421037",
            "count": 0
        },
        {
            "id": "100073284371082",
            "count": 0
        },
        {
            "id": "100073488700267",
            "count": 0
        },
        {
            "id": "100073608292015",
            "count": 1
        },
        {
            "id": "100073792001859",
            "count": 0
        },
        {
            "id": "100073940537751",
            "count": 34
        },
        {
            "id": "100073993336083",
            "count": 0
        },
        {
            "id": "100074063465553",
            "count": 0
        },
        {
            "id": "100074105026377",
            "count": 0
        },
        {
            "id": "100074105380169",
            "count": 0
        },
        {
            "id": "100074284282226",
            "count": 0
        },
        {
            "id": "100074589821389",
            "count": 7
        },
        {
            "id": "100074682940902",
            "count": 0
        },
        {
            "id": "100075168770234",
            "count": 0
        },
        {
            "id": "100075233590038",
            "count": 0
        },
        {
            "id": "100075313864786",
            "count": 0
        },
        {
            "id": "100075351466247",
            "count": 0
        },
        {
            "id": "100075945426446",
            "count": 0
        },
        {
            "id": "100076119327819",
            "count": 0
        },
        {
            "id": "100076264561286",
            "count": 0
        },
        {
            "id": "100076533770672",
            "count": 8
        },
        {
            "id": "100076559140095",
            "count": 3
        },
        {
            "id": "100076744074556",
            "count": 0
        },
        {
            "id": "100077362607801",
            "count": 2
        },
        {
            "id": "100077602039666",
            "count": 0
        },
        {
            "id": "100077694547428",
            "count": 1
        },
        {
            "id": "100077863902542",
            "count": 0
        },
        {
            "id": "100078050931964",
            "count": 0
        },
        {
            "id": "100078066727863",
            "count": 0
        },
        {
            "id": "100078070700551",
            "count": 0
        },
        {
            "id": "100078212926219",
            "count": 0
        },
        {
            "id": "100078993308846",
            "count": 0
        },
        {
            "id": "100079629137681",
            "count": 0
        },
        {
            "id": "100079896371612",
            "count": 1
        },
        {
            "id": "100080059200355",
            "count": 0
        },
        {
            "id": "100080213217314",
            "count": 0
        },
        {
            "id": "100080427202476",
            "count": 0
        },
        {
            "id": "100080514561521",
            "count": 0
        },
        {
            "id": "100080752583213",
            "count": 0
        },
        {
            "id": "100080840167616",
            "count": 0
        },
        {
            "id": "100081100452521",
            "count": 0
        },
        {
            "id": "100081123360263",
            "count": 0
        },
        {
            "id": "100081188030429",
            "count": 0
        },
        {
            "id": "100081255265951",
            "count": 0
        },
        {
            "id": "100081332730748",
            "count": 20
        },
        {
            "id": "100081438480601",
            "count": 0
        },
        {
            "id": "100081808360957",
            "count": 0
        },
        {
            "id": "100081890148333",
            "count": 0
        },
        {
            "id": "100081969227305",
            "count": 0
        },
        {
            "id": "100081972555890",
            "count": 0
        },
        {
            "id": "100082143381119",
            "count": 0
        },
        {
            "id": "100082301451684",
            "count": 0
        },
        {
            "id": "100082337763145",
            "count": 0
        },
        {
            "id": "100082483099030",
            "count": 0
        },
        {
            "id": "100082520259487",
            "count": 0
        },
        {
            "id": "100083785041698",
            "count": 0
        },
        {
            "id": "100084218141480",
            "count": 0
        }
    ],
    "week": [
        {
            "id": "504233328",
            "count": 0,
            "name": "Người dùng facebook"
        },
        {
            "id": "754469335",
            "count": 0,
            "name": "Người dùng facebook"
        },
        {
            "id": "1049158372",
            "count": 0,
            "name": "Người dùng facebook"
        },
        {
            "id": "1581690141",
            "count": 0,
            "name": "Người dùng facebook"
        },
        {
            "id": "1731201085",
            "count": 0,
            "name": "Người dùng facebook"
        },
        {
            "id": "100000325599400",
            "count": 0,
            "name": "Người dùng facebook"
        },
        {
            "id": "100000920311931",
            "count": 0,
            "name": "Người dùng facebook"
        },
        {
            "id": "100001192947333",
            "count": 0,
            "name": "Người dùng facebook"
        },
        {
            "id": "100001250874173",
            "count": 0,
            "name": "Người dùng facebook"
        },
        {
            "id": "100005136152838",
            "count": 0,
            "name": "Người dùng facebook"
        },
        {
            "id": "100005547450879",
            "count": 0,
            "name": "Người dùng facebook"
        },
        {
            "id": "100005820005115",
            "count": 0,
            "name": "Người dùng facebook"
        },
        {
            "id": "100006581914284",
            "count": 0,
            "name": "Người dùng facebook"
        },
        {
            "id": "100006789540741",
            "count": 0,
            "name": "Người dùng facebook"
        },
        {
            "id": "100009252071058",
            "count": 0,
            "name": "Người dùng facebook"
        },
        {
            "id": "100011249640948",
            "count": 0,
            "name": "Người dùng facebook"
        },
        {
            "id": "100011264200640",
            "count": 0,
            "name": "Người dùng facebook"
        },
        {
            "id": "100011385994649",
            "count": 0,
            "name": "Người dùng facebook"
        },
        {
            "id": "100012085007643",
            "count": 0,
            "name": "Người dùng facebook"
        },
        {
            "id": "100014587112650",
            "count": 0,
            "name": "Người dùng facebook"
        },
        {
            "id": "100016275644699",
            "count": 0,
            "name": "Người dùng facebook"
        },
        {
            "id": "100016883260900",
            "count": 0,
            "name": "Người dùng facebook"
        },
        {
            "id": "100018050977114",
            "count": 0,
            "name": "Người dùng facebook"
        },
        {
            "id": "100018939342355",
            "count": 0,
            "name": "Người dùng facebook"
        },
        {
            "id": "100019119180385",
            "count": 0,
            "name": "Người dùng facebook"
        },
        {
            "id": "100019598764383",
            "count": 0,
            "name": "Người dùng facebook"
        },
        {
            "id": "100020090745052",
            "count": 0,
            "name": "Người dùng facebook"
        },
        {
            "id": "100020878956606",
            "count": 0,
            "name": "Người dùng facebook"
        },
        {
            "id": "100021120412367",
            "count": 0,
            "name": "Người dùng facebook"
        },
        {
            "id": "100023250277879",
            "count": 0,
            "name": "Người dùng facebook"
        },
        {
            "id": "100024021394369",
            "count": 0,
            "name": "Người dùng facebook"
        },
        {
            "id": "100025405690091",
            "count": 0,
            "name": "Người dùng facebook"
        },
        {
            "id": "100025648312957",
            "count": 0,
            "name": "Người dùng facebook"
        },
        {
            "id": "100025799460188",
            "count": 0,
            "name": "Người dùng facebook"
        },
        {
            "id": "100026333988561",
            "count": 0,
            "name": "Người dùng facebook"
        },
        {
            "id": "100026741985861",
            "count": 0,
            "name": "Người dùng facebook"
        },
        {
            "id": "100027666248851",
            "count": 0,
            "name": "Người dùng facebook"
        },
        {
            "id": "100028495838540",
            "count": 0,
            "name": "Người dùng facebook"
        },
        {
            "id": "100029425793160",
            "count": 0,
            "name": "Người dùng facebook"
        },
        {
            "id": "100029743775651",
            "count": 0,
            "name": "Người dùng facebook"
        },
        {
            "id": "100029960071983",
            "count": 0,
            "name": "Người dùng facebook"
        },
        {
            "id": "100030421702559",
            "count": 0,
            "name": "Người dùng facebook"
        },
        {
            "id": "100030438129710",
            "count": 0,
            "name": "Người dùng facebook"
        },
        {
            "id": "100031000009159",
            "count": 0,
            "name": "Người dùng facebook"
        },
        {
            "id": "100031675704024",
            "count": 0,
            "name": "Người dùng facebook"
        },
        {
            "id": "100032488386265",
            "count": 0,
            "name": "Người dùng facebook"
        },
        {
            "id": "100033503716055",
            "count": 0,
            "name": "Người dùng facebook"
        },
        {
            "id": "100033539331608",
            "count": 0,
            "name": "Người dùng facebook"
        },
        {
            "id": "100033998773545",
            "count": 0,
            "name": "Người dùng facebook"
        },
        {
            "id": "100034668202983",
            "count": 0,
            "name": "Người dùng facebook"
        },
        {
            "id": "100035217803442",
            "count": 0,
            "name": "Người dùng facebook"
        },
        {
            "id": "100035661821395",
            "count": 0,
            "name": "Người dùng facebook"
        },
        {
            "id": "100037230091817",
            "count": 0,
            "name": "Người dùng facebook"
        },
        {
            "id": "100037849567393",
            "count": 0,
            "name": "Người dùng facebook"
        },
        {
            "id": "100038237131182",
            "count": 0,
            "name": "Người dùng facebook"
        },
        {
            "id": "100038335955114",
            "count": 0,
            "name": "Người dùng facebook"
        },
        {
            "id": "100038389538714",
            "count": 0,
            "name": "Người dùng facebook"
        },
        {
            "id": "100038404721236",
            "count": 0,
            "name": "Người dùng facebook"
        },
        {
            "id": "100038552462448",
            "count": 0,
            "name": "Người dùng facebook"
        },
        {
            "id": "100039312731379",
            "count": 0,
            "name": "Người dùng facebook"
        },
        {
            "id": "100039489969033",
            "count": 0,
            "name": "Người dùng facebook"
        },
        {
            "id": "100039751416250",
            "count": 0,
            "name": "Người dùng facebook"
        },
        {
            "id": "100039906795088",
            "count": 0,
            "name": "Người dùng facebook"
        },
        {
            "id": "100041774085712",
            "count": 0,
            "name": "Người dùng facebook"
        },
        {
            "id": "100042007996902",
            "count": 0,
            "name": "Người dùng facebook"
        },
        {
            "id": "100042078121623",
            "count": 0,
            "name": "Người dùng facebook"
        },
        {
            "id": "100042281414990",
            "count": 0,
            "name": "Người dùng facebook"
        },
        {
            "id": "100042492731855",
            "count": 0,
            "name": "Người dùng facebook"
        },
        {
            "id": "100042546557210",
            "count": 0,
            "name": "Người dùng facebook"
        },
        {
            "id": "100043424629713",
            "count": 0,
            "name": "Người dùng facebook"
        },
        {
            "id": "100045167884809",
            "count": 0,
            "name": "Người dùng facebook"
        },
        {
            "id": "100045533225875",
            "count": 0,
            "name": "Người dùng facebook"
        },
        {
            "id": "100045975873987",
            "count": 0,
            "name": "Người dùng facebook"
        },
        {
            "id": "100046046555138",
            "count": 0,
            "name": "Người dùng facebook"
        },
        {
            "id": "100046187708125",
            "count": 0,
            "name": "Người dùng facebook"
        },
        {
            "id": "100046742589521",
            "count": 0,
            "name": "Người dùng facebook"
        },
        {
            "id": "100047067093660",
            "count": 0,
            "name": "Người dùng facebook"
        },
        {
            "id": "100047244198568",
            "count": 0,
            "name": "Người dùng facebook"
        },
        {
            "id": "100048399522904",
            "count": 0,
            "name": "Người dùng facebook"
        },
        {
            "id": "100048705264163",
            "count": 0,
            "name": "Người dùng facebook"
        },
        {
            "id": "100048831676836",
            "count": 0,
            "name": "Người dùng facebook"
        },
        {
            "id": "100049434375390",
            "count": 0,
            "name": "Người dùng facebook"
        },
        {
            "id": "100049573441178",
            "count": 0,
            "name": "Người dùng facebook"
        },
        {
            "id": "100050091406428",
            "count": 0,
            "name": "Người dùng facebook"
        },
        {
            "id": "100050128037022",
            "count": 0,
            "name": "Người dùng facebook"
        },
        {
            "id": "100050474208030",
            "count": 0,
            "name": "Người dùng facebook"
        },
        {
            "id": "100050825193608",
            "count": 0,
            "name": "Người dùng facebook"
        },
        {
            "id": "100050894466465",
            "count": 0,
            "name": "Người dùng facebook"
        },
        {
            "id": "100051081469220",
            "count": 0,
            "name": "Người dùng facebook"
        },
        {
            "id": "100051241478493",
            "count": 0,
            "name": "Người dùng facebook"
        },
        {
            "id": "100051309150685",
            "count": 0,
            "name": "Người dùng facebook"
        },
        {
            "id": "100051666251206",
            "count": 0,
            "name": "Người dùng facebook"
        },
        {
            "id": "100051706898544",
            "count": 0,
            "name": "Người dùng facebook"
        },
        {
            "id": "100051736841089",
            "count": 0,
            "name": "Người dùng facebook"
        },
        {
            "id": "100051766902803",
            "count": 0,
            "name": "Người dùng facebook"
        },
        {
            "id": "100051807222467",
            "count": 0,
            "name": "Người dùng facebook"
        },
        {
            "id": "100052096688706",
            "count": 0,
            "name": "Người dùng facebook"
        },
        {
            "id": "100052114870908",
            "count": 0,
            "name": "Người dùng facebook"
        },
        {
            "id": "100052297592303",
            "count": 0,
            "name": "Người dùng facebook"
        },
        {
            "id": "100052732003643",
            "count": 0,
            "name": "Người dùng facebook"
        },
        {
            "id": "100052955641533",
            "count": 0,
            "name": "Người dùng facebook"
        },
        {
            "id": "100053042191523",
            "count": 0,
            "name": "Người dùng facebook"
        },
        {
            "id": "100053332569631",
            "count": 0,
            "name": "Người dùng facebook"
        },
        {
            "id": "100053366761581",
            "count": 0,
            "name": "Người dùng facebook"
        },
        {
            "id": "100054244747496",
            "count": 0,
            "name": "Người dùng facebook"
        },
        {
            "id": "100054744482792",
            "count": 0,
            "name": "Người dùng facebook"
        },
        {
            "id": "100054766523166",
            "count": 0,
            "name": "Người dùng facebook"
        },
        {
            "id": "100055405084456",
            "count": 0,
            "name": "Người dùng facebook"
        },
        {
            "id": "100055470850431",
            "count": 0,
            "name": "Người dùng facebook"
        },
        {
            "id": "100055736567699",
            "count": 0,
            "name": "Người dùng facebook"
        },
        {
            "id": "100055762476953",
            "count": 0,
            "name": "Người dùng facebook"
        },
        {
            "id": "100056656884988",
            "count": 0,
            "name": "Người dùng facebook"
        },
        {
            "id": "100056958878575",
            "count": 0,
            "name": "Người dùng facebook"
        },
        {
            "id": "100057184291769",
            "count": 0,
            "name": "Người dùng facebook"
        },
        {
            "id": "100058356494664",
            "count": 0,
            "name": "Người dùng facebook"
        },
        {
            "id": "100058926565768",
            "count": 0,
            "name": "Người dùng facebook"
        },
        {
            "id": "100059147637078",
            "count": 0,
            "name": "Người dùng facebook"
        },
        {
            "id": "100061213094052",
            "count": 0,
            "name": "Người dùng facebook"
        },
        {
            "id": "100061576634495",
            "count": 0,
            "name": "Người dùng facebook"
        },
        {
            "id": "100061883691741",
            "count": 0,
            "name": "Người dùng facebook"
        },
        {
            "id": "100062987265490",
            "count": 0,
            "name": "Người dùng facebook"
        },
        {
            "id": "100063493899555",
            "count": 0,
            "name": "Người dùng facebook"
        },
        {
            "id": "100063532304158",
            "count": 0,
            "name": "Người dùng facebook"
        },
        {
            "id": "100063830771742",
            "count": 0,
            "name": "Người dùng facebook"
        },
        {
            "id": "100064105894722",
            "count": 0,
            "name": "Người dùng facebook"
        },
        {
            "id": "100064205354139",
            "count": 0,
            "name": "Người dùng facebook"
        },
        {
            "id": "100064844883000",
            "count": 0,
            "name": "Người dùng facebook"
        },
        {
            "id": "100065065788472",
            "count": 0,
            "name": "Người dùng facebook"
        },
        {
            "id": "100065244391671",
            "count": 0,
            "name": "Người dùng facebook"
        },
        {
            "id": "100065278562116",
            "count": 0,
            "name": "Người dùng facebook"
        },
        {
            "id": "100065281713932",
            "count": 0,
            "name": "Người dùng facebook"
        },
        {
            "id": "100065329717199",
            "count": 0,
            "name": "Người dùng facebook"
        },
        {
            "id": "100065746928317",
            "count": 0,
            "name": "Người dùng facebook"
        },
        {
            "id": "100066179745364",
            "count": 0,
            "name": "Người dùng facebook"
        },
        {
            "id": "100066504593656",
            "count": 0,
            "name": "Người dùng facebook"
        },
        {
            "id": "100066944301730",
            "count": 0,
            "name": "Người dùng facebook"
        },
        {
            "id": "100067174098780",
            "count": 0,
            "name": "Người dùng facebook"
        },
        {
            "id": "100067570255182",
            "count": 0,
            "name": "Người dùng facebook"
        },
        {
            "id": "100067625166120",
            "count": 0,
            "name": "Người dùng facebook"
        },
        {
            "id": "100067918128205",
            "count": 0,
            "name": "Người dùng facebook"
        },
        {
            "id": "100068399804354",
            "count": 0,
            "name": "Người dùng facebook"
        },
        {
            "id": "100068585688054",
            "count": 0,
            "name": "Người dùng facebook"
        },
        {
            "id": "100068633511740",
            "count": 0,
            "name": "Người dùng facebook"
        },
        {
            "id": "100068650732340",
            "count": 0,
            "name": "Người dùng facebook"
        },
        {
            "id": "100068790887425",
            "count": 0,
            "name": "Người dùng facebook"
        },
        {
            "id": "100068962913475",
            "count": 0,
            "name": "Người dùng facebook"
        },
        {
            "id": "100069210473954",
            "count": 0,
            "name": "Người dùng facebook"
        },
        {
            "id": "100069574867833",
            "count": 0,
            "name": "Người dùng facebook"
        },
        {
            "id": "100070346477321",
            "count": 0,
            "name": "Người dùng facebook"
        },
        {
            "id": "100071169090685",
            "count": 0,
            "name": "Người dùng facebook"
        },
        {
            "id": "100071179873022",
            "count": 0,
            "name": "Người dùng facebook"
        },
        {
            "id": "100071362925505",
            "count": 0,
            "name": "Người dùng facebook"
        },
        {
            "id": "100071601339945",
            "count": 0,
            "name": "Người dùng facebook"
        },
        {
            "id": "100072104686593",
            "count": 0,
            "name": "Người dùng facebook"
        },
        {
            "id": "100072351678673",
            "count": 0,
            "name": "Người dùng facebook"
        },
        {
            "id": "100072760261919",
            "count": 0,
            "name": "Người dùng facebook"
        },
        {
            "id": "100072924314857",
            "count": 0,
            "name": "Người dùng facebook"
        },
        {
            "id": "100073135421037",
            "count": 0,
            "name": "Người dùng facebook"
        },
        {
            "id": "100073284371082",
            "count": 0,
            "name": "Người dùng facebook"
        },
        {
            "id": "100073488700267",
            "count": 0,
            "name": "Người dùng facebook"
        },
        {
            "id": "100073608292015",
            "count": 0,
            "name": "Người dùng facebook"
        },
        {
            "id": "100073792001859",
            "count": 0,
            "name": "Người dùng facebook"
        },
        {
            "id": "100073940537751",
            "count": 0,
            "name": "Người dùng facebook"
        },
        {
            "id": "100073993336083",
            "count": 0,
            "name": "Người dùng facebook"
        },
        {
            "id": "100074063465553",
            "count": 0,
            "name": "Người dùng facebook"
        },
        {
            "id": "100074105026377",
            "count": 0,
            "name": "Người dùng facebook"
        },
        {
            "id": "100074105380169",
            "count": 0,
            "name": "Người dùng facebook"
        },
        {
            "id": "100074284282226",
            "count": 0,
            "name": "Người dùng facebook"
        },
        {
            "id": "100074589821389",
            "count": 0,
            "name": "Người dùng facebook"
        },
        {
            "id": "100074682940902",
            "count": 0,
            "name": "Người dùng facebook"
        },
        {
            "id": "100075168770234",
            "count": 0,
            "name": "Người dùng facebook"
        },
        {
            "id": "100075233590038",
            "count": 0,
            "name": "Người dùng facebook"
        },
        {
            "id": "100075313864786",
            "count": 0,
            "name": "Người dùng facebook"
        },
        {
            "id": "100075351466247",
            "count": 0,
            "name": "Người dùng facebook"
        },
        {
            "id": "100075945426446",
            "count": 0,
            "name": "Người dùng facebook"
        },
        {
            "id": "100076119327819",
            "count": 0,
            "name": "Người dùng facebook"
        },
        {
            "id": "100076264561286",
            "count": 0,
            "name": "Người dùng facebook"
        },
        {
            "id": "100076533770672",
            "count": 0,
            "name": "Người dùng facebook"
        },
        {
            "id": "100076559140095",
            "count": 0,
            "name": "Người dùng facebook"
        },
        {
            "id": "100076744074556",
            "count": 0,
            "name": "Người dùng facebook"
        },
        {
            "id": "100077362607801",
            "count": 0,
            "name": "Người dùng facebook"
        },
        {
            "id": "100077602039666",
            "count": 0,
            "name": "Người dùng facebook"
        },
        {
            "id": "100077694547428",
            "count": 0,
            "name": "Người dùng facebook"
        },
        {
            "id": "100077863902542",
            "count": 0,
            "name": "Người dùng facebook"
        },
        {
            "id": "100078050931964",
            "count": 0,
            "name": "Người dùng facebook"
        },
        {
            "id": "100078066727863",
            "count": 0,
            "name": "Người dùng facebook"
        },
        {
            "id": "100078070700551",
            "count": 0,
            "name": "Người dùng facebook"
        },
        {
            "id": "100078212926219",
            "count": 0,
            "name": "Người dùng facebook"
        },
        {
            "id": "100078993308846",
            "count": 0,
            "name": "Người dùng facebook"
        },
        {
            "id": "100079629137681",
            "count": 0,
            "name": "Người dùng facebook"
        },
        {
            "id": "100079896371612",
            "count": 0,
            "name": "Người dùng facebook"
        },
        {
            "id": "100080059200355",
            "count": 0,
            "name": "Người dùng facebook"
        },
        {
            "id": "100080213217314",
            "count": 0,
            "name": "Người dùng facebook"
        },
        {
            "id": "100080427202476",
            "count": 0,
            "name": "Người dùng facebook"
        },
        {
            "id": "100080514561521",
            "count": 0,
            "name": "Người dùng facebook"
        },
        {
            "id": "100080752583213",
            "count": 0,
            "name": "Người dùng facebook"
        },
        {
            "id": "100080840167616",
            "count": 0,
            "name": "Người dùng facebook"
        },
        {
            "id": "100081100452521",
            "count": 0,
            "name": "Người dùng facebook"
        },
        {
            "id": "100081123360263",
            "count": 0,
            "name": "Người dùng facebook"
        },
        {
            "id": "100081188030429",
            "count": 0,
            "name": "Người dùng facebook"
        },
        {
            "id": "100081255265951",
            "count": 0,
            "name": "Người dùng facebook"
        },
        {
            "id": "100081332730748",
            "count": 0,
            "name": "Người dùng facebook"
        },
        {
            "id": "100081438480601",
            "count": 0,
            "name": "Người dùng facebook"
        },
        {
            "id": "100081808360957",
            "count": 0,
            "name": "Người dùng facebook"
        },
        {
            "id": "100081890148333",
            "count": 0,
            "name": "Người dùng facebook"
        },
        {
            "id": "100081969227305",
            "count": 0,
            "name": "Người dùng facebook"
        },
        {
            "id": "100081972555890",
            "count": 0,
            "name": "Người dùng facebook"
        },
        {
            "id": "100082143381119",
            "count": 0,
            "name": "Người dùng facebook"
        },
        {
            "id": "100082301451684",
            "count": 0,
            "name": "Người dùng facebook"
        },
        {
            "id": "100082337763145",
            "count": 0,
            "name": "Người dùng facebook"
        },
        {
            "id": "100082483099030",
            "count": 0,
            "name": "Người dùng facebook"
        },
        {
            "id": "100082520259487",
            "count": 0,
            "name": "Người dùng facebook"
        },
        {
            "id": "100083785041698",
            "count": 0,
            "name": "Người dùng facebook"
        },
        {
            "id": "100084218141480",
            "count": 0,
            "name": "Người dùng facebook"
        }
    ],
    "day": [
        {
            "id": "504233328",
            "count": 0,
            "name": "Người dùng facebook"
        },
        {
            "id": "754469335",
            "count": 0,
            "name": "Người dùng facebook"
        },
        {
            "id": "1049158372",
            "count": 0,
            "name": "Người dùng facebook"
        },
        {
            "id": "1581690141",
            "count": 0,
            "name": "Người dùng facebook"
        },
        {
            "id": "1731201085",
            "count": 0,
            "name": "Người dùng facebook"
        },
        {
            "id": "100000325599400",
            "count": 0,
            "name": "Người dùng facebook"
        },
        {
            "id": "100000920311931",
            "count": 0,
            "name": "Người dùng facebook"
        },
        {
            "id": "100001192947333",
            "count": 0,
            "name": "Người dùng facebook"
        },
        {
            "id": "100001250874173",
            "count": 0,
            "name": "Người dùng facebook"
        },
        {
            "id": "100005136152838",
            "count": 0,
            "name": "Người dùng facebook"
        },
        {
            "id": "100005547450879",
            "count": 0,
            "name": "Người dùng facebook"
        },
        {
            "id": "100005820005115",
            "count": 0,
            "name": "Người dùng facebook"
        },
        {
            "id": "100006581914284",
            "count": 0,
            "name": "Người dùng facebook"
        },
        {
            "id": "100006789540741",
            "count": 0,
            "name": "Người dùng facebook"
        },
        {
            "id": "100009252071058",
            "count": 0,
            "name": "Người dùng facebook"
        },
        {
            "id": "100011249640948",
            "count": 0,
            "name": "Người dùng facebook"
        },
        {
            "id": "100011264200640",
            "count": 0,
            "name": "Người dùng facebook"
        },
        {
            "id": "100011385994649",
            "count": 0,
            "name": "Người dùng facebook"
        },
        {
            "id": "100012085007643",
            "count": 0,
            "name": "Người dùng facebook"
        },
        {
            "id": "100014587112650",
            "count": 0,
            "name": "Người dùng facebook"
        },
        {
            "id": "100016275644699",
            "count": 0,
            "name": "Người dùng facebook"
        },
        {
            "id": "100016883260900",
            "count": 0,
            "name": "Người dùng facebook"
        },
        {
            "id": "100018050977114",
            "count": 0,
            "name": "Người dùng facebook"
        },
        {
            "id": "100018939342355",
            "count": 0,
            "name": "Người dùng facebook"
        },
        {
            "id": "100019119180385",
            "count": 0,
            "name": "Người dùng facebook"
        },
        {
            "id": "100019598764383",
            "count": 0,
            "name": "Người dùng facebook"
        },
        {
            "id": "100020090745052",
            "count": 0,
            "name": "Người dùng facebook"
        },
        {
            "id": "100020878956606",
            "count": 0,
            "name": "Người dùng facebook"
        },
        {
            "id": "100021120412367",
            "count": 0,
            "name": "Người dùng facebook"
        },
        {
            "id": "100023250277879",
            "count": 0,
            "name": "Người dùng facebook"
        },
        {
            "id": "100024021394369",
            "count": 0,
            "name": "Người dùng facebook"
        },
        {
            "id": "100025405690091",
            "count": 0,
            "name": "Người dùng facebook"
        },
        {
            "id": "100025648312957",
            "count": 0,
            "name": "Người dùng facebook"
        },
        {
            "id": "100025799460188",
            "count": 0,
            "name": "Người dùng facebook"
        },
        {
            "id": "100026333988561",
            "count": 0,
            "name": "Người dùng facebook"
        },
        {
            "id": "100026741985861",
            "count": 0,
            "name": "Người dùng facebook"
        },
        {
            "id": "100027666248851",
            "count": 0,
            "name": "Người dùng facebook"
        },
        {
            "id": "100028495838540",
            "count": 0,
            "name": "Người dùng facebook"
        },
        {
            "id": "100029425793160",
            "count": 0,
            "name": "Người dùng facebook"
        },
        {
            "id": "100029743775651",
            "count": 0,
            "name": "Người dùng facebook"
        },
        {
            "id": "100029960071983",
            "count": 0,
            "name": "Người dùng facebook"
        },
        {
            "id": "100030421702559",
            "count": 0,
            "name": "Người dùng facebook"
        },
        {
            "id": "100030438129710",
            "count": 0,
            "name": "Người dùng facebook"
        },
        {
            "id": "100031000009159",
            "count": 0,
            "name": "Người dùng facebook"
        },
        {
            "id": "100031675704024",
            "count": 0,
            "name": "Người dùng facebook"
        },
        {
            "id": "100032488386265",
            "count": 0,
            "name": "Người dùng facebook"
        },
        {
            "id": "100033503716055",
            "count": 0,
            "name": "Người dùng facebook"
        },
        {
            "id": "100033539331608",
            "count": 0,
            "name": "Người dùng facebook"
        },
        {
            "id": "100033998773545",
            "count": 0,
            "name": "Người dùng facebook"
        },
        {
            "id": "100034668202983",
            "count": 0,
            "name": "Người dùng facebook"
        },
        {
            "id": "100035217803442",
            "count": 0,
            "name": "Người dùng facebook"
        },
        {
            "id": "100035661821395",
            "count": 0,
            "name": "Người dùng facebook"
        },
        {
            "id": "100037230091817",
            "count": 0,
            "name": "Người dùng facebook"
        },
        {
            "id": "100037849567393",
            "count": 0,
            "name": "Người dùng facebook"
        },
        {
            "id": "100038237131182",
            "count": 0,
            "name": "Người dùng facebook"
        },
        {
            "id": "100038335955114",
            "count": 0,
            "name": "Người dùng facebook"
        },
        {
            "id": "100038389538714",
            "count": 0,
            "name": "Người dùng facebook"
        },
        {
            "id": "100038404721236",
            "count": 0,
            "name": "Người dùng facebook"
        },
        {
            "id": "100038552462448",
            "count": 0,
            "name": "Người dùng facebook"
        },
        {
            "id": "100039312731379",
            "count": 0,
            "name": "Người dùng facebook"
        },
        {
            "id": "100039489969033",
            "count": 0,
            "name": "Người dùng facebook"
        },
        {
            "id": "100039751416250",
            "count": 0,
            "name": "Người dùng facebook"
        },
        {
            "id": "100039906795088",
            "count": 0,
            "name": "Người dùng facebook"
        },
        {
            "id": "100041774085712",
            "count": 0,
            "name": "Người dùng facebook"
        },
        {
            "id": "100042007996902",
            "count": 0,
            "name": "Người dùng facebook"
        },
        {
            "id": "100042078121623",
            "count": 0,
            "name": "Người dùng facebook"
        },
        {
            "id": "100042281414990",
            "count": 0,
            "name": "Người dùng facebook"
        },
        {
            "id": "100042492731855",
            "count": 0,
            "name": "Người dùng facebook"
        },
        {
            "id": "100042546557210",
            "count": 0,
            "name": "Người dùng facebook"
        },
        {
            "id": "100043424629713",
            "count": 0,
            "name": "Người dùng facebook"
        },
        {
            "id": "100045167884809",
            "count": 0,
            "name": "Người dùng facebook"
        },
        {
            "id": "100045533225875",
            "count": 0,
            "name": "Người dùng facebook"
        },
        {
            "id": "100045975873987",
            "count": 0,
            "name": "Người dùng facebook"
        },
        {
            "id": "100046046555138",
            "count": 0,
            "name": "Người dùng facebook"
        },
        {
            "id": "100046187708125",
            "count": 0,
            "name": "Người dùng facebook"
        },
        {
            "id": "100046742589521",
            "count": 0,
            "name": "Người dùng facebook"
        },
        {
            "id": "100047067093660",
            "count": 0,
            "name": "Người dùng facebook"
        },
        {
            "id": "100047244198568",
            "count": 0,
            "name": "Người dùng facebook"
        },
        {
            "id": "100048399522904",
            "count": 0,
            "name": "Người dùng facebook"
        },
        {
            "id": "100048705264163",
            "count": 0,
            "name": "Người dùng facebook"
        },
        {
            "id": "100048831676836",
            "count": 0,
            "name": "Người dùng facebook"
        },
        {
            "id": "100049434375390",
            "count": 0,
            "name": "Người dùng facebook"
        },
        {
            "id": "100049573441178",
            "count": 0,
            "name": "Người dùng facebook"
        },
        {
            "id": "100050091406428",
            "count": 0,
            "name": "Người dùng facebook"
        },
        {
            "id": "100050128037022",
            "count": 0,
            "name": "Người dùng facebook"
        },
        {
            "id": "100050474208030",
            "count": 0,
            "name": "Người dùng facebook"
        },
        {
            "id": "100050825193608",
            "count": 0,
            "name": "Người dùng facebook"
        },
        {
            "id": "100050894466465",
            "count": 0,
            "name": "Người dùng facebook"
        },
        {
            "id": "100051081469220",
            "count": 0,
            "name": "Người dùng facebook"
        },
        {
            "id": "100051241478493",
            "count": 0,
            "name": "Người dùng facebook"
        },
        {
            "id": "100051309150685",
            "count": 0,
            "name": "Người dùng facebook"
        },
        {
            "id": "100051666251206",
            "count": 0,
            "name": "Người dùng facebook"
        },
        {
            "id": "100051706898544",
            "count": 0,
            "name": "Người dùng facebook"
        },
        {
            "id": "100051736841089",
            "count": 0,
            "name": "Người dùng facebook"
        },
        {
            "id": "100051766902803",
            "count": 0,
            "name": "Người dùng facebook"
        },
        {
            "id": "100051807222467",
            "count": 0,
            "name": "Người dùng facebook"
        },
        {
            "id": "100052096688706",
            "count": 0,
            "name": "Người dùng facebook"
        },
        {
            "id": "100052114870908",
            "count": 0,
            "name": "Người dùng facebook"
        },
        {
            "id": "100052297592303",
            "count": 0,
            "name": "Người dùng facebook"
        },
        {
            "id": "100052732003643",
            "count": 0,
            "name": "Người dùng facebook"
        },
        {
            "id": "100052955641533",
            "count": 0,
            "name": "Người dùng facebook"
        },
        {
            "id": "100053042191523",
            "count": 0,
            "name": "Người dùng facebook"
        },
        {
            "id": "100053332569631",
            "count": 0,
            "name": "Người dùng facebook"
        },
        {
            "id": "100053366761581",
            "count": 0,
            "name": "Người dùng facebook"
        },
        {
            "id": "100054244747496",
            "count": 0,
            "name": "Người dùng facebook"
        },
        {
            "id": "100054744482792",
            "count": 0,
            "name": "Người dùng facebook"
        },
        {
            "id": "100054766523166",
            "count": 0,
            "name": "Người dùng facebook"
        },
        {
            "id": "100055405084456",
            "count": 0,
            "name": "Người dùng facebook"
        },
        {
            "id": "100055470850431",
            "count": 0,
            "name": "Người dùng facebook"
        },
        {
            "id": "100055736567699",
            "count": 0,
            "name": "Người dùng facebook"
        },
        {
            "id": "100055762476953",
            "count": 0,
            "name": "Người dùng facebook"
        },
        {
            "id": "100056656884988",
            "count": 0,
            "name": "Người dùng facebook"
        },
        {
            "id": "100056958878575",
            "count": 0,
            "name": "Người dùng facebook"
        },
        {
            "id": "100057184291769",
            "count": 0,
            "name": "Người dùng facebook"
        },
        {
            "id": "100058356494664",
            "count": 0,
            "name": "Người dùng facebook"
        },
        {
            "id": "100058926565768",
            "count": 0,
            "name": "Người dùng facebook"
        },
        {
            "id": "100059147637078",
            "count": 0,
            "name": "Người dùng facebook"
        },
        {
            "id": "100061213094052",
            "count": 0,
            "name": "Người dùng facebook"
        },
        {
            "id": "100061576634495",
            "count": 0,
            "name": "Người dùng facebook"
        },
        {
            "id": "100061883691741",
            "count": 0,
            "name": "Người dùng facebook"
        },
        {
            "id": "100062987265490",
            "count": 0,
            "name": "Người dùng facebook"
        },
        {
            "id": "100063493899555",
            "count": 0,
            "name": "Người dùng facebook"
        },
        {
            "id": "100063532304158",
            "count": 0,
            "name": "Người dùng facebook"
        },
        {
            "id": "100063830771742",
            "count": 0,
            "name": "Người dùng facebook"
        },
        {
            "id": "100064105894722",
            "count": 0,
            "name": "Người dùng facebook"
        },
        {
            "id": "100064205354139",
            "count": 0,
            "name": "Người dùng facebook"
        },
        {
            "id": "100064844883000",
            "count": 0,
            "name": "Người dùng facebook"
        },
        {
            "id": "100065065788472",
            "count": 0,
            "name": "Người dùng facebook"
        },
        {
            "id": "100065244391671",
            "count": 0,
            "name": "Người dùng facebook"
        },
        {
            "id": "100065278562116",
            "count": 0,
            "name": "Người dùng facebook"
        },
        {
            "id": "100065281713932",
            "count": 0,
            "name": "Người dùng facebook"
        },
        {
            "id": "100065329717199",
            "count": 0,
            "name": "Người dùng facebook"
        },
        {
            "id": "100065746928317",
            "count": 0,
            "name": "Người dùng facebook"
        },
        {
            "id": "100066179745364",
            "count": 0,
            "name": "Người dùng facebook"
        },
        {
            "id": "100066504593656",
            "count": 0,
            "name": "Người dùng facebook"
        },
        {
            "id": "100066944301730",
            "count": 0,
            "name": "Người dùng facebook"
        },
        {
            "id": "100067174098780",
            "count": 0,
            "name": "Người dùng facebook"
        },
        {
            "id": "100067570255182",
            "count": 0,
            "name": "Người dùng facebook"
        },
        {
            "id": "100067625166120",
            "count": 0,
            "name": "Người dùng facebook"
        },
        {
            "id": "100067918128205",
            "count": 0,
            "name": "Người dùng facebook"
        },
        {
            "id": "100068399804354",
            "count": 0,
            "name": "Người dùng facebook"
        },
        {
            "id": "100068585688054",
            "count": 0,
            "name": "Người dùng facebook"
        },
        {
            "id": "100068633511740",
            "count": 0,
            "name": "Người dùng facebook"
        },
        {
            "id": "100068650732340",
            "count": 0,
            "name": "Người dùng facebook"
        },
        {
            "id": "100068790887425",
            "count": 0,
            "name": "Người dùng facebook"
        },
        {
            "id": "100068962913475",
            "count": 0,
            "name": "Người dùng facebook"
        },
        {
            "id": "100069210473954",
            "count": 0,
            "name": "Người dùng facebook"
        },
        {
            "id": "100069574867833",
            "count": 0,
            "name": "Người dùng facebook"
        },
        {
            "id": "100070346477321",
            "count": 0,
            "name": "Người dùng facebook"
        },
        {
            "id": "100071169090685",
            "count": 0,
            "name": "Người dùng facebook"
        },
        {
            "id": "100071179873022",
            "count": 0,
            "name": "Người dùng facebook"
        },
        {
            "id": "100071362925505",
            "count": 0,
            "name": "Người dùng facebook"
        },
        {
            "id": "100071601339945",
            "count": 0,
            "name": "Người dùng facebook"
        },
        {
            "id": "100072104686593",
            "count": 0,
            "name": "Người dùng facebook"
        },
        {
            "id": "100072351678673",
            "count": 0,
            "name": "Người dùng facebook"
        },
        {
            "id": "100072760261919",
            "count": 0,
            "name": "Người dùng facebook"
        },
        {
            "id": "100072924314857",
            "count": 0,
            "name": "Người dùng facebook"
        },
        {
            "id": "100073135421037",
            "count": 0,
            "name": "Người dùng facebook"
        },
        {
            "id": "100073284371082",
            "count": 0,
            "name": "Người dùng facebook"
        },
        {
            "id": "100073488700267",
            "count": 0,
            "name": "Người dùng facebook"
        },
        {
            "id": "100073608292015",
            "count": 0,
            "name": "Người dùng facebook"
        },
        {
            "id": "100073792001859",
            "count": 0,
            "name": "Người dùng facebook"
        },
        {
            "id": "100073940537751",
            "count": 0,
            "name": "Người dùng facebook"
        },
        {
            "id": "100073993336083",
            "count": 0,
            "name": "Người dùng facebook"
        },
        {
            "id": "100074063465553",
            "count": 0,
            "name": "Người dùng facebook"
        },
        {
            "id": "100074105026377",
            "count": 0,
            "name": "Người dùng facebook"
        },
        {
            "id": "100074105380169",
            "count": 0,
            "name": "Người dùng facebook"
        },
        {
            "id": "100074284282226",
            "count": 0,
            "name": "Người dùng facebook"
        },
        {
            "id": "100074589821389",
            "count": 0,
            "name": "Người dùng facebook"
        },
        {
            "id": "100074682940902",
            "count": 0,
            "name": "Người dùng facebook"
        },
        {
            "id": "100075168770234",
            "count": 0,
            "name": "Người dùng facebook"
        },
        {
            "id": "100075233590038",
            "count": 0,
            "name": "Người dùng facebook"
        },
        {
            "id": "100075313864786",
            "count": 0,
            "name": "Người dùng facebook"
        },
        {
            "id": "100075351466247",
            "count": 0,
            "name": "Người dùng facebook"
        },
        {
            "id": "100075945426446",
            "count": 0,
            "name": "Người dùng facebook"
        },
        {
            "id": "100076119327819",
            "count": 0,
            "name": "Người dùng facebook"
        },
        {
            "id": "100076264561286",
            "count": 0,
            "name": "Người dùng facebook"
        },
        {
            "id": "100076533770672",
            "count": 0,
            "name": "Người dùng facebook"
        },
        {
            "id": "100076559140095",
            "count": 0,
            "name": "Người dùng facebook"
        },
        {
            "id": "100076744074556",
            "count": 0,
            "name": "Người dùng facebook"
        },
        {
            "id": "100077362607801",
            "count": 0,
            "name": "Người dùng facebook"
        },
        {
            "id": "100077602039666",
            "count": 0,
            "name": "Người dùng facebook"
        },
        {
            "id": "100077694547428",
            "count": 0,
            "name": "Người dùng facebook"
        },
        {
            "id": "100077863902542",
            "count": 0,
            "name": "Người dùng facebook"
        },
        {
            "id": "100078050931964",
            "count": 0,
            "name": "Người dùng facebook"
        },
        {
            "id": "100078066727863",
            "count": 0,
            "name": "Người dùng facebook"
        },
        {
            "id": "100078070700551",
            "count": 0,
            "name": "Người dùng facebook"
        },
        {
            "id": "100078212926219",
            "count": 0,
            "name": "Người dùng facebook"
        },
        {
            "id": "100078993308846",
            "count": 0,
            "name": "Người dùng facebook"
        },
        {
            "id": "100079629137681",
            "count": 0,
            "name": "Người dùng facebook"
        },
        {
            "id": "100079896371612",
            "count": 0,
            "name": "Người dùng facebook"
        },
        {
            "id": "100080059200355",
            "count": 0,
            "name": "Người dùng facebook"
        },
        {
            "id": "100080213217314",
            "count": 0,
            "name": "Người dùng facebook"
        },
        {
            "id": "100080427202476",
            "count": 0,
            "name": "Người dùng facebook"
        },
        {
            "id": "100080514561521",
            "count": 0,
            "name": "Người dùng facebook"
        },
        {
            "id": "100080752583213",
            "count": 0,
            "name": "Người dùng facebook"
        },
        {
            "id": "100080840167616",
            "count": 0,
            "name": "Người dùng facebook"
        },
        {
            "id": "100081100452521",
            "count": 0,
            "name": "Người dùng facebook"
        },
        {
            "id": "100081123360263",
            "count": 0,
            "name": "Người dùng facebook"
        },
        {
            "id": "100081188030429",
            "count": 0,
            "name": "Người dùng facebook"
        },
        {
            "id": "100081255265951",
            "count": 0,
            "name": "Người dùng facebook"
        },
        {
            "id": "100081332730748",
            "count": 0,
            "name": "Người dùng facebook"
        },
        {
            "id": "100081438480601",
            "count": 0,
            "name": "Người dùng facebook"
        },
        {
            "id": "100081808360957",
            "count": 0,
            "name": "Người dùng facebook"
        },
        {
            "id": "100081890148333",
            "count": 0,
            "name": "Người dùng facebook"
        },
        {
            "id": "100081969227305",
            "count": 0,
            "name": "Người dùng facebook"
        },
        {
            "id": "100081972555890",
            "count": 0,
            "name": "Người dùng facebook"
        },
        {
            "id": "100082143381119",
            "count": 0,
            "name": "Người dùng facebook"
        },
        {
            "id": "100082301451684",
            "count": 0,
            "name": "Người dùng facebook"
        },
        {
            "id": "100082337763145",
            "count": 0,
            "name": "Người dùng facebook"
        },
        {
            "id": "100082483099030",
            "count": 0,
            "name": "Người dùng facebook"
        },
        {
            "id": "100082520259487",
            "count": 0,
            "name": "Người dùng facebook"
        },
        {
            "id": "100083785041698",
            "count": 0,
            "name": "Người dùng facebook"
        },
        {
            "id": "100084218141480",
            "count": 0,
            "name": "Người dùng facebook"
        }
    ],
    "time": 6
}