{
    "total": [
        {
            "id": "100006293658526",
            "count": 11
        },
        {
            "id": "100007879322486",
            "count": 7
        },
        {
            "id": "100010137995213",
            "count": 224
        },
        {
            "id": "100010453152307",
            "count": 0
        },
        {
            "id": "100011368732194",
            "count": 126
        },
        {
            "id": "100012062893716",
            "count": 1
        },
        {
            "id": "100012954071057",
            "count": 469
        },
        {
            "id": "100013942628281",
            "count": 1
        },
        {
            "id": "100014638753529",
            "count": 1
        },
        {
            "id": "100017060382186",
            "count": 10
        },
        {
            "id": "100020596047053",
            "count": 4
        },
        {
            "id": "100021518868551",
            "count": 7
        },
        {
            "id": "100021803076104",
            "count": 3
        },
        {
            "id": "100021896133024",
            "count": 485
        },
        {
            "id": "100022913854113",
            "count": 2
        },
        {
            "id": "100023695755495",
            "count": 1
        },
        {
            "id": "100026905118170",
            "count": 99
        },
        {
            "id": "100026972169252",
            "count": 0
        },
        {
            "id": "100027773105506",
            "count": 0
        },
        {
            "id": "100028390023949",
            "count": 22
        },
        {
            "id": "100029428921747",
            "count": 0
        },
        {
            "id": "100035250165833",
            "count": 0
        },
        {
            "id": "100035540448516",
            "count": 0
        },
        {
            "id": "100035610644691",
            "count": 13
        },
        {
            "id": "100035971321882",
            "count": 0
        },
        {
            "id": "100036048377646",
            "count": 41
        },
        {
            "id": "100036791334324",
            "count": 0
        },
        {
            "id": "100036907057777",
            "count": 3
        },
        {
            "id": "100037512344636",
            "count": 0
        },
        {
            "id": "100038006170030",
            "count": 3
        },
        {
            "id": "100038011605471",
            "count": 32
        },
        {
            "id": "100038343527003",
            "count": 1
        },
        {
            "id": "100038679036737",
            "count": 0
        },
        {
            "id": "100039670007250",
            "count": 0
        },
        {
            "id": "100039918942111",
            "count": 14
        },
        {
            "id": "100041092571820",
            "count": 111
        },
        {
            "id": "100041139134787",
            "count": 0
        },
        {
            "id": "100041560266926",
            "count": 29
        },
        {
            "id": "100042976038182",
            "count": 254
        },
        {
            "id": "100043499182039",
            "count": 71
        },
        {
            "id": "100043570996242",
            "count": 21
        },
        {
            "id": "100044531392523",
            "count": 0
        },
        {
            "id": "100045541202845",
            "count": 209
        },
        {
            "id": "100047278174550",
            "count": 10
        },
        {
            "id": "100047731580020",
            "count": 3
        },
        {
            "id": "100048578806091",
            "count": 75
        },
        {
            "id": "100049029467078",
            "count": 168
        },
        {
            "id": "100049523297681",
            "count": 12
        },
        {
            "id": "100051196321896",
            "count": 0
        },
        {
            "id": "100051226650453",
            "count": 0
        },
        {
            "id": "100051280874114",
            "count": 12
        },
        {
            "id": "100051405511128",
            "count": 0
        },
        {
            "id": "100051496149322",
            "count": 0
        },
        {
            "id": "100051916716707",
            "count": 11
        },
        {
            "id": "100052525635961",
            "count": 19
        },
        {
            "id": "100053645206631",
            "count": 0
        },
        {
            "id": "100054782420694",
            "count": 51
        },
        {
            "id": "100055600650823",
            "count": 947
        },
        {
            "id": "100055723165964",
            "count": 2
        },
        {
            "id": "100056261756360",
            "count": 71
        },
        {
            "id": "100057233797201",
            "count": 10
        },
        {
            "id": "100057782672553",
            "count": 6
        },
        {
            "id": "100058580811634",
            "count": 5
        },
        {
            "id": "100061772872219",
            "count": 0
        },
        {
            "id": "100063752716941",
            "count": 0
        },
        {
            "id": "100063804399502",
            "count": 3
        },
        {
            "id": "100064543115008",
            "count": 1
        },
        {
            "id": "100064734266120",
            "count": 1
        },
        {
            "id": "100065008343453",
            "count": 10
        },
        {
            "id": "100065420751549",
            "count": 118
        },
        {
            "id": "100065452298777",
            "count": 69
        },
        {
            "id": "100065737136279",
            "count": 0
        },
        {
            "id": "100066554442570",
            "count": 2
        },
        {
            "id": "100067760390746",
            "count": 0
        },
        {
            "id": "100068266293797",
            "count": 1218
        },
        {
            "id": "100068625158094",
            "count": 9
        },
        {
            "id": "100069056260264",
            "count": 0
        },
        {
            "id": "100069295346821",
            "count": 21
        },
        {
            "id": "100069475126012",
            "count": 2
        },
        {
            "id": "100070414639578",
            "count": 0
        },
        {
            "id": "100070651527144",
            "count": 0
        },
        {
            "id": "100070852308874",
            "count": 0
        },
        {
            "id": "100070962705103",
            "count": 382
        },
        {
            "id": "100071150665847",
            "count": 0
        },
        {
            "id": "100071556693441",
            "count": 49
        },
        {
            "id": "100071591321588",
            "count": 32
        },
        {
            "id": "100072526120023",
            "count": 4
        },
        {
            "id": "100072743678590",
            "count": 1
        },
        {
            "id": "100073017857475",
            "count": 12
        },
        {
            "id": "100073137677584",
            "count": 0
        },
        {
            "id": "100073146683793",
            "count": 335
        },
        {
            "id": "100073659318362",
            "count": 10
        },
        {
            "id": "100073832888090",
            "count": 584
        },
        {
            "id": "100074401500576",
            "count": 11
        },
        {
            "id": "100074473585379",
            "count": 25
        },
        {
            "id": "100074744877778",
            "count": 384
        },
        {
            "id": "100074849437773",
            "count": 209
        },
        {
            "id": "100075037102158",
            "count": 1466
        },
        {
            "id": "100075127972822",
            "count": 0
        },
        {
            "id": "100075463840222",
            "count": 13
        },
        {
            "id": "100075923738715",
            "count": 0
        },
        {
            "id": "100076282814185",
            "count": 113
        },
        {
            "id": "100076633308001",
            "count": 21
        },
        {
            "id": "100077289960824",
            "count": 2183
        },
        {
            "id": "100077338277871",
            "count": 2
        },
        {
            "id": "100077571258274",
            "count": 39
        },
        {
            "id": "100078091170094",
            "count": 0
        },
        {
            "id": "100078124176466",
            "count": 20
        },
        {
            "id": "100079152830959",
            "count": 0
        },
        {
            "id": "100079168720205",
            "count": 0
        },
        {
            "id": "100079339487049",
            "count": 1
        },
        {
            "id": "100079458694128",
            "count": 3
        },
        {
            "id": "100079474500462",
            "count": 0
        },
        {
            "id": "100079960516538",
            "count": 66
        },
        {
            "id": "100079988523654",
            "count": 1684
        },
        {
            "id": "100080357051292",
            "count": 351
        },
        {
            "id": "100080505423924",
            "count": 0
        },
        {
            "id": "100080726831853",
            "count": 4
        },
        {
            "id": "100080747453355",
            "count": 0
        },
        {
            "id": "100081086037524",
            "count": 27
        },
        {
            "id": "100081458404679",
            "count": 0
        },
        {
            "id": "100081652099165",
            "count": 0
        },
        {
            "id": "100081774176656",
            "count": 0
        },
        {
            "id": "100081811592128",
            "count": 0
        },
        {
            "id": "100081844601433",
            "count": 0
        },
        {
            "id": "100082021354664",
            "count": 2
        },
        {
            "id": "100082134993037",
            "count": 14
        },
        {
            "id": "100082398406349",
            "count": 12
        },
        {
            "id": "100082511559747",
            "count": 9
        },
        {
            "id": "100082582310937",
            "count": 2
        },
        {
            "id": "100082882037267",
            "count": 1
        },
        {
            "id": "100083058138710",
            "count": 24
        },
        {
            "id": "100083132900007",
            "count": 30
        },
        {
            "id": "100084234241728",
            "count": 229
        },
        {
            "id": "100084329895588",
            "count": 605
        },
        {
            "id": "100084334762818",
            "count": 0
        },
        {
            "id": "100084502331674",
            "count": 3
        },
        {
            "id": "100085064509463",
            "count": 269
        },
        {
            "id": "100085446858221",
            "count": 15
        },
        {
            "id": "100085446887947",
            "count": 0
        },
        {
            "id": "100085613595871",
            "count": 0
        },
        {
            "id": "100085857904561",
            "count": 8
        },
        {
            "id": "100086044875638",
            "count": 34
        },
        {
            "id": "100086047032342",
            "count": 24
        },
        {
            "id": "100086381397478",
            "count": 0
        },
        {
            "id": "100086669262397",
            "count": 511
        },
        {
            "id": "100060645935133",
            "count": 36
        },
        {
            "id": "100086945453246",
            "count": 53
        },
        {
            "id": "100074600330190",
            "count": 182
        },
        {
            "id": "100081874817520",
            "count": 343
        },
        {
            "id": "100085424311841",
            "count": 232
        },
        {
            "id": "100076805780968",
            "count": 25
        },
        {
            "id": "100079558413669",
            "count": 2
        },
        {
            "id": "100067234470687",
            "count": 1402
        },
        {
            "id": "100042493050097",
            "count": 176
        },
        {
            "id": "100050631170691",
            "count": 29
        },
        {
            "id": "100086555905094",
            "count": 21
        },
        {
            "id": "100034951071470",
            "count": 85
        },
        {
            "id": "100074389189721",
            "count": 178
        },
        {
            "id": "100087379147092",
            "count": 3
        },
        {
            "id": "100026055891529",
            "count": 89
        },
        {
            "id": "100080961276440",
            "count": 9
        },
        {
            "id": "100068644985625",
            "count": 342
        },
        {
            "id": "100022160520148",
            "count": 15
        },
        {
            "id": "100072865599231",
            "count": 3
        },
        {
            "id": "100077107504330",
            "count": 118
        },
        {
            "id": "100043951449403",
            "count": 23
        },
        {
            "id": "100083435333817",
            "count": 52
        },
        {
            "id": "100081142456820",
            "count": 64
        },
        {
            "id": "100049510874532",
            "count": 1
        },
        {
            "id": "100086467510542",
            "count": 34
        },
        {
            "id": "100062978629291",
            "count": 77
        },
        {
            "id": "100062630031343",
            "count": 93
        },
        {
            "id": "100059015689674",
            "count": 558
        },
        {
            "id": "100064084876806",
            "count": 3
        },
        {
            "id": "100068069954191",
            "count": 359
        },
        {
            "id": "100047201133888",
            "count": 52
        },
        {
            "id": "100077628934429",
            "count": 27
        },
        {
            "id": "100046213120375",
            "count": 15
        },
        {
            "id": "100034075951713",
            "count": 117
        },
        {
            "id": "100033403239936",
            "count": 7
        },
        {
            "id": "100066409219231",
            "count": 221
        },
        {
            "id": "100076385100410",
            "count": 19
        },
        {
            "id": "100047599686007",
            "count": 12
        },
        {
            "id": "100083924382164",
            "count": 21
        },
        {
            "id": "100067840367647",
            "count": 216
        },
        {
            "id": "100076431535508",
            "count": 2
        },
        {
            "id": "100041299148384",
            "count": 1218
        },
        {
            "id": "100075507207900",
            "count": 93
        },
        {
            "id": "100038777021843",
            "count": 2
        },
        {
            "id": "100084820626325",
            "count": 67
        },
        {
            "id": "100068924269836",
            "count": 32
        },
        {
            "id": "100038074715002",
            "count": 4
        }
    ],
    "week": [
        {
            "id": "100006293658526",
            "count": 0,
            "name": "Người dùng facebook"
        },
        {
            "id": "100007879322486",
            "count": 0,
            "name": "Người dùng facebook"
        },
        {
            "id": "100010137995213",
            "count": 0,
            "name": "Người dùng facebook"
        },
        {
            "id": "100010453152307",
            "count": 0,
            "name": "Người dùng facebook"
        },
        {
            "id": "100011368732194",
            "count": 0,
            "name": "Người dùng facebook"
        },
        {
            "id": "100012062893716",
            "count": 0,
            "name": "Người dùng facebook"
        },
        {
            "id": "100012954071057",
            "count": 0,
            "name": "Người dùng facebook"
        },
        {
            "id": "100013942628281",
            "count": 0,
            "name": "Người dùng facebook"
        },
        {
            "id": "100014638753529",
            "count": 0,
            "name": "Người dùng facebook"
        },
        {
            "id": "100017060382186",
            "count": 0,
            "name": "Người dùng facebook"
        },
        {
            "id": "100020596047053",
            "count": 0,
            "name": "Người dùng facebook"
        },
        {
            "id": "100021518868551",
            "count": 0,
            "name": "Người dùng facebook"
        },
        {
            "id": "100021803076104",
            "count": 0,
            "name": "Người dùng facebook"
        },
        {
            "id": "100021896133024",
            "count": 0,
            "name": "Người dùng facebook"
        },
        {
            "id": "100022913854113",
            "count": 0,
            "name": "Người dùng facebook"
        },
        {
            "id": "100023695755495",
            "count": 0,
            "name": "Người dùng facebook"
        },
        {
            "id": "100026905118170",
            "count": 0,
            "name": "Người dùng facebook"
        },
        {
            "id": "100026972169252",
            "count": 0,
            "name": "Người dùng facebook"
        },
        {
            "id": "100027773105506",
            "count": 0,
            "name": "Người dùng facebook"
        },
        {
            "id": "100028390023949",
            "count": 0,
            "name": "Người dùng facebook"
        },
        {
            "id": "100029428921747",
            "count": 0,
            "name": "Người dùng facebook"
        },
        {
            "id": "100035250165833",
            "count": 0,
            "name": "Người dùng facebook"
        },
        {
            "id": "100035540448516",
            "count": 0,
            "name": "Người dùng facebook"
        },
        {
            "id": "100035610644691",
            "count": 0,
            "name": "Người dùng facebook"
        },
        {
            "id": "100035971321882",
            "count": 0,
            "name": "Người dùng facebook"
        },
        {
            "id": "100036048377646",
            "count": 0,
            "name": "Người dùng facebook"
        },
        {
            "id": "100036791334324",
            "count": 0,
            "name": "Người dùng facebook"
        },
        {
            "id": "100036907057777",
            "count": 0,
            "name": "Người dùng facebook"
        },
        {
            "id": "100037512344636",
            "count": 0,
            "name": "Người dùng facebook"
        },
        {
            "id": "100038006170030",
            "count": 0,
            "name": "Người dùng facebook"
        },
        {
            "id": "100038011605471",
            "count": 0,
            "name": "Người dùng facebook"
        },
        {
            "id": "100038343527003",
            "count": 0,
            "name": "Người dùng facebook"
        },
        {
            "id": "100038679036737",
            "count": 0,
            "name": "Người dùng facebook"
        },
        {
            "id": "100039670007250",
            "count": 0,
            "name": "Người dùng facebook"
        },
        {
            "id": "100039918942111",
            "count": 0,
            "name": "Người dùng facebook"
        },
        {
            "id": "100041092571820",
            "count": 0,
            "name": "Người dùng facebook"
        },
        {
            "id": "100041139134787",
            "count": 0,
            "name": "Người dùng facebook"
        },
        {
            "id": "100041560266926",
            "count": 0,
            "name": "Người dùng facebook"
        },
        {
            "id": "100042976038182",
            "count": 0,
            "name": "Người dùng facebook"
        },
        {
            "id": "100043499182039",
            "count": 0,
            "name": "Người dùng facebook"
        },
        {
            "id": "100043570996242",
            "count": 0,
            "name": "Người dùng facebook"
        },
        {
            "id": "100044531392523",
            "count": 0,
            "name": "Người dùng facebook"
        },
        {
            "id": "100045541202845",
            "count": 0,
            "name": "Người dùng facebook"
        },
        {
            "id": "100047278174550",
            "count": 0,
            "name": "Người dùng facebook"
        },
        {
            "id": "100047731580020",
            "count": 0,
            "name": "Người dùng facebook"
        },
        {
            "id": "100048578806091",
            "count": 0,
            "name": "Người dùng facebook"
        },
        {
            "id": "100049029467078",
            "count": 0,
            "name": "Người dùng facebook"
        },
        {
            "id": "100049523297681",
            "count": 0,
            "name": "Người dùng facebook"
        },
        {
            "id": "100051196321896",
            "count": 0,
            "name": "Người dùng facebook"
        },
        {
            "id": "100051226650453",
            "count": 0,
            "name": "Người dùng facebook"
        },
        {
            "id": "100051280874114",
            "count": 0,
            "name": "Người dùng facebook"
        },
        {
            "id": "100051405511128",
            "count": 0,
            "name": "Người dùng facebook"
        },
        {
            "id": "100051496149322",
            "count": 0,
            "name": "Người dùng facebook"
        },
        {
            "id": "100051916716707",
            "count": 0,
            "name": "Người dùng facebook"
        },
        {
            "id": "100052525635961",
            "count": 0,
            "name": "Người dùng facebook"
        },
        {
            "id": "100053645206631",
            "count": 0,
            "name": "Người dùng facebook"
        },
        {
            "id": "100054782420694",
            "count": 0,
            "name": "Người dùng facebook"
        },
        {
            "id": "100055600650823",
            "count": 0,
            "name": "Người dùng facebook"
        },
        {
            "id": "100055723165964",
            "count": 0,
            "name": "Người dùng facebook"
        },
        {
            "id": "100056261756360",
            "count": 0,
            "name": "Người dùng facebook"
        },
        {
            "id": "100057233797201",
            "count": 0,
            "name": "Người dùng facebook"
        },
        {
            "id": "100057782672553",
            "count": 0,
            "name": "Người dùng facebook"
        },
        {
            "id": "100058580811634",
            "count": 0,
            "name": "Người dùng facebook"
        },
        {
            "id": "100061772872219",
            "count": 0,
            "name": "Người dùng facebook"
        },
        {
            "id": "100063752716941",
            "count": 0,
            "name": "Người dùng facebook"
        },
        {
            "id": "100063804399502",
            "count": 0,
            "name": "Người dùng facebook"
        },
        {
            "id": "100064543115008",
            "count": 0,
            "name": "Người dùng facebook"
        },
        {
            "id": "100064734266120",
            "count": 0,
            "name": "Người dùng facebook"
        },
        {
            "id": "100065008343453",
            "count": 0,
            "name": "Người dùng facebook"
        },
        {
            "id": "100065420751549",
            "count": 0,
            "name": "Người dùng facebook"
        },
        {
            "id": "100065452298777",
            "count": 0,
            "name": "Người dùng facebook"
        },
        {
            "id": "100065737136279",
            "count": 0,
            "name": "Người dùng facebook"
        },
        {
            "id": "100066554442570",
            "count": 0,
            "name": "Người dùng facebook"
        },
        {
            "id": "100067760390746",
            "count": 0,
            "name": "Người dùng facebook"
        },
        {
            "id": "100068266293797",
            "count": 0,
            "name": "Người dùng facebook"
        },
        {
            "id": "100068625158094",
            "count": 0,
            "name": "Người dùng facebook"
        },
        {
            "id": "100069056260264",
            "count": 0,
            "name": "Người dùng facebook"
        },
        {
            "id": "100069295346821",
            "count": 0,
            "name": "Người dùng facebook"
        },
        {
            "id": "100069475126012",
            "count": 0,
            "name": "Người dùng facebook"
        },
        {
            "id": "100070414639578",
            "count": 0,
            "name": "Người dùng facebook"
        },
        {
            "id": "100070651527144",
            "count": 0,
            "name": "Người dùng facebook"
        },
        {
            "id": "100070852308874",
            "count": 0,
            "name": "Người dùng facebook"
        },
        {
            "id": "100070962705103",
            "count": 0,
            "name": "Người dùng facebook"
        },
        {
            "id": "100071150665847",
            "count": 0,
            "name": "Người dùng facebook"
        },
        {
            "id": "100071556693441",
            "count": 0,
            "name": "Người dùng facebook"
        },
        {
            "id": "100071591321588",
            "count": 0,
            "name": "Người dùng facebook"
        },
        {
            "id": "100072526120023",
            "count": 0,
            "name": "Người dùng facebook"
        },
        {
            "id": "100072743678590",
            "count": 0,
            "name": "Người dùng facebook"
        },
        {
            "id": "100073017857475",
            "count": 0,
            "name": "Người dùng facebook"
        },
        {
            "id": "100073137677584",
            "count": 0,
            "name": "Người dùng facebook"
        },
        {
            "id": "100073146683793",
            "count": 0,
            "name": "Người dùng facebook"
        },
        {
            "id": "100073659318362",
            "count": 0,
            "name": "Người dùng facebook"
        },
        {
            "id": "100073832888090",
            "count": 0,
            "name": "Người dùng facebook"
        },
        {
            "id": "100074401500576",
            "count": 0,
            "name": "Người dùng facebook"
        },
        {
            "id": "100074473585379",
            "count": 0,
            "name": "Người dùng facebook"
        },
        {
            "id": "100074744877778",
            "count": 0,
            "name": "Người dùng facebook"
        },
        {
            "id": "100074849437773",
            "count": 0,
            "name": "Người dùng facebook"
        },
        {
            "id": "100075037102158",
            "count": 0,
            "name": "Người dùng facebook"
        },
        {
            "id": "100075127972822",
            "count": 0,
            "name": "Người dùng facebook"
        },
        {
            "id": "100075463840222",
            "count": 0,
            "name": "Người dùng facebook"
        },
        {
            "id": "100075923738715",
            "count": 0,
            "name": "Người dùng facebook"
        },
        {
            "id": "100076282814185",
            "count": 0,
            "name": "Người dùng facebook"
        },
        {
            "id": "100076633308001",
            "count": 0,
            "name": "Người dùng facebook"
        },
        {
            "id": "100077289960824",
            "count": 0,
            "name": "Người dùng facebook"
        },
        {
            "id": "100077338277871",
            "count": 0,
            "name": "Người dùng facebook"
        },
        {
            "id": "100077571258274",
            "count": 0,
            "name": "Người dùng facebook"
        },
        {
            "id": "100078091170094",
            "count": 0,
            "name": "Người dùng facebook"
        },
        {
            "id": "100078124176466",
            "count": 0,
            "name": "Người dùng facebook"
        },
        {
            "id": "100079152830959",
            "count": 0,
            "name": "Người dùng facebook"
        },
        {
            "id": "100079168720205",
            "count": 0,
            "name": "Người dùng facebook"
        },
        {
            "id": "100079339487049",
            "count": 0,
            "name": "Người dùng facebook"
        },
        {
            "id": "100079458694128",
            "count": 0,
            "name": "Người dùng facebook"
        },
        {
            "id": "100079474500462",
            "count": 0,
            "name": "Người dùng facebook"
        },
        {
            "id": "100079960516538",
            "count": 0,
            "name": "Người dùng facebook"
        },
        {
            "id": "100079988523654",
            "count": 0,
            "name": "Người dùng facebook"
        },
        {
            "id": "100080357051292",
            "count": 0,
            "name": "Người dùng facebook"
        },
        {
            "id": "100080505423924",
            "count": 0,
            "name": "Người dùng facebook"
        },
        {
            "id": "100080726831853",
            "count": 0,
            "name": "Người dùng facebook"
        },
        {
            "id": "100080747453355",
            "count": 0,
            "name": "Người dùng facebook"
        },
        {
            "id": "100081086037524",
            "count": 0,
            "name": "Người dùng facebook"
        },
        {
            "id": "100081458404679",
            "count": 0,
            "name": "Người dùng facebook"
        },
        {
            "id": "100081652099165",
            "count": 0,
            "name": "Người dùng facebook"
        },
        {
            "id": "100081774176656",
            "count": 0,
            "name": "Người dùng facebook"
        },
        {
            "id": "100081811592128",
            "count": 0,
            "name": "Người dùng facebook"
        },
        {
            "id": "100081844601433",
            "count": 0,
            "name": "Người dùng facebook"
        },
        {
            "id": "100082021354664",
            "count": 0,
            "name": "Người dùng facebook"
        },
        {
            "id": "100082134993037",
            "count": 0,
            "name": "Người dùng facebook"
        },
        {
            "id": "100082398406349",
            "count": 0,
            "name": "Người dùng facebook"
        },
        {
            "id": "100082511559747",
            "count": 0,
            "name": "Người dùng facebook"
        },
        {
            "id": "100082582310937",
            "count": 0,
            "name": "Người dùng facebook"
        },
        {
            "id": "100082882037267",
            "count": 0,
            "name": "Người dùng facebook"
        },
        {
            "id": "100083058138710",
            "count": 0,
            "name": "Người dùng facebook"
        },
        {
            "id": "100083132900007",
            "count": 0,
            "name": "Người dùng facebook"
        },
        {
            "id": "100084234241728",
            "count": 0,
            "name": "Người dùng facebook"
        },
        {
            "id": "100084329895588",
            "count": 0,
            "name": "Người dùng facebook"
        },
        {
            "id": "100084334762818",
            "count": 0,
            "name": "Người dùng facebook"
        },
        {
            "id": "100084502331674",
            "count": 0,
            "name": "Người dùng facebook"
        },
        {
            "id": "100085064509463",
            "count": 0,
            "name": "Người dùng facebook"
        },
        {
            "id": "100085446858221",
            "count": 0,
            "name": "Người dùng facebook"
        },
        {
            "id": "100085446887947",
            "count": 0,
            "name": "Người dùng facebook"
        },
        {
            "id": "100085613595871",
            "count": 0,
            "name": "Người dùng facebook"
        },
        {
            "id": "100085857904561",
            "count": 0,
            "name": "Người dùng facebook"
        },
        {
            "id": "100086044875638",
            "count": 0,
            "name": "Người dùng facebook"
        },
        {
            "id": "100086047032342",
            "count": 0,
            "name": "Người dùng facebook"
        },
        {
            "id": "100086381397478",
            "count": 0,
            "name": "Người dùng facebook"
        },
        {
            "id": "100086669262397",
            "count": 0,
            "name": "Người dùng facebook"
        },
        {
            "id": "100060645935133",
            "count": 0,
            "name": "Người dùng facebook"
        },
        {
            "id": "100086945453246",
            "count": 0,
            "name": "Người dùng facebook"
        },
        {
            "id": "100074600330190",
            "count": 0,
            "name": "Người dùng facebook"
        },
        {
            "id": "100081874817520",
            "count": 0,
            "name": "Người dùng facebook"
        },
        {
            "id": "100085424311841",
            "count": 0,
            "name": "Người dùng facebook"
        },
        {
            "id": "100076805780968",
            "count": 0,
            "name": "Người dùng facebook"
        },
        {
            "id": "100079558413669",
            "count": 0,
            "name": "Người dùng facebook"
        },
        {
            "id": "100067234470687",
            "count": 0,
            "name": "Người dùng facebook"
        },
        {
            "id": "100042493050097",
            "count": 0,
            "name": "Người dùng facebook"
        },
        {
            "id": "100050631170691",
            "count": 0,
            "name": "Người dùng facebook"
        },
        {
            "id": "100086555905094",
            "count": 0,
            "name": "Người dùng facebook"
        },
        {
            "id": "100034951071470",
            "count": 0,
            "name": "Người dùng facebook"
        },
        {
            "id": "100074389189721",
            "count": 0,
            "name": "Người dùng facebook"
        },
        {
            "id": "100087379147092",
            "count": 0,
            "name": "Người dùng facebook"
        },
        {
            "id": "100026055891529",
            "count": 0,
            "name": "Người dùng facebook"
        },
        {
            "id": "100080961276440",
            "count": 0,
            "name": "Người dùng facebook"
        },
        {
            "id": "100068644985625",
            "count": 0,
            "name": "Người dùng facebook"
        },
        {
            "id": "100022160520148",
            "count": 0,
            "name": "Người dùng facebook"
        },
        {
            "id": "100072865599231",
            "count": 0,
            "name": "Người dùng facebook"
        },
        {
            "id": "100077107504330",
            "count": 0,
            "name": "Người dùng facebook"
        },
        {
            "id": "100043951449403",
            "count": 0,
            "name": "Người dùng facebook"
        },
        {
            "id": "100083435333817",
            "count": 0,
            "name": "Người dùng facebook"
        },
        {
            "id": "100081142456820",
            "count": 0,
            "name": "Người dùng facebook"
        },
        {
            "id": "100049510874532",
            "count": 0,
            "name": "Người dùng facebook"
        },
        {
            "id": "100086467510542",
            "count": 0,
            "name": "Người dùng facebook"
        },
        {
            "id": "100062978629291",
            "count": 0,
            "name": "Người dùng facebook"
        },
        {
            "id": "100062630031343",
            "count": 0,
            "name": "Người dùng facebook"
        },
        {
            "id": "100059015689674",
            "count": 0,
            "name": "Người dùng facebook"
        },
        {
            "id": "100064084876806",
            "count": 0,
            "name": "Người dùng facebook"
        },
        {
            "id": "100068069954191",
            "count": 0,
            "name": "Người dùng facebook"
        },
        {
            "id": "100047201133888",
            "count": 0,
            "name": "Người dùng facebook"
        },
        {
            "id": "100077628934429",
            "count": 0,
            "name": "Người dùng facebook"
        },
        {
            "id": "100046213120375",
            "count": 0,
            "name": "Người dùng facebook"
        },
        {
            "id": "100034075951713",
            "count": 0,
            "name": "Người dùng facebook"
        },
        {
            "id": "100033403239936",
            "count": 0,
            "name": "Người dùng facebook"
        },
        {
            "id": "100066409219231",
            "count": 0,
            "name": "Người dùng facebook"
        },
        {
            "id": "100076385100410",
            "count": 0,
            "name": "Người dùng facebook"
        },
        {
            "id": "100047599686007",
            "count": 0,
            "name": "Người dùng facebook"
        },
        {
            "id": "100083924382164",
            "count": 0,
            "name": "Người dùng facebook"
        },
        {
            "id": "100067840367647",
            "count": 0,
            "name": "Người dùng facebook"
        },
        {
            "id": "100076431535508",
            "count": 0,
            "name": "Người dùng facebook"
        },
        {
            "id": "100041299148384",
            "count": 0,
            "name": "Người dùng facebook"
        },
        {
            "id": "100075507207900",
            "count": 0,
            "name": "Người dùng facebook"
        },
        {
            "id": "100038777021843",
            "count": 0,
            "name": "Người dùng facebook"
        },
        {
            "id": "100084820626325",
            "count": 0,
            "name": "Người dùng facebook"
        },
        {
            "id": "100068924269836",
            "count": 0,
            "name": "Người dùng facebook"
        },
        {
            "id": "100038074715002",
            "count": 0,
            "name": "Người dùng facebook"
        }
    ],
    "day": [
        {
            "id": "100006293658526",
            "count": 0,
            "name": "Người dùng facebook"
        },
        {
            "id": "100007879322486",
            "count": 0,
            "name": "Người dùng facebook"
        },
        {
            "id": "100010137995213",
            "count": 0,
            "name": "Người dùng facebook"
        },
        {
            "id": "100010453152307",
            "count": 0,
            "name": "Người dùng facebook"
        },
        {
            "id": "100011368732194",
            "count": 0,
            "name": "Người dùng facebook"
        },
        {
            "id": "100012062893716",
            "count": 0,
            "name": "Người dùng facebook"
        },
        {
            "id": "100012954071057",
            "count": 0,
            "name": "Người dùng facebook"
        },
        {
            "id": "100013942628281",
            "count": 0,
            "name": "Người dùng facebook"
        },
        {
            "id": "100014638753529",
            "count": 0,
            "name": "Người dùng facebook"
        },
        {
            "id": "100017060382186",
            "count": 0,
            "name": "Người dùng facebook"
        },
        {
            "id": "100020596047053",
            "count": 0,
            "name": "Người dùng facebook"
        },
        {
            "id": "100021518868551",
            "count": 0,
            "name": "Người dùng facebook"
        },
        {
            "id": "100021803076104",
            "count": 0,
            "name": "Người dùng facebook"
        },
        {
            "id": "100021896133024",
            "count": 0,
            "name": "Người dùng facebook"
        },
        {
            "id": "100022913854113",
            "count": 0,
            "name": "Người dùng facebook"
        },
        {
            "id": "100023695755495",
            "count": 0,
            "name": "Người dùng facebook"
        },
        {
            "id": "100026905118170",
            "count": 0,
            "name": "Người dùng facebook"
        },
        {
            "id": "100026972169252",
            "count": 0,
            "name": "Người dùng facebook"
        },
        {
            "id": "100027773105506",
            "count": 0,
            "name": "Người dùng facebook"
        },
        {
            "id": "100028390023949",
            "count": 0,
            "name": "Người dùng facebook"
        },
        {
            "id": "100029428921747",
            "count": 0,
            "name": "Người dùng facebook"
        },
        {
            "id": "100035250165833",
            "count": 0,
            "name": "Người dùng facebook"
        },
        {
            "id": "100035540448516",
            "count": 0,
            "name": "Người dùng facebook"
        },
        {
            "id": "100035610644691",
            "count": 0,
            "name": "Người dùng facebook"
        },
        {
            "id": "100035971321882",
            "count": 0,
            "name": "Người dùng facebook"
        },
        {
            "id": "100036048377646",
            "count": 0,
            "name": "Người dùng facebook"
        },
        {
            "id": "100036791334324",
            "count": 0,
            "name": "Người dùng facebook"
        },
        {
            "id": "100036907057777",
            "count": 0,
            "name": "Người dùng facebook"
        },
        {
            "id": "100037512344636",
            "count": 0,
            "name": "Người dùng facebook"
        },
        {
            "id": "100038006170030",
            "count": 0,
            "name": "Người dùng facebook"
        },
        {
            "id": "100038011605471",
            "count": 0,
            "name": "Người dùng facebook"
        },
        {
            "id": "100038343527003",
            "count": 0,
            "name": "Người dùng facebook"
        },
        {
            "id": "100038679036737",
            "count": 0,
            "name": "Người dùng facebook"
        },
        {
            "id": "100039670007250",
            "count": 0,
            "name": "Người dùng facebook"
        },
        {
            "id": "100039918942111",
            "count": 0,
            "name": "Người dùng facebook"
        },
        {
            "id": "100041092571820",
            "count": 0,
            "name": "Người dùng facebook"
        },
        {
            "id": "100041139134787",
            "count": 0,
            "name": "Người dùng facebook"
        },
        {
            "id": "100041560266926",
            "count": 0,
            "name": "Người dùng facebook"
        },
        {
            "id": "100042976038182",
            "count": 0,
            "name": "Người dùng facebook"
        },
        {
            "id": "100043499182039",
            "count": 0,
            "name": "Người dùng facebook"
        },
        {
            "id": "100043570996242",
            "count": 0,
            "name": "Người dùng facebook"
        },
        {
            "id": "100044531392523",
            "count": 0,
            "name": "Người dùng facebook"
        },
        {
            "id": "100045541202845",
            "count": 0,
            "name": "Người dùng facebook"
        },
        {
            "id": "100047278174550",
            "count": 0,
            "name": "Người dùng facebook"
        },
        {
            "id": "100047731580020",
            "count": 0,
            "name": "Người dùng facebook"
        },
        {
            "id": "100048578806091",
            "count": 0,
            "name": "Người dùng facebook"
        },
        {
            "id": "100049029467078",
            "count": 0,
            "name": "Người dùng facebook"
        },
        {
            "id": "100049523297681",
            "count": 0,
            "name": "Người dùng facebook"
        },
        {
            "id": "100051196321896",
            "count": 0,
            "name": "Người dùng facebook"
        },
        {
            "id": "100051226650453",
            "count": 0,
            "name": "Người dùng facebook"
        },
        {
            "id": "100051280874114",
            "count": 0,
            "name": "Người dùng facebook"
        },
        {
            "id": "100051405511128",
            "count": 0,
            "name": "Người dùng facebook"
        },
        {
            "id": "100051496149322",
            "count": 0,
            "name": "Người dùng facebook"
        },
        {
            "id": "100051916716707",
            "count": 0,
            "name": "Người dùng facebook"
        },
        {
            "id": "100052525635961",
            "count": 0,
            "name": "Người dùng facebook"
        },
        {
            "id": "100053645206631",
            "count": 0,
            "name": "Người dùng facebook"
        },
        {
            "id": "100054782420694",
            "count": 0,
            "name": "Người dùng facebook"
        },
        {
            "id": "100055600650823",
            "count": 0,
            "name": "Người dùng facebook"
        },
        {
            "id": "100055723165964",
            "count": 0,
            "name": "Người dùng facebook"
        },
        {
            "id": "100056261756360",
            "count": 0,
            "name": "Người dùng facebook"
        },
        {
            "id": "100057233797201",
            "count": 0,
            "name": "Người dùng facebook"
        },
        {
            "id": "100057782672553",
            "count": 0,
            "name": "Người dùng facebook"
        },
        {
            "id": "100058580811634",
            "count": 0,
            "name": "Người dùng facebook"
        },
        {
            "id": "100061772872219",
            "count": 0,
            "name": "Người dùng facebook"
        },
        {
            "id": "100063752716941",
            "count": 0,
            "name": "Người dùng facebook"
        },
        {
            "id": "100063804399502",
            "count": 0,
            "name": "Người dùng facebook"
        },
        {
            "id": "100064543115008",
            "count": 0,
            "name": "Người dùng facebook"
        },
        {
            "id": "100064734266120",
            "count": 0,
            "name": "Người dùng facebook"
        },
        {
            "id": "100065008343453",
            "count": 0,
            "name": "Người dùng facebook"
        },
        {
            "id": "100065420751549",
            "count": 0,
            "name": "Người dùng facebook"
        },
        {
            "id": "100065452298777",
            "count": 0,
            "name": "Người dùng facebook"
        },
        {
            "id": "100065737136279",
            "count": 0,
            "name": "Người dùng facebook"
        },
        {
            "id": "100066554442570",
            "count": 0,
            "name": "Người dùng facebook"
        },
        {
            "id": "100067760390746",
            "count": 0,
            "name": "Người dùng facebook"
        },
        {
            "id": "100068266293797",
            "count": 0,
            "name": "Người dùng facebook"
        },
        {
            "id": "100068625158094",
            "count": 0,
            "name": "Người dùng facebook"
        },
        {
            "id": "100069056260264",
            "count": 0,
            "name": "Người dùng facebook"
        },
        {
            "id": "100069295346821",
            "count": 0,
            "name": "Người dùng facebook"
        },
        {
            "id": "100069475126012",
            "count": 0,
            "name": "Người dùng facebook"
        },
        {
            "id": "100070414639578",
            "count": 0,
            "name": "Người dùng facebook"
        },
        {
            "id": "100070651527144",
            "count": 0,
            "name": "Người dùng facebook"
        },
        {
            "id": "100070852308874",
            "count": 0,
            "name": "Người dùng facebook"
        },
        {
            "id": "100070962705103",
            "count": 0,
            "name": "Người dùng facebook"
        },
        {
            "id": "100071150665847",
            "count": 0,
            "name": "Người dùng facebook"
        },
        {
            "id": "100071556693441",
            "count": 0,
            "name": "Người dùng facebook"
        },
        {
            "id": "100071591321588",
            "count": 0,
            "name": "Người dùng facebook"
        },
        {
            "id": "100072526120023",
            "count": 0,
            "name": "Người dùng facebook"
        },
        {
            "id": "100072743678590",
            "count": 0,
            "name": "Người dùng facebook"
        },
        {
            "id": "100073017857475",
            "count": 0,
            "name": "Người dùng facebook"
        },
        {
            "id": "100073137677584",
            "count": 0,
            "name": "Người dùng facebook"
        },
        {
            "id": "100073146683793",
            "count": 0,
            "name": "Người dùng facebook"
        },
        {
            "id": "100073659318362",
            "count": 0,
            "name": "Người dùng facebook"
        },
        {
            "id": "100073832888090",
            "count": 0,
            "name": "Người dùng facebook"
        },
        {
            "id": "100074401500576",
            "count": 0,
            "name": "Người dùng facebook"
        },
        {
            "id": "100074473585379",
            "count": 0,
            "name": "Người dùng facebook"
        },
        {
            "id": "100074744877778",
            "count": 0,
            "name": "Người dùng facebook"
        },
        {
            "id": "100074849437773",
            "count": 0,
            "name": "Người dùng facebook"
        },
        {
            "id": "100075037102158",
            "count": 0,
            "name": "Người dùng facebook"
        },
        {
            "id": "100075127972822",
            "count": 0,
            "name": "Người dùng facebook"
        },
        {
            "id": "100075463840222",
            "count": 0,
            "name": "Người dùng facebook"
        },
        {
            "id": "100075923738715",
            "count": 0,
            "name": "Người dùng facebook"
        },
        {
            "id": "100076282814185",
            "count": 0,
            "name": "Người dùng facebook"
        },
        {
            "id": "100076633308001",
            "count": 0,
            "name": "Người dùng facebook"
        },
        {
            "id": "100077289960824",
            "count": 0,
            "name": "Người dùng facebook"
        },
        {
            "id": "100077338277871",
            "count": 0,
            "name": "Người dùng facebook"
        },
        {
            "id": "100077571258274",
            "count": 0,
            "name": "Người dùng facebook"
        },
        {
            "id": "100078091170094",
            "count": 0,
            "name": "Người dùng facebook"
        },
        {
            "id": "100078124176466",
            "count": 0,
            "name": "Người dùng facebook"
        },
        {
            "id": "100079152830959",
            "count": 0,
            "name": "Người dùng facebook"
        },
        {
            "id": "100079168720205",
            "count": 0,
            "name": "Người dùng facebook"
        },
        {
            "id": "100079339487049",
            "count": 0,
            "name": "Người dùng facebook"
        },
        {
            "id": "100079458694128",
            "count": 0,
            "name": "Người dùng facebook"
        },
        {
            "id": "100079474500462",
            "count": 0,
            "name": "Người dùng facebook"
        },
        {
            "id": "100079960516538",
            "count": 0,
            "name": "Người dùng facebook"
        },
        {
            "id": "100079988523654",
            "count": 0,
            "name": "Người dùng facebook"
        },
        {
            "id": "100080357051292",
            "count": 0,
            "name": "Người dùng facebook"
        },
        {
            "id": "100080505423924",
            "count": 0,
            "name": "Người dùng facebook"
        },
        {
            "id": "100080726831853",
            "count": 0,
            "name": "Người dùng facebook"
        },
        {
            "id": "100080747453355",
            "count": 0,
            "name": "Người dùng facebook"
        },
        {
            "id": "100081086037524",
            "count": 0,
            "name": "Người dùng facebook"
        },
        {
            "id": "100081458404679",
            "count": 0,
            "name": "Người dùng facebook"
        },
        {
            "id": "100081652099165",
            "count": 0,
            "name": "Người dùng facebook"
        },
        {
            "id": "100081774176656",
            "count": 0,
            "name": "Người dùng facebook"
        },
        {
            "id": "100081811592128",
            "count": 0,
            "name": "Người dùng facebook"
        },
        {
            "id": "100081844601433",
            "count": 0,
            "name": "Người dùng facebook"
        },
        {
            "id": "100082021354664",
            "count": 0,
            "name": "Người dùng facebook"
        },
        {
            "id": "100082134993037",
            "count": 0,
            "name": "Người dùng facebook"
        },
        {
            "id": "100082398406349",
            "count": 0,
            "name": "Người dùng facebook"
        },
        {
            "id": "100082511559747",
            "count": 0,
            "name": "Người dùng facebook"
        },
        {
            "id": "100082582310937",
            "count": 0,
            "name": "Người dùng facebook"
        },
        {
            "id": "100082882037267",
            "count": 0,
            "name": "Người dùng facebook"
        },
        {
            "id": "100083058138710",
            "count": 0,
            "name": "Người dùng facebook"
        },
        {
            "id": "100083132900007",
            "count": 0,
            "name": "Người dùng facebook"
        },
        {
            "id": "100084234241728",
            "count": 0,
            "name": "Người dùng facebook"
        },
        {
            "id": "100084329895588",
            "count": 0,
            "name": "Người dùng facebook"
        },
        {
            "id": "100084334762818",
            "count": 0,
            "name": "Người dùng facebook"
        },
        {
            "id": "100084502331674",
            "count": 0,
            "name": "Người dùng facebook"
        },
        {
            "id": "100085064509463",
            "count": 0,
            "name": "Người dùng facebook"
        },
        {
            "id": "100085446858221",
            "count": 0,
            "name": "Người dùng facebook"
        },
        {
            "id": "100085446887947",
            "count": 0,
            "name": "Người dùng facebook"
        },
        {
            "id": "100085613595871",
            "count": 0,
            "name": "Người dùng facebook"
        },
        {
            "id": "100085857904561",
            "count": 0,
            "name": "Người dùng facebook"
        },
        {
            "id": "100086044875638",
            "count": 0,
            "name": "Người dùng facebook"
        },
        {
            "id": "100086047032342",
            "count": 0,
            "name": "Người dùng facebook"
        },
        {
            "id": "100086381397478",
            "count": 0,
            "name": "Người dùng facebook"
        },
        {
            "id": "100086669262397",
            "count": 0,
            "name": "Người dùng facebook"
        },
        {
            "id": "100060645935133",
            "count": 0,
            "name": "Người dùng facebook"
        },
        {
            "id": "100086945453246",
            "count": 0,
            "name": "Người dùng facebook"
        },
        {
            "id": "100074600330190",
            "count": 0,
            "name": "Người dùng facebook"
        },
        {
            "id": "100081874817520",
            "count": 0,
            "name": "Người dùng facebook"
        },
        {
            "id": "100085424311841",
            "count": 0,
            "name": "Người dùng facebook"
        },
        {
            "id": "100076805780968",
            "count": 0,
            "name": "Người dùng facebook"
        },
        {
            "id": "100079558413669",
            "count": 0,
            "name": "Người dùng facebook"
        },
        {
            "id": "100067234470687",
            "count": 0,
            "name": "Người dùng facebook"
        },
        {
            "id": "100042493050097",
            "count": 0,
            "name": "Người dùng facebook"
        },
        {
            "id": "100050631170691",
            "count": 0,
            "name": "Người dùng facebook"
        },
        {
            "id": "100086555905094",
            "count": 0,
            "name": "Người dùng facebook"
        },
        {
            "id": "100034951071470",
            "count": 0,
            "name": "Người dùng facebook"
        },
        {
            "id": "100074389189721",
            "count": 0,
            "name": "Người dùng facebook"
        },
        {
            "id": "100087379147092",
            "count": 0,
            "name": "Người dùng facebook"
        },
        {
            "id": "100026055891529",
            "count": 0,
            "name": "Người dùng facebook"
        },
        {
            "id": "100080961276440",
            "count": 0,
            "name": "Người dùng facebook"
        },
        {
            "id": "100068644985625",
            "count": 0,
            "name": "Người dùng facebook"
        },
        {
            "id": "100022160520148",
            "count": 0,
            "name": "Người dùng facebook"
        },
        {
            "id": "100072865599231",
            "count": 0,
            "name": "Người dùng facebook"
        },
        {
            "id": "100077107504330",
            "count": 0,
            "name": "Người dùng facebook"
        },
        {
            "id": "100043951449403",
            "count": 0,
            "name": "Người dùng facebook"
        },
        {
            "id": "100083435333817",
            "count": 0,
            "name": "Người dùng facebook"
        },
        {
            "id": "100081142456820",
            "count": 0,
            "name": "Người dùng facebook"
        },
        {
            "id": "100049510874532",
            "count": 0,
            "name": "Người dùng facebook"
        },
        {
            "id": "100086467510542",
            "count": 0,
            "name": "Người dùng facebook"
        },
        {
            "id": "100062978629291",
            "count": 0,
            "name": "Người dùng facebook"
        },
        {
            "id": "100062630031343",
            "count": 0,
            "name": "Người dùng facebook"
        },
        {
            "id": "100059015689674",
            "count": 0,
            "name": "Người dùng facebook"
        },
        {
            "id": "100064084876806",
            "count": 0,
            "name": "Người dùng facebook"
        },
        {
            "id": "100068069954191",
            "count": 0,
            "name": "Người dùng facebook"
        },
        {
            "id": "100047201133888",
            "count": 0,
            "name": "Người dùng facebook"
        },
        {
            "id": "100077628934429",
            "count": 0,
            "name": "Người dùng facebook"
        },
        {
            "id": "100046213120375",
            "count": 0,
            "name": "Người dùng facebook"
        },
        {
            "id": "100034075951713",
            "count": 0,
            "name": "Người dùng facebook"
        },
        {
            "id": "100033403239936",
            "count": 0,
            "name": "Người dùng facebook"
        },
        {
            "id": "100066409219231",
            "count": 0,
            "name": "Người dùng facebook"
        },
        {
            "id": "100076385100410",
            "count": 0,
            "name": "Người dùng facebook"
        },
        {
            "id": "100047599686007",
            "count": 0,
            "name": "Người dùng facebook"
        },
        {
            "id": "100083924382164",
            "count": 0,
            "name": "Người dùng facebook"
        },
        {
            "id": "100067840367647",
            "count": 0,
            "name": "Người dùng facebook"
        },
        {
            "id": "100076431535508",
            "count": 0,
            "name": "Người dùng facebook"
        },
        {
            "id": "100041299148384",
            "count": 0,
            "name": "Người dùng facebook"
        },
        {
            "id": "100075507207900",
            "count": 0,
            "name": "Người dùng facebook"
        },
        {
            "id": "100038777021843",
            "count": 0,
            "name": "Người dùng facebook"
        },
        {
            "id": "100084820626325",
            "count": 0,
            "name": "Người dùng facebook"
        },
        {
            "id": "100068924269836",
            "count": 0,
            "name": "Người dùng facebook"
        },
        {
            "id": "100038074715002",
            "count": 0,
            "name": "Người dùng facebook"
        }
    ],
    "time": 6
}