{
    "total": [
        {
            "id": "100004540967385",
            "count": 0
        },
        {
            "id": "100008062176194",
            "count": 0
        },
        {
            "id": "100010890037768",
            "count": 0
        },
        {
            "id": "100016328493174",
            "count": 0
        },
        {
            "id": "100023250277879",
            "count": 2
        },
        {
            "id": "100023955480505",
            "count": 0
        },
        {
            "id": "100024646190049",
            "count": 0
        },
        {
            "id": "100024800644981",
            "count": 0
        },
        {
            "id": "100028845226759",
            "count": 0
        },
        {
            "id": "100031226604096",
            "count": 0
        },
        {
            "id": "100032033804682",
            "count": 0
        },
        {
            "id": "100033839026283",
            "count": 0
        },
        {
            "id": "100034328330555",
            "count": 0
        },
        {
            "id": "100037194757037",
            "count": 0
        },
        {
            "id": "100040704005073",
            "count": 0
        },
        {
            "id": "100041024242731",
            "count": 0
        },
        {
            "id": "100041781168311",
            "count": 0
        },
        {
            "id": "100042970367943",
            "count": 0
        },
        {
            "id": "100043908760450",
            "count": 0
        },
        {
            "id": "100044510794249",
            "count": 0
        },
        {
            "id": "100047588494584",
            "count": 0
        },
        {
            "id": "100047691546300",
            "count": 0
        },
        {
            "id": "100047944651437",
            "count": 0
        },
        {
            "id": "100051549094776",
            "count": 0
        },
        {
            "id": "100052691623553",
            "count": 0
        },
        {
            "id": "100053817773223",
            "count": 0
        },
        {
            "id": "100054723692685",
            "count": 0
        },
        {
            "id": "100055861313714",
            "count": 0
        },
        {
            "id": "100060238965404",
            "count": 0
        },
        {
            "id": "100061393144569",
            "count": 0
        },
        {
            "id": "100061582641532",
            "count": 0
        },
        {
            "id": "100062778545507",
            "count": 0
        },
        {
            "id": "100065188930666",
            "count": 0
        },
        {
            "id": "100066527119506",
            "count": 0
        },
        {
            "id": "100071204245874",
            "count": 0
        },
        {
            "id": "100073442145292",
            "count": 0
        },
        {
            "id": "100074039224968",
            "count": 0
        },
        {
            "id": "100074111865170",
            "count": 0
        },
        {
            "id": "100075037102158",
            "count": 3
        },
        {
            "id": "100076585511205",
            "count": 0
        },
        {
            "id": "100077483443161",
            "count": 0
        },
        {
            "id": "100080216070984",
            "count": 0
        },
        {
            "id": "100081313372490",
            "count": 0
        },
        {
            "id": "100085354567803",
            "count": 0
        }
    ],
    "week": [
        {
            "id": "100004540967385",
            "count": 0,
            "name": "Người dùng facebook"
        },
        {
            "id": "100008062176194",
            "count": 0,
            "name": "Người dùng facebook"
        },
        {
            "id": "100010890037768",
            "count": 0,
            "name": "Người dùng facebook"
        },
        {
            "id": "100016328493174",
            "count": 0,
            "name": "Người dùng facebook"
        },
        {
            "id": "100023250277879",
            "count": 0,
            "name": "Người dùng facebook"
        },
        {
            "id": "100023955480505",
            "count": 0,
            "name": "Người dùng facebook"
        },
        {
            "id": "100024646190049",
            "count": 0,
            "name": "Người dùng facebook"
        },
        {
            "id": "100024800644981",
            "count": 0,
            "name": "Người dùng facebook"
        },
        {
            "id": "100028845226759",
            "count": 0,
            "name": "Người dùng facebook"
        },
        {
            "id": "100031226604096",
            "count": 0,
            "name": "Người dùng facebook"
        },
        {
            "id": "100032033804682",
            "count": 0,
            "name": "Người dùng facebook"
        },
        {
            "id": "100033839026283",
            "count": 0,
            "name": "Người dùng facebook"
        },
        {
            "id": "100034328330555",
            "count": 0,
            "name": "Người dùng facebook"
        },
        {
            "id": "100037194757037",
            "count": 0,
            "name": "Người dùng facebook"
        },
        {
            "id": "100040704005073",
            "count": 0,
            "name": "Người dùng facebook"
        },
        {
            "id": "100041024242731",
            "count": 0,
            "name": "Người dùng facebook"
        },
        {
            "id": "100041781168311",
            "count": 0,
            "name": "Người dùng facebook"
        },
        {
            "id": "100042970367943",
            "count": 0,
            "name": "Người dùng facebook"
        },
        {
            "id": "100043908760450",
            "count": 0,
            "name": "Người dùng facebook"
        },
        {
            "id": "100044510794249",
            "count": 0,
            "name": "Người dùng facebook"
        },
        {
            "id": "100047588494584",
            "count": 0,
            "name": "Người dùng facebook"
        },
        {
            "id": "100047691546300",
            "count": 0,
            "name": "Người dùng facebook"
        },
        {
            "id": "100047944651437",
            "count": 0,
            "name": "Người dùng facebook"
        },
        {
            "id": "100051549094776",
            "count": 0,
            "name": "Người dùng facebook"
        },
        {
            "id": "100052691623553",
            "count": 0,
            "name": "Người dùng facebook"
        },
        {
            "id": "100053817773223",
            "count": 0,
            "name": "Người dùng facebook"
        },
        {
            "id": "100054723692685",
            "count": 0,
            "name": "Người dùng facebook"
        },
        {
            "id": "100055861313714",
            "count": 0,
            "name": "Người dùng facebook"
        },
        {
            "id": "100060238965404",
            "count": 0,
            "name": "Người dùng facebook"
        },
        {
            "id": "100061393144569",
            "count": 0,
            "name": "Người dùng facebook"
        },
        {
            "id": "100061582641532",
            "count": 0,
            "name": "Người dùng facebook"
        },
        {
            "id": "100062778545507",
            "count": 0,
            "name": "Người dùng facebook"
        },
        {
            "id": "100065188930666",
            "count": 0,
            "name": "Người dùng facebook"
        },
        {
            "id": "100066527119506",
            "count": 0,
            "name": "Người dùng facebook"
        },
        {
            "id": "100071204245874",
            "count": 0,
            "name": "Người dùng facebook"
        },
        {
            "id": "100073442145292",
            "count": 0,
            "name": "Người dùng facebook"
        },
        {
            "id": "100074039224968",
            "count": 0,
            "name": "Người dùng facebook"
        },
        {
            "id": "100074111865170",
            "count": 0,
            "name": "Người dùng facebook"
        },
        {
            "id": "100075037102158",
            "count": 0,
            "name": "Người dùng facebook"
        },
        {
            "id": "100076585511205",
            "count": 0,
            "name": "Người dùng facebook"
        },
        {
            "id": "100077483443161",
            "count": 0,
            "name": "Người dùng facebook"
        },
        {
            "id": "100080216070984",
            "count": 0,
            "name": "Người dùng facebook"
        },
        {
            "id": "100081313372490",
            "count": 0,
            "name": "Người dùng facebook"
        },
        {
            "id": "100085354567803",
            "count": 0,
            "name": "Người dùng facebook"
        }
    ],
    "day": [
        {
            "id": "100004540967385",
            "count": 0,
            "name": "Người dùng facebook"
        },
        {
            "id": "100008062176194",
            "count": 0,
            "name": "Người dùng facebook"
        },
        {
            "id": "100010890037768",
            "count": 0,
            "name": "Người dùng facebook"
        },
        {
            "id": "100016328493174",
            "count": 0,
            "name": "Người dùng facebook"
        },
        {
            "id": "100023250277879",
            "count": 0,
            "name": "Người dùng facebook"
        },
        {
            "id": "100023955480505",
            "count": 0,
            "name": "Người dùng facebook"
        },
        {
            "id": "100024646190049",
            "count": 0,
            "name": "Người dùng facebook"
        },
        {
            "id": "100024800644981",
            "count": 0,
            "name": "Người dùng facebook"
        },
        {
            "id": "100028845226759",
            "count": 0,
            "name": "Người dùng facebook"
        },
        {
            "id": "100031226604096",
            "count": 0,
            "name": "Người dùng facebook"
        },
        {
            "id": "100032033804682",
            "count": 0,
            "name": "Người dùng facebook"
        },
        {
            "id": "100033839026283",
            "count": 0,
            "name": "Người dùng facebook"
        },
        {
            "id": "100034328330555",
            "count": 0,
            "name": "Người dùng facebook"
        },
        {
            "id": "100037194757037",
            "count": 0,
            "name": "Người dùng facebook"
        },
        {
            "id": "100040704005073",
            "count": 0,
            "name": "Người dùng facebook"
        },
        {
            "id": "100041024242731",
            "count": 0,
            "name": "Người dùng facebook"
        },
        {
            "id": "100041781168311",
            "count": 0,
            "name": "Người dùng facebook"
        },
        {
            "id": "100042970367943",
            "count": 0,
            "name": "Người dùng facebook"
        },
        {
            "id": "100043908760450",
            "count": 0,
            "name": "Người dùng facebook"
        },
        {
            "id": "100044510794249",
            "count": 0,
            "name": "Người dùng facebook"
        },
        {
            "id": "100047588494584",
            "count": 0,
            "name": "Người dùng facebook"
        },
        {
            "id": "100047691546300",
            "count": 0,
            "name": "Người dùng facebook"
        },
        {
            "id": "100047944651437",
            "count": 0,
            "name": "Người dùng facebook"
        },
        {
            "id": "100051549094776",
            "count": 0,
            "name": "Người dùng facebook"
        },
        {
            "id": "100052691623553",
            "count": 0,
            "name": "Người dùng facebook"
        },
        {
            "id": "100053817773223",
            "count": 0,
            "name": "Người dùng facebook"
        },
        {
            "id": "100054723692685",
            "count": 0,
            "name": "Người dùng facebook"
        },
        {
            "id": "100055861313714",
            "count": 0,
            "name": "Người dùng facebook"
        },
        {
            "id": "100060238965404",
            "count": 0,
            "name": "Người dùng facebook"
        },
        {
            "id": "100061393144569",
            "count": 0,
            "name": "Người dùng facebook"
        },
        {
            "id": "100061582641532",
            "count": 0,
            "name": "Người dùng facebook"
        },
        {
            "id": "100062778545507",
            "count": 0,
            "name": "Người dùng facebook"
        },
        {
            "id": "100065188930666",
            "count": 0,
            "name": "Người dùng facebook"
        },
        {
            "id": "100066527119506",
            "count": 0,
            "name": "Người dùng facebook"
        },
        {
            "id": "100071204245874",
            "count": 0,
            "name": "Người dùng facebook"
        },
        {
            "id": "100073442145292",
            "count": 0,
            "name": "Người dùng facebook"
        },
        {
            "id": "100074039224968",
            "count": 0,
            "name": "Người dùng facebook"
        },
        {
            "id": "100074111865170",
            "count": 0,
            "name": "Người dùng facebook"
        },
        {
            "id": "100075037102158",
            "count": 0,
            "name": "Người dùng facebook"
        },
        {
            "id": "100076585511205",
            "count": 0,
            "name": "Người dùng facebook"
        },
        {
            "id": "100077483443161",
            "count": 0,
            "name": "Người dùng facebook"
        },
        {
            "id": "100080216070984",
            "count": 0,
            "name": "Người dùng facebook"
        },
        {
            "id": "100081313372490",
            "count": 0,
            "name": "Người dùng facebook"
        },
        {
            "id": "100085354567803",
            "count": 0,
            "name": "Người dùng facebook"
        }
    ],
    "time": 6
}