{
    "total": [
        {
            "id": "519351813",
            "count": 0
        },
        {
            "id": "558533613",
            "count": 0
        },
        {
            "id": "645374480",
            "count": 2
        },
        {
            "id": "649791853",
            "count": 0
        },
        {
            "id": "1448059156",
            "count": 0
        },
        {
            "id": "1533694625",
            "count": 0
        },
        {
            "id": "1557191541",
            "count": 0
        },
        {
            "id": "1824145471",
            "count": 123
        },
        {
            "id": "100000194220902",
            "count": 1
        },
        {
            "id": "100000551448029",
            "count": 0
        },
        {
            "id": "100002010618228",
            "count": 0
        },
        {
            "id": "100002290558364",
            "count": 0
        },
        {
            "id": "100002412942049",
            "count": 0
        },
        {
            "id": "100002767579857",
            "count": 0
        },
        {
            "id": "100003529474965",
            "count": 0
        },
        {
            "id": "100003653044087",
            "count": 78
        },
        {
            "id": "100003773832360",
            "count": 2
        },
        {
            "id": "100005478939176",
            "count": 0
        },
        {
            "id": "100006252378650",
            "count": 0
        },
        {
            "id": "100006302015931",
            "count": 55
        },
        {
            "id": "100008388672646",
            "count": 0
        },
        {
            "id": "100013240789232",
            "count": 0
        },
        {
            "id": "100013678089153",
            "count": 0
        },
        {
            "id": "100022207603995",
            "count": 1
        },
        {
            "id": "100024233502079",
            "count": 501
        },
        {
            "id": "100025524099851",
            "count": 1
        },
        {
            "id": "100027538341267",
            "count": 0
        },
        {
            "id": "100027777461049",
            "count": 0
        },
        {
            "id": "100028569890119",
            "count": 0
        },
        {
            "id": "100030453650023",
            "count": 0
        },
        {
            "id": "100030791717043",
            "count": 0
        },
        {
            "id": "100030942278986",
            "count": 0
        },
        {
            "id": "100033443325957",
            "count": 0
        },
        {
            "id": "100034481143145",
            "count": 0
        },
        {
            "id": "100038613200924",
            "count": 0
        },
        {
            "id": "100040469874170",
            "count": 0
        },
        {
            "id": "100041017075261",
            "count": 0
        },
        {
            "id": "100041058707208",
            "count": 0
        },
        {
            "id": "100041547042097",
            "count": 0
        },
        {
            "id": "100043588132302",
            "count": 0
        },
        {
            "id": "100046598650791",
            "count": 0
        },
        {
            "id": "100046613953025",
            "count": 0
        },
        {
            "id": "100047274492751",
            "count": 0
        },
        {
            "id": "100048528232085",
            "count": 58
        },
        {
            "id": "100049562550079",
            "count": 0
        },
        {
            "id": "100051053494943",
            "count": 11
        },
        {
            "id": "100051377238814",
            "count": 0
        },
        {
            "id": "100052777413242",
            "count": 0
        },
        {
            "id": "100053056494118",
            "count": 10
        },
        {
            "id": "100054078290798",
            "count": 0
        },
        {
            "id": "100054628024015",
            "count": 0
        },
        {
            "id": "100056714356562",
            "count": 0
        },
        {
            "id": "100058525208861",
            "count": 0
        },
        {
            "id": "100060879050530",
            "count": 2
        },
        {
            "id": "100062377135704",
            "count": 0
        },
        {
            "id": "100062900583301",
            "count": 0
        },
        {
            "id": "100063521101759",
            "count": 0
        },
        {
            "id": "100063521786956",
            "count": 0
        },
        {
            "id": "100063627602309",
            "count": 1
        },
        {
            "id": "100065430669235",
            "count": 0
        },
        {
            "id": "100065464327336",
            "count": 1
        },
        {
            "id": "100068448610409",
            "count": 0
        },
        {
            "id": "100068940754681",
            "count": 4
        },
        {
            "id": "100069431899265",
            "count": 171
        },
        {
            "id": "100069563003907",
            "count": 231
        },
        {
            "id": "100069816498417",
            "count": 0
        },
        {
            "id": "100072062790611",
            "count": 0
        },
        {
            "id": "100073116957173",
            "count": 5
        },
        {
            "id": "100073981002270",
            "count": 0
        },
        {
            "id": "100074298274954",
            "count": 2
        },
        {
            "id": "100074461644987",
            "count": 0
        },
        {
            "id": "100074709181476",
            "count": 0
        },
        {
            "id": "100075144635384",
            "count": 0
        },
        {
            "id": "100075657535086",
            "count": 0
        },
        {
            "id": "100075836046654",
            "count": 0
        },
        {
            "id": "100076148482428",
            "count": 0
        },
        {
            "id": "100076749447767",
            "count": 1
        },
        {
            "id": "100076849923309",
            "count": 0
        },
        {
            "id": "100077030081274",
            "count": 0
        },
        {
            "id": "100077038052422",
            "count": 0
        },
        {
            "id": "100077396113525",
            "count": 0
        },
        {
            "id": "100077414418001",
            "count": 0
        },
        {
            "id": "100078416196562",
            "count": 1
        },
        {
            "id": "100080831751167",
            "count": 0
        },
        {
            "id": "100081497120058",
            "count": 0
        },
        {
            "id": "100081534695118",
            "count": 0
        },
        {
            "id": "100081826272278",
            "count": 62
        },
        {
            "id": "100081988017072",
            "count": 0
        },
        {
            "id": "100082588325504",
            "count": 0
        },
        {
            "id": "100083086152131",
            "count": 0
        },
        {
            "id": "100083088902794",
            "count": 0
        },
        {
            "id": "100083207553589",
            "count": 0
        },
        {
            "id": "100083305836992",
            "count": 0
        },
        {
            "id": "100083645964437",
            "count": 4
        },
        {
            "id": "100083778113855",
            "count": 0
        },
        {
            "id": "100083998045220",
            "count": 0
        },
        {
            "id": "100084210046953",
            "count": 0
        },
        {
            "id": "100084344572732",
            "count": 0
        },
        {
            "id": "100084348936274",
            "count": 163
        },
        {
            "id": "100084384877641",
            "count": 0
        },
        {
            "id": "100084461314268",
            "count": 0
        },
        {
            "id": "100085573147763",
            "count": 0
        },
        {
            "id": "100085632107729",
            "count": 0
        },
        {
            "id": "100085647792713",
            "count": 22
        },
        {
            "id": "100086366507526",
            "count": 0
        },
        {
            "id": "100086981358024",
            "count": 108
        },
        {
            "id": "100087427465648",
            "count": 0
        },
        {
            "id": "100087669831678",
            "count": 0
        },
        {
            "id": "100088521064947",
            "count": 0
        },
        {
            "id": "100033555665746",
            "count": 1
        },
        {
            "id": "509812441",
            "count": 1
        }
    ],
    "week": [
        {
            "id": "519351813",
            "count": 0,
            "name": "Người dùng facebook"
        },
        {
            "id": "558533613",
            "count": 0,
            "name": "Người dùng facebook"
        },
        {
            "id": "645374480",
            "count": 0,
            "name": "Người dùng facebook"
        },
        {
            "id": "649791853",
            "count": 0,
            "name": "Người dùng facebook"
        },
        {
            "id": "1448059156",
            "count": 0,
            "name": "Người dùng facebook"
        },
        {
            "id": "1533694625",
            "count": 0,
            "name": "Người dùng facebook"
        },
        {
            "id": "1557191541",
            "count": 0,
            "name": "Người dùng facebook"
        },
        {
            "id": "1824145471",
            "count": 0,
            "name": "Người dùng facebook"
        },
        {
            "id": "100000194220902",
            "count": 0,
            "name": "Người dùng facebook"
        },
        {
            "id": "100000551448029",
            "count": 0,
            "name": "Người dùng facebook"
        },
        {
            "id": "100002010618228",
            "count": 0,
            "name": "Người dùng facebook"
        },
        {
            "id": "100002290558364",
            "count": 0,
            "name": "Người dùng facebook"
        },
        {
            "id": "100002412942049",
            "count": 0,
            "name": "Người dùng facebook"
        },
        {
            "id": "100002767579857",
            "count": 0,
            "name": "Người dùng facebook"
        },
        {
            "id": "100003529474965",
            "count": 0,
            "name": "Người dùng facebook"
        },
        {
            "id": "100003653044087",
            "count": 0,
            "name": "Người dùng facebook"
        },
        {
            "id": "100003773832360",
            "count": 0,
            "name": "Người dùng facebook"
        },
        {
            "id": "100005478939176",
            "count": 0,
            "name": "Người dùng facebook"
        },
        {
            "id": "100006252378650",
            "count": 0,
            "name": "Người dùng facebook"
        },
        {
            "id": "100006302015931",
            "count": 0,
            "name": "Người dùng facebook"
        },
        {
            "id": "100008388672646",
            "count": 0,
            "name": "Người dùng facebook"
        },
        {
            "id": "100013240789232",
            "count": 0,
            "name": "Người dùng facebook"
        },
        {
            "id": "100013678089153",
            "count": 0,
            "name": "Người dùng facebook"
        },
        {
            "id": "100022207603995",
            "count": 0,
            "name": "Người dùng facebook"
        },
        {
            "id": "100024233502079",
            "count": 0,
            "name": "Người dùng facebook"
        },
        {
            "id": "100025524099851",
            "count": 0,
            "name": "Người dùng facebook"
        },
        {
            "id": "100027538341267",
            "count": 0,
            "name": "Người dùng facebook"
        },
        {
            "id": "100027777461049",
            "count": 0,
            "name": "Người dùng facebook"
        },
        {
            "id": "100028569890119",
            "count": 0,
            "name": "Người dùng facebook"
        },
        {
            "id": "100030453650023",
            "count": 0,
            "name": "Người dùng facebook"
        },
        {
            "id": "100030791717043",
            "count": 0,
            "name": "Người dùng facebook"
        },
        {
            "id": "100030942278986",
            "count": 0,
            "name": "Người dùng facebook"
        },
        {
            "id": "100033443325957",
            "count": 0,
            "name": "Người dùng facebook"
        },
        {
            "id": "100034481143145",
            "count": 0,
            "name": "Người dùng facebook"
        },
        {
            "id": "100038613200924",
            "count": 0,
            "name": "Người dùng facebook"
        },
        {
            "id": "100040469874170",
            "count": 0,
            "name": "Người dùng facebook"
        },
        {
            "id": "100041017075261",
            "count": 0,
            "name": "Người dùng facebook"
        },
        {
            "id": "100041058707208",
            "count": 0,
            "name": "Người dùng facebook"
        },
        {
            "id": "100041547042097",
            "count": 0,
            "name": "Người dùng facebook"
        },
        {
            "id": "100043588132302",
            "count": 0,
            "name": "Người dùng facebook"
        },
        {
            "id": "100046598650791",
            "count": 0,
            "name": "Người dùng facebook"
        },
        {
            "id": "100046613953025",
            "count": 0,
            "name": "Người dùng facebook"
        },
        {
            "id": "100047274492751",
            "count": 0,
            "name": "Người dùng facebook"
        },
        {
            "id": "100048528232085",
            "count": 0,
            "name": "Người dùng facebook"
        },
        {
            "id": "100049562550079",
            "count": 0,
            "name": "Người dùng facebook"
        },
        {
            "id": "100051053494943",
            "count": 0,
            "name": "Người dùng facebook"
        },
        {
            "id": "100051377238814",
            "count": 0,
            "name": "Người dùng facebook"
        },
        {
            "id": "100052777413242",
            "count": 0,
            "name": "Người dùng facebook"
        },
        {
            "id": "100053056494118",
            "count": 0,
            "name": "Người dùng facebook"
        },
        {
            "id": "100054078290798",
            "count": 0,
            "name": "Người dùng facebook"
        },
        {
            "id": "100054628024015",
            "count": 0,
            "name": "Người dùng facebook"
        },
        {
            "id": "100056714356562",
            "count": 0,
            "name": "Người dùng facebook"
        },
        {
            "id": "100058525208861",
            "count": 0,
            "name": "Người dùng facebook"
        },
        {
            "id": "100060879050530",
            "count": 0,
            "name": "Người dùng facebook"
        },
        {
            "id": "100062377135704",
            "count": 0,
            "name": "Người dùng facebook"
        },
        {
            "id": "100062900583301",
            "count": 0,
            "name": "Người dùng facebook"
        },
        {
            "id": "100063521101759",
            "count": 0,
            "name": "Người dùng facebook"
        },
        {
            "id": "100063521786956",
            "count": 0,
            "name": "Người dùng facebook"
        },
        {
            "id": "100063627602309",
            "count": 0,
            "name": "Người dùng facebook"
        },
        {
            "id": "100065430669235",
            "count": 0,
            "name": "Người dùng facebook"
        },
        {
            "id": "100065464327336",
            "count": 0,
            "name": "Người dùng facebook"
        },
        {
            "id": "100068448610409",
            "count": 0,
            "name": "Người dùng facebook"
        },
        {
            "id": "100068940754681",
            "count": 0,
            "name": "Người dùng facebook"
        },
        {
            "id": "100069431899265",
            "count": 0,
            "name": "Người dùng facebook"
        },
        {
            "id": "100069563003907",
            "count": 0,
            "name": "Người dùng facebook"
        },
        {
            "id": "100069816498417",
            "count": 0,
            "name": "Người dùng facebook"
        },
        {
            "id": "100072062790611",
            "count": 0,
            "name": "Người dùng facebook"
        },
        {
            "id": "100073116957173",
            "count": 0,
            "name": "Người dùng facebook"
        },
        {
            "id": "100073981002270",
            "count": 0,
            "name": "Người dùng facebook"
        },
        {
            "id": "100074298274954",
            "count": 0,
            "name": "Người dùng facebook"
        },
        {
            "id": "100074461644987",
            "count": 0,
            "name": "Người dùng facebook"
        },
        {
            "id": "100074709181476",
            "count": 0,
            "name": "Người dùng facebook"
        },
        {
            "id": "100075144635384",
            "count": 0,
            "name": "Người dùng facebook"
        },
        {
            "id": "100075657535086",
            "count": 0,
            "name": "Người dùng facebook"
        },
        {
            "id": "100075836046654",
            "count": 0,
            "name": "Người dùng facebook"
        },
        {
            "id": "100076148482428",
            "count": 0,
            "name": "Người dùng facebook"
        },
        {
            "id": "100076749447767",
            "count": 0,
            "name": "Người dùng facebook"
        },
        {
            "id": "100076849923309",
            "count": 0,
            "name": "Người dùng facebook"
        },
        {
            "id": "100077030081274",
            "count": 0,
            "name": "Người dùng facebook"
        },
        {
            "id": "100077038052422",
            "count": 0,
            "name": "Người dùng facebook"
        },
        {
            "id": "100077396113525",
            "count": 0,
            "name": "Người dùng facebook"
        },
        {
            "id": "100077414418001",
            "count": 0,
            "name": "Người dùng facebook"
        },
        {
            "id": "100078416196562",
            "count": 0,
            "name": "Người dùng facebook"
        },
        {
            "id": "100080831751167",
            "count": 0,
            "name": "Người dùng facebook"
        },
        {
            "id": "100081497120058",
            "count": 0,
            "name": "Người dùng facebook"
        },
        {
            "id": "100081534695118",
            "count": 0,
            "name": "Người dùng facebook"
        },
        {
            "id": "100081826272278",
            "count": 0,
            "name": "Người dùng facebook"
        },
        {
            "id": "100081988017072",
            "count": 0,
            "name": "Người dùng facebook"
        },
        {
            "id": "100082588325504",
            "count": 0,
            "name": "Người dùng facebook"
        },
        {
            "id": "100083086152131",
            "count": 0,
            "name": "Người dùng facebook"
        },
        {
            "id": "100083088902794",
            "count": 0,
            "name": "Người dùng facebook"
        },
        {
            "id": "100083207553589",
            "count": 0,
            "name": "Người dùng facebook"
        },
        {
            "id": "100083305836992",
            "count": 0,
            "name": "Người dùng facebook"
        },
        {
            "id": "100083645964437",
            "count": 0,
            "name": "Người dùng facebook"
        },
        {
            "id": "100083778113855",
            "count": 0,
            "name": "Người dùng facebook"
        },
        {
            "id": "100083998045220",
            "count": 0,
            "name": "Người dùng facebook"
        },
        {
            "id": "100084210046953",
            "count": 0,
            "name": "Người dùng facebook"
        },
        {
            "id": "100084344572732",
            "count": 0,
            "name": "Người dùng facebook"
        },
        {
            "id": "100084348936274",
            "count": 0,
            "name": "Người dùng facebook"
        },
        {
            "id": "100084384877641",
            "count": 0,
            "name": "Người dùng facebook"
        },
        {
            "id": "100084461314268",
            "count": 0,
            "name": "Người dùng facebook"
        },
        {
            "id": "100085573147763",
            "count": 0,
            "name": "Người dùng facebook"
        },
        {
            "id": "100085632107729",
            "count": 0,
            "name": "Người dùng facebook"
        },
        {
            "id": "100085647792713",
            "count": 0,
            "name": "Người dùng facebook"
        },
        {
            "id": "100086366507526",
            "count": 0,
            "name": "Người dùng facebook"
        },
        {
            "id": "100086981358024",
            "count": 0,
            "name": "Người dùng facebook"
        },
        {
            "id": "100087427465648",
            "count": 0,
            "name": "Người dùng facebook"
        },
        {
            "id": "100087669831678",
            "count": 0,
            "name": "Người dùng facebook"
        },
        {
            "id": "100088521064947",
            "count": 0,
            "name": "Người dùng facebook"
        },
        {
            "id": "100033555665746",
            "count": 0,
            "name": "Người dùng facebook"
        },
        {
            "id": "509812441",
            "count": 0,
            "name": "Người dùng facebook"
        }
    ],
    "day": [
        {
            "id": "519351813",
            "count": 0,
            "name": "Người dùng facebook"
        },
        {
            "id": "558533613",
            "count": 0,
            "name": "Người dùng facebook"
        },
        {
            "id": "645374480",
            "count": 0,
            "name": "Người dùng facebook"
        },
        {
            "id": "649791853",
            "count": 0,
            "name": "Người dùng facebook"
        },
        {
            "id": "1448059156",
            "count": 0,
            "name": "Người dùng facebook"
        },
        {
            "id": "1533694625",
            "count": 0,
            "name": "Người dùng facebook"
        },
        {
            "id": "1557191541",
            "count": 0,
            "name": "Người dùng facebook"
        },
        {
            "id": "1824145471",
            "count": 0,
            "name": "Người dùng facebook"
        },
        {
            "id": "100000194220902",
            "count": 0,
            "name": "Người dùng facebook"
        },
        {
            "id": "100000551448029",
            "count": 0,
            "name": "Người dùng facebook"
        },
        {
            "id": "100002010618228",
            "count": 0,
            "name": "Người dùng facebook"
        },
        {
            "id": "100002290558364",
            "count": 0,
            "name": "Người dùng facebook"
        },
        {
            "id": "100002412942049",
            "count": 0,
            "name": "Người dùng facebook"
        },
        {
            "id": "100002767579857",
            "count": 0,
            "name": "Người dùng facebook"
        },
        {
            "id": "100003529474965",
            "count": 0,
            "name": "Người dùng facebook"
        },
        {
            "id": "100003653044087",
            "count": 0,
            "name": "Người dùng facebook"
        },
        {
            "id": "100003773832360",
            "count": 0,
            "name": "Người dùng facebook"
        },
        {
            "id": "100005478939176",
            "count": 0,
            "name": "Người dùng facebook"
        },
        {
            "id": "100006252378650",
            "count": 0,
            "name": "Người dùng facebook"
        },
        {
            "id": "100006302015931",
            "count": 0,
            "name": "Người dùng facebook"
        },
        {
            "id": "100008388672646",
            "count": 0,
            "name": "Người dùng facebook"
        },
        {
            "id": "100013240789232",
            "count": 0,
            "name": "Người dùng facebook"
        },
        {
            "id": "100013678089153",
            "count": 0,
            "name": "Người dùng facebook"
        },
        {
            "id": "100022207603995",
            "count": 0,
            "name": "Người dùng facebook"
        },
        {
            "id": "100024233502079",
            "count": 0,
            "name": "Người dùng facebook"
        },
        {
            "id": "100025524099851",
            "count": 0,
            "name": "Người dùng facebook"
        },
        {
            "id": "100027538341267",
            "count": 0,
            "name": "Người dùng facebook"
        },
        {
            "id": "100027777461049",
            "count": 0,
            "name": "Người dùng facebook"
        },
        {
            "id": "100028569890119",
            "count": 0,
            "name": "Người dùng facebook"
        },
        {
            "id": "100030453650023",
            "count": 0,
            "name": "Người dùng facebook"
        },
        {
            "id": "100030791717043",
            "count": 0,
            "name": "Người dùng facebook"
        },
        {
            "id": "100030942278986",
            "count": 0,
            "name": "Người dùng facebook"
        },
        {
            "id": "100033443325957",
            "count": 0,
            "name": "Người dùng facebook"
        },
        {
            "id": "100034481143145",
            "count": 0,
            "name": "Người dùng facebook"
        },
        {
            "id": "100038613200924",
            "count": 0,
            "name": "Người dùng facebook"
        },
        {
            "id": "100040469874170",
            "count": 0,
            "name": "Người dùng facebook"
        },
        {
            "id": "100041017075261",
            "count": 0,
            "name": "Người dùng facebook"
        },
        {
            "id": "100041058707208",
            "count": 0,
            "name": "Người dùng facebook"
        },
        {
            "id": "100041547042097",
            "count": 0,
            "name": "Người dùng facebook"
        },
        {
            "id": "100043588132302",
            "count": 0,
            "name": "Người dùng facebook"
        },
        {
            "id": "100046598650791",
            "count": 0,
            "name": "Người dùng facebook"
        },
        {
            "id": "100046613953025",
            "count": 0,
            "name": "Người dùng facebook"
        },
        {
            "id": "100047274492751",
            "count": 0,
            "name": "Người dùng facebook"
        },
        {
            "id": "100048528232085",
            "count": 0,
            "name": "Người dùng facebook"
        },
        {
            "id": "100049562550079",
            "count": 0,
            "name": "Người dùng facebook"
        },
        {
            "id": "100051053494943",
            "count": 0,
            "name": "Người dùng facebook"
        },
        {
            "id": "100051377238814",
            "count": 0,
            "name": "Người dùng facebook"
        },
        {
            "id": "100052777413242",
            "count": 0,
            "name": "Người dùng facebook"
        },
        {
            "id": "100053056494118",
            "count": 0,
            "name": "Người dùng facebook"
        },
        {
            "id": "100054078290798",
            "count": 0,
            "name": "Người dùng facebook"
        },
        {
            "id": "100054628024015",
            "count": 0,
            "name": "Người dùng facebook"
        },
        {
            "id": "100056714356562",
            "count": 0,
            "name": "Người dùng facebook"
        },
        {
            "id": "100058525208861",
            "count": 0,
            "name": "Người dùng facebook"
        },
        {
            "id": "100060879050530",
            "count": 0,
            "name": "Người dùng facebook"
        },
        {
            "id": "100062377135704",
            "count": 0,
            "name": "Người dùng facebook"
        },
        {
            "id": "100062900583301",
            "count": 0,
            "name": "Người dùng facebook"
        },
        {
            "id": "100063521101759",
            "count": 0,
            "name": "Người dùng facebook"
        },
        {
            "id": "100063521786956",
            "count": 0,
            "name": "Người dùng facebook"
        },
        {
            "id": "100063627602309",
            "count": 0,
            "name": "Người dùng facebook"
        },
        {
            "id": "100065430669235",
            "count": 0,
            "name": "Người dùng facebook"
        },
        {
            "id": "100065464327336",
            "count": 0,
            "name": "Người dùng facebook"
        },
        {
            "id": "100068448610409",
            "count": 0,
            "name": "Người dùng facebook"
        },
        {
            "id": "100068940754681",
            "count": 0,
            "name": "Người dùng facebook"
        },
        {
            "id": "100069431899265",
            "count": 0,
            "name": "Người dùng facebook"
        },
        {
            "id": "100069563003907",
            "count": 0,
            "name": "Người dùng facebook"
        },
        {
            "id": "100069816498417",
            "count": 0,
            "name": "Người dùng facebook"
        },
        {
            "id": "100072062790611",
            "count": 0,
            "name": "Người dùng facebook"
        },
        {
            "id": "100073116957173",
            "count": 0,
            "name": "Người dùng facebook"
        },
        {
            "id": "100073981002270",
            "count": 0,
            "name": "Người dùng facebook"
        },
        {
            "id": "100074298274954",
            "count": 0,
            "name": "Người dùng facebook"
        },
        {
            "id": "100074461644987",
            "count": 0,
            "name": "Người dùng facebook"
        },
        {
            "id": "100074709181476",
            "count": 0,
            "name": "Người dùng facebook"
        },
        {
            "id": "100075144635384",
            "count": 0,
            "name": "Người dùng facebook"
        },
        {
            "id": "100075657535086",
            "count": 0,
            "name": "Người dùng facebook"
        },
        {
            "id": "100075836046654",
            "count": 0,
            "name": "Người dùng facebook"
        },
        {
            "id": "100076148482428",
            "count": 0,
            "name": "Người dùng facebook"
        },
        {
            "id": "100076749447767",
            "count": 0,
            "name": "Người dùng facebook"
        },
        {
            "id": "100076849923309",
            "count": 0,
            "name": "Người dùng facebook"
        },
        {
            "id": "100077030081274",
            "count": 0,
            "name": "Người dùng facebook"
        },
        {
            "id": "100077038052422",
            "count": 0,
            "name": "Người dùng facebook"
        },
        {
            "id": "100077396113525",
            "count": 0,
            "name": "Người dùng facebook"
        },
        {
            "id": "100077414418001",
            "count": 0,
            "name": "Người dùng facebook"
        },
        {
            "id": "100078416196562",
            "count": 0,
            "name": "Người dùng facebook"
        },
        {
            "id": "100080831751167",
            "count": 0,
            "name": "Người dùng facebook"
        },
        {
            "id": "100081497120058",
            "count": 0,
            "name": "Người dùng facebook"
        },
        {
            "id": "100081534695118",
            "count": 0,
            "name": "Người dùng facebook"
        },
        {
            "id": "100081826272278",
            "count": 0,
            "name": "Người dùng facebook"
        },
        {
            "id": "100081988017072",
            "count": 0,
            "name": "Người dùng facebook"
        },
        {
            "id": "100082588325504",
            "count": 0,
            "name": "Người dùng facebook"
        },
        {
            "id": "100083086152131",
            "count": 0,
            "name": "Người dùng facebook"
        },
        {
            "id": "100083088902794",
            "count": 0,
            "name": "Người dùng facebook"
        },
        {
            "id": "100083207553589",
            "count": 0,
            "name": "Người dùng facebook"
        },
        {
            "id": "100083305836992",
            "count": 0,
            "name": "Người dùng facebook"
        },
        {
            "id": "100083645964437",
            "count": 0,
            "name": "Người dùng facebook"
        },
        {
            "id": "100083778113855",
            "count": 0,
            "name": "Người dùng facebook"
        },
        {
            "id": "100083998045220",
            "count": 0,
            "name": "Người dùng facebook"
        },
        {
            "id": "100084210046953",
            "count": 0,
            "name": "Người dùng facebook"
        },
        {
            "id": "100084344572732",
            "count": 0,
            "name": "Người dùng facebook"
        },
        {
            "id": "100084348936274",
            "count": 0,
            "name": "Người dùng facebook"
        },
        {
            "id": "100084384877641",
            "count": 0,
            "name": "Người dùng facebook"
        },
        {
            "id": "100084461314268",
            "count": 0,
            "name": "Người dùng facebook"
        },
        {
            "id": "100085573147763",
            "count": 0,
            "name": "Người dùng facebook"
        },
        {
            "id": "100085632107729",
            "count": 0,
            "name": "Người dùng facebook"
        },
        {
            "id": "100085647792713",
            "count": 0,
            "name": "Người dùng facebook"
        },
        {
            "id": "100086366507526",
            "count": 0,
            "name": "Người dùng facebook"
        },
        {
            "id": "100086981358024",
            "count": 0,
            "name": "Người dùng facebook"
        },
        {
            "id": "100087427465648",
            "count": 0,
            "name": "Người dùng facebook"
        },
        {
            "id": "100087669831678",
            "count": 0,
            "name": "Người dùng facebook"
        },
        {
            "id": "100088521064947",
            "count": 0,
            "name": "Người dùng facebook"
        },
        {
            "id": "100033555665746",
            "count": 0,
            "name": "Người dùng facebook"
        },
        {
            "id": "509812441",
            "count": 0,
            "name": "Người dùng facebook"
        }
    ],
    "time": 6
}