{
    "total": [
        {
            "id": "100012681132506",
            "count": 0
        },
        {
            "id": "100023250277879",
            "count": 0
        },
        {
            "id": "100025168865101",
            "count": 0
        },
        {
            "id": "100025182002672",
            "count": 0
        },
        {
            "id": "100026037216575",
            "count": 0
        },
        {
            "id": "100027199435460",
            "count": 0
        },
        {
            "id": "100028086605154",
            "count": 0
        },
        {
            "id": "100031503870611",
            "count": 0
        },
        {
            "id": "100032892432484",
            "count": 0
        },
        {
            "id": "100033234182190",
            "count": 0
        },
        {
            "id": "100034255994092",
            "count": 0
        },
        {
            "id": "100036391576473",
            "count": 0
        },
        {
            "id": "100036636104011",
            "count": 0
        },
        {
            "id": "100037372244315",
            "count": 0
        },
        {
            "id": "100038528343222",
            "count": 0
        },
        {
            "id": "100039330439050",
            "count": 0
        },
        {
            "id": "100039463961525",
            "count": 0
        },
        {
            "id": "100040472529132",
            "count": 0
        },
        {
            "id": "100041795975913",
            "count": 7
        },
        {
            "id": "100042085004859",
            "count": 0
        },
        {
            "id": "100042496701210",
            "count": 0
        },
        {
            "id": "100042903304078",
            "count": 0
        },
        {
            "id": "100043667166237",
            "count": 0
        },
        {
            "id": "100044016407571",
            "count": 0
        },
        {
            "id": "100044969598068",
            "count": 0
        },
        {
            "id": "100045158173400",
            "count": 0
        },
        {
            "id": "100045342514689",
            "count": 0
        },
        {
            "id": "100045703193435",
            "count": 0
        },
        {
            "id": "100046679743404",
            "count": 0
        },
        {
            "id": "100047272867082",
            "count": 0
        },
        {
            "id": "100048681922016",
            "count": 0
        },
        {
            "id": "100049318118893",
            "count": 0
        },
        {
            "id": "100049670204265",
            "count": 0
        },
        {
            "id": "100049894178393",
            "count": 0
        },
        {
            "id": "100050466992321",
            "count": 0
        },
        {
            "id": "100051113827640",
            "count": 0
        },
        {
            "id": "100051454669661",
            "count": 0
        },
        {
            "id": "100051691704358",
            "count": 0
        },
        {
            "id": "100052409890150",
            "count": 0
        },
        {
            "id": "100053656447755",
            "count": 0
        },
        {
            "id": "100054450592814",
            "count": 0
        },
        {
            "id": "100054492755585",
            "count": 0
        },
        {
            "id": "100054654161144",
            "count": 12
        },
        {
            "id": "100054781953060",
            "count": 0
        },
        {
            "id": "100054867224108",
            "count": 0
        },
        {
            "id": "100055007361144",
            "count": 0
        },
        {
            "id": "100055038771719",
            "count": 0
        },
        {
            "id": "100055277053713",
            "count": 0
        },
        {
            "id": "100055444526239",
            "count": 0
        },
        {
            "id": "100055914464098",
            "count": 0
        },
        {
            "id": "100056013106712",
            "count": 8
        },
        {
            "id": "100056041568623",
            "count": 0
        },
        {
            "id": "100056082965311",
            "count": 0
        },
        {
            "id": "100056206041195",
            "count": 0
        },
        {
            "id": "100056655168076",
            "count": 0
        },
        {
            "id": "100056899682932",
            "count": 0
        },
        {
            "id": "100057039530718",
            "count": 0
        },
        {
            "id": "100057103722344",
            "count": 0
        },
        {
            "id": "100057322878970",
            "count": 0
        },
        {
            "id": "100057324245560",
            "count": 0
        },
        {
            "id": "100057730569590",
            "count": 0
        },
        {
            "id": "100058053537214",
            "count": 0
        },
        {
            "id": "100058057897618",
            "count": 0
        },
        {
            "id": "100058068205858",
            "count": 0
        },
        {
            "id": "100058204843657",
            "count": 0
        },
        {
            "id": "100058406024252",
            "count": 0
        },
        {
            "id": "100058633285065",
            "count": 0
        },
        {
            "id": "100058908828862",
            "count": 0
        },
        {
            "id": "100059746742287",
            "count": 0
        },
        {
            "id": "100059768690474",
            "count": 0
        },
        {
            "id": "100059793514586",
            "count": 0
        },
        {
            "id": "100059945925864",
            "count": 0
        },
        {
            "id": "100060086953392",
            "count": 0
        },
        {
            "id": "100061044646190",
            "count": 0
        },
        {
            "id": "100061374485474",
            "count": 0
        },
        {
            "id": "100061662101284",
            "count": 0
        },
        {
            "id": "100061894653984",
            "count": 0
        },
        {
            "id": "100062267045123",
            "count": 0
        },
        {
            "id": "100062746004713",
            "count": 0
        },
        {
            "id": "100064048080373",
            "count": 0
        },
        {
            "id": "100064471984276",
            "count": 0
        },
        {
            "id": "100065983419578",
            "count": 0
        },
        {
            "id": "100066377689018",
            "count": 0
        },
        {
            "id": "100066414271740",
            "count": 0
        },
        {
            "id": "100066563794322",
            "count": 0
        },
        {
            "id": "100066861043826",
            "count": 0
        },
        {
            "id": "100067057219608",
            "count": 0
        },
        {
            "id": "100067691431459",
            "count": 0
        },
        {
            "id": "100067784726078",
            "count": 0
        },
        {
            "id": "100067997312834",
            "count": 0
        },
        {
            "id": "100068131637514",
            "count": 0
        },
        {
            "id": "100068488654429",
            "count": 0
        },
        {
            "id": "100068651846924",
            "count": 0
        },
        {
            "id": "100069883884394",
            "count": 0
        },
        {
            "id": "100069948893136",
            "count": 0
        },
        {
            "id": "100070035656726",
            "count": 0
        },
        {
            "id": "100070384127271",
            "count": 0
        },
        {
            "id": "100070712448794",
            "count": 0
        },
        {
            "id": "100070784892245",
            "count": 0
        },
        {
            "id": "100071211024010",
            "count": 0
        },
        {
            "id": "100071720441842",
            "count": 0
        },
        {
            "id": "100071747287584",
            "count": 0
        },
        {
            "id": "100071862836718",
            "count": 0
        },
        {
            "id": "100072090590448",
            "count": 0
        },
        {
            "id": "100072560101723",
            "count": 0
        },
        {
            "id": "100072571188104",
            "count": 0
        },
        {
            "id": "100072805493576",
            "count": 0
        },
        {
            "id": "100073058506080",
            "count": 0
        },
        {
            "id": "100073157080822",
            "count": 0
        },
        {
            "id": "100073334755044",
            "count": 0
        },
        {
            "id": "100073466476561",
            "count": 0
        },
        {
            "id": "100073880299483",
            "count": 0
        },
        {
            "id": "100073902581261",
            "count": 0
        },
        {
            "id": "100074155685899",
            "count": 0
        },
        {
            "id": "100074488756559",
            "count": 0
        },
        {
            "id": "100074520416304",
            "count": 0
        },
        {
            "id": "100074559663707",
            "count": 2
        },
        {
            "id": "100074799820362",
            "count": 0
        },
        {
            "id": "100074843205450",
            "count": 0
        },
        {
            "id": "100075037102158",
            "count": 16
        },
        {
            "id": "100075129171074",
            "count": 0
        },
        {
            "id": "100075420203443",
            "count": 0
        },
        {
            "id": "100075847599282",
            "count": 0
        },
        {
            "id": "100075855952823",
            "count": 0
        },
        {
            "id": "100075858834786",
            "count": 0
        },
        {
            "id": "100075963528838",
            "count": 0
        },
        {
            "id": "100075967093800",
            "count": 10
        },
        {
            "id": "100076191135076",
            "count": 0
        },
        {
            "id": "100076528171063",
            "count": 0
        },
        {
            "id": "100076576321600",
            "count": 0
        },
        {
            "id": "100076826255782",
            "count": 0
        },
        {
            "id": "100077325376856",
            "count": 0
        },
        {
            "id": "100077518692583",
            "count": 0
        },
        {
            "id": "100077576172201",
            "count": 0
        },
        {
            "id": "100077672552537",
            "count": 0
        },
        {
            "id": "100077876326215",
            "count": 0
        },
        {
            "id": "100077988484142",
            "count": 0
        },
        {
            "id": "100078021885127",
            "count": 0
        },
        {
            "id": "100078305721405",
            "count": 0
        },
        {
            "id": "100078370356451",
            "count": 0
        },
        {
            "id": "100078465271521",
            "count": 0
        },
        {
            "id": "100078846755816",
            "count": 0
        },
        {
            "id": "100078920164277",
            "count": 0
        },
        {
            "id": "100078965056784",
            "count": 0
        },
        {
            "id": "100079061648863",
            "count": 0
        },
        {
            "id": "100079416813199",
            "count": 1
        },
        {
            "id": "100079458820003",
            "count": 0
        },
        {
            "id": "100080022996202",
            "count": 0
        },
        {
            "id": "100080151416292",
            "count": 0
        },
        {
            "id": "100080216985544",
            "count": 0
        },
        {
            "id": "100080379542615",
            "count": 0
        },
        {
            "id": "100080879311143",
            "count": 0
        },
        {
            "id": "100081466741216",
            "count": 0
        },
        {
            "id": "100081624333075",
            "count": 0
        },
        {
            "id": "100081679270761",
            "count": 0
        },
        {
            "id": "100081969897639",
            "count": 0
        },
        {
            "id": "100082204137479",
            "count": 0
        },
        {
            "id": "100082318112921",
            "count": 0
        },
        {
            "id": "100082362584111",
            "count": 0
        },
        {
            "id": "100082576660113",
            "count": 0
        },
        {
            "id": "100082822536356",
            "count": 0
        },
        {
            "id": "100082915939699",
            "count": 0
        },
        {
            "id": "100083208612391",
            "count": 0
        },
        {
            "id": "100083549264722",
            "count": 0
        },
        {
            "id": "100083656943386",
            "count": 0
        },
        {
            "id": "100083657165129",
            "count": 0
        },
        {
            "id": "100083708986199",
            "count": 13
        },
        {
            "id": "100083947827783",
            "count": 0
        },
        {
            "id": "100084012933665",
            "count": 0
        },
        {
            "id": "100084057218928",
            "count": 2
        },
        {
            "id": "100084139591593",
            "count": 0
        },
        {
            "id": "100084448756716",
            "count": 0
        },
        {
            "id": "100084463021904",
            "count": 0
        },
        {
            "id": "100084883200442",
            "count": 0
        },
        {
            "id": "100084969166704",
            "count": 0
        },
        {
            "id": "100085044454631",
            "count": 0
        },
        {
            "id": "100085848901796",
            "count": 0
        },
        {
            "id": "100086214422053",
            "count": 0
        },
        {
            "id": "100086293245287",
            "count": 0
        },
        {
            "id": "100086565623534",
            "count": 0
        },
        {
            "id": "100086569758087",
            "count": 0
        },
        {
            "id": "100086800428787",
            "count": 0
        }
    ],
    "week": [
        {
            "id": "100012681132506",
            "count": 0,
            "name": "Người dùng facebook"
        },
        {
            "id": "100023250277879",
            "count": 0,
            "name": "Người dùng facebook"
        },
        {
            "id": "100025168865101",
            "count": 0,
            "name": "Người dùng facebook"
        },
        {
            "id": "100025182002672",
            "count": 0,
            "name": "Người dùng facebook"
        },
        {
            "id": "100026037216575",
            "count": 0,
            "name": "Người dùng facebook"
        },
        {
            "id": "100027199435460",
            "count": 0,
            "name": "Người dùng facebook"
        },
        {
            "id": "100028086605154",
            "count": 0,
            "name": "Người dùng facebook"
        },
        {
            "id": "100031503870611",
            "count": 0,
            "name": "Người dùng facebook"
        },
        {
            "id": "100032892432484",
            "count": 0,
            "name": "Người dùng facebook"
        },
        {
            "id": "100033234182190",
            "count": 0,
            "name": "Người dùng facebook"
        },
        {
            "id": "100034255994092",
            "count": 0,
            "name": "Người dùng facebook"
        },
        {
            "id": "100036391576473",
            "count": 0,
            "name": "Người dùng facebook"
        },
        {
            "id": "100036636104011",
            "count": 0,
            "name": "Người dùng facebook"
        },
        {
            "id": "100037372244315",
            "count": 0,
            "name": "Người dùng facebook"
        },
        {
            "id": "100038528343222",
            "count": 0,
            "name": "Người dùng facebook"
        },
        {
            "id": "100039330439050",
            "count": 0,
            "name": "Người dùng facebook"
        },
        {
            "id": "100039463961525",
            "count": 0,
            "name": "Người dùng facebook"
        },
        {
            "id": "100040472529132",
            "count": 0,
            "name": "Người dùng facebook"
        },
        {
            "id": "100041795975913",
            "count": 0,
            "name": "Người dùng facebook"
        },
        {
            "id": "100042085004859",
            "count": 0,
            "name": "Người dùng facebook"
        },
        {
            "id": "100042496701210",
            "count": 0,
            "name": "Người dùng facebook"
        },
        {
            "id": "100042903304078",
            "count": 0,
            "name": "Người dùng facebook"
        },
        {
            "id": "100043667166237",
            "count": 0,
            "name": "Người dùng facebook"
        },
        {
            "id": "100044016407571",
            "count": 0,
            "name": "Người dùng facebook"
        },
        {
            "id": "100044969598068",
            "count": 0,
            "name": "Người dùng facebook"
        },
        {
            "id": "100045158173400",
            "count": 0,
            "name": "Người dùng facebook"
        },
        {
            "id": "100045342514689",
            "count": 0,
            "name": "Người dùng facebook"
        },
        {
            "id": "100045703193435",
            "count": 0,
            "name": "Người dùng facebook"
        },
        {
            "id": "100046679743404",
            "count": 0,
            "name": "Người dùng facebook"
        },
        {
            "id": "100047272867082",
            "count": 0,
            "name": "Người dùng facebook"
        },
        {
            "id": "100048681922016",
            "count": 0,
            "name": "Người dùng facebook"
        },
        {
            "id": "100049318118893",
            "count": 0,
            "name": "Người dùng facebook"
        },
        {
            "id": "100049670204265",
            "count": 0,
            "name": "Người dùng facebook"
        },
        {
            "id": "100049894178393",
            "count": 0,
            "name": "Người dùng facebook"
        },
        {
            "id": "100050466992321",
            "count": 0,
            "name": "Người dùng facebook"
        },
        {
            "id": "100051113827640",
            "count": 0,
            "name": "Người dùng facebook"
        },
        {
            "id": "100051454669661",
            "count": 0,
            "name": "Người dùng facebook"
        },
        {
            "id": "100051691704358",
            "count": 0,
            "name": "Người dùng facebook"
        },
        {
            "id": "100052409890150",
            "count": 0,
            "name": "Người dùng facebook"
        },
        {
            "id": "100053656447755",
            "count": 0,
            "name": "Người dùng facebook"
        },
        {
            "id": "100054450592814",
            "count": 0,
            "name": "Người dùng facebook"
        },
        {
            "id": "100054492755585",
            "count": 0,
            "name": "Người dùng facebook"
        },
        {
            "id": "100054654161144",
            "count": 0,
            "name": "Người dùng facebook"
        },
        {
            "id": "100054781953060",
            "count": 0,
            "name": "Người dùng facebook"
        },
        {
            "id": "100054867224108",
            "count": 0,
            "name": "Người dùng facebook"
        },
        {
            "id": "100055007361144",
            "count": 0,
            "name": "Người dùng facebook"
        },
        {
            "id": "100055038771719",
            "count": 0,
            "name": "Người dùng facebook"
        },
        {
            "id": "100055277053713",
            "count": 0,
            "name": "Người dùng facebook"
        },
        {
            "id": "100055444526239",
            "count": 0,
            "name": "Người dùng facebook"
        },
        {
            "id": "100055914464098",
            "count": 0,
            "name": "Người dùng facebook"
        },
        {
            "id": "100056013106712",
            "count": 0,
            "name": "Người dùng facebook"
        },
        {
            "id": "100056041568623",
            "count": 0,
            "name": "Người dùng facebook"
        },
        {
            "id": "100056082965311",
            "count": 0,
            "name": "Người dùng facebook"
        },
        {
            "id": "100056206041195",
            "count": 0,
            "name": "Người dùng facebook"
        },
        {
            "id": "100056655168076",
            "count": 0,
            "name": "Người dùng facebook"
        },
        {
            "id": "100056899682932",
            "count": 0,
            "name": "Người dùng facebook"
        },
        {
            "id": "100057039530718",
            "count": 0,
            "name": "Người dùng facebook"
        },
        {
            "id": "100057103722344",
            "count": 0,
            "name": "Người dùng facebook"
        },
        {
            "id": "100057322878970",
            "count": 0,
            "name": "Người dùng facebook"
        },
        {
            "id": "100057324245560",
            "count": 0,
            "name": "Người dùng facebook"
        },
        {
            "id": "100057730569590",
            "count": 0,
            "name": "Người dùng facebook"
        },
        {
            "id": "100058053537214",
            "count": 0,
            "name": "Người dùng facebook"
        },
        {
            "id": "100058057897618",
            "count": 0,
            "name": "Người dùng facebook"
        },
        {
            "id": "100058068205858",
            "count": 0,
            "name": "Người dùng facebook"
        },
        {
            "id": "100058204843657",
            "count": 0,
            "name": "Người dùng facebook"
        },
        {
            "id": "100058406024252",
            "count": 0,
            "name": "Người dùng facebook"
        },
        {
            "id": "100058633285065",
            "count": 0,
            "name": "Người dùng facebook"
        },
        {
            "id": "100058908828862",
            "count": 0,
            "name": "Người dùng facebook"
        },
        {
            "id": "100059746742287",
            "count": 0,
            "name": "Người dùng facebook"
        },
        {
            "id": "100059768690474",
            "count": 0,
            "name": "Người dùng facebook"
        },
        {
            "id": "100059793514586",
            "count": 0,
            "name": "Người dùng facebook"
        },
        {
            "id": "100059945925864",
            "count": 0,
            "name": "Người dùng facebook"
        },
        {
            "id": "100060086953392",
            "count": 0,
            "name": "Người dùng facebook"
        },
        {
            "id": "100061044646190",
            "count": 0,
            "name": "Người dùng facebook"
        },
        {
            "id": "100061374485474",
            "count": 0,
            "name": "Người dùng facebook"
        },
        {
            "id": "100061662101284",
            "count": 0,
            "name": "Người dùng facebook"
        },
        {
            "id": "100061894653984",
            "count": 0,
            "name": "Người dùng facebook"
        },
        {
            "id": "100062267045123",
            "count": 0,
            "name": "Người dùng facebook"
        },
        {
            "id": "100062746004713",
            "count": 0,
            "name": "Người dùng facebook"
        },
        {
            "id": "100064048080373",
            "count": 0,
            "name": "Người dùng facebook"
        },
        {
            "id": "100064471984276",
            "count": 0,
            "name": "Người dùng facebook"
        },
        {
            "id": "100065983419578",
            "count": 0,
            "name": "Người dùng facebook"
        },
        {
            "id": "100066377689018",
            "count": 0,
            "name": "Người dùng facebook"
        },
        {
            "id": "100066414271740",
            "count": 0,
            "name": "Người dùng facebook"
        },
        {
            "id": "100066563794322",
            "count": 0,
            "name": "Người dùng facebook"
        },
        {
            "id": "100066861043826",
            "count": 0,
            "name": "Người dùng facebook"
        },
        {
            "id": "100067057219608",
            "count": 0,
            "name": "Người dùng facebook"
        },
        {
            "id": "100067691431459",
            "count": 0,
            "name": "Người dùng facebook"
        },
        {
            "id": "100067784726078",
            "count": 0,
            "name": "Người dùng facebook"
        },
        {
            "id": "100067997312834",
            "count": 0,
            "name": "Người dùng facebook"
        },
        {
            "id": "100068131637514",
            "count": 0,
            "name": "Người dùng facebook"
        },
        {
            "id": "100068488654429",
            "count": 0,
            "name": "Người dùng facebook"
        },
        {
            "id": "100068651846924",
            "count": 0,
            "name": "Người dùng facebook"
        },
        {
            "id": "100069883884394",
            "count": 0,
            "name": "Người dùng facebook"
        },
        {
            "id": "100069948893136",
            "count": 0,
            "name": "Người dùng facebook"
        },
        {
            "id": "100070035656726",
            "count": 0,
            "name": "Người dùng facebook"
        },
        {
            "id": "100070384127271",
            "count": 0,
            "name": "Người dùng facebook"
        },
        {
            "id": "100070712448794",
            "count": 0,
            "name": "Người dùng facebook"
        },
        {
            "id": "100070784892245",
            "count": 0,
            "name": "Người dùng facebook"
        },
        {
            "id": "100071211024010",
            "count": 0,
            "name": "Người dùng facebook"
        },
        {
            "id": "100071720441842",
            "count": 0,
            "name": "Người dùng facebook"
        },
        {
            "id": "100071747287584",
            "count": 0,
            "name": "Người dùng facebook"
        },
        {
            "id": "100071862836718",
            "count": 0,
            "name": "Người dùng facebook"
        },
        {
            "id": "100072090590448",
            "count": 0,
            "name": "Người dùng facebook"
        },
        {
            "id": "100072560101723",
            "count": 0,
            "name": "Người dùng facebook"
        },
        {
            "id": "100072571188104",
            "count": 0,
            "name": "Người dùng facebook"
        },
        {
            "id": "100072805493576",
            "count": 0,
            "name": "Người dùng facebook"
        },
        {
            "id": "100073058506080",
            "count": 0,
            "name": "Người dùng facebook"
        },
        {
            "id": "100073157080822",
            "count": 0,
            "name": "Người dùng facebook"
        },
        {
            "id": "100073334755044",
            "count": 0,
            "name": "Người dùng facebook"
        },
        {
            "id": "100073466476561",
            "count": 0,
            "name": "Người dùng facebook"
        },
        {
            "id": "100073880299483",
            "count": 0,
            "name": "Người dùng facebook"
        },
        {
            "id": "100073902581261",
            "count": 0,
            "name": "Người dùng facebook"
        },
        {
            "id": "100074155685899",
            "count": 0,
            "name": "Người dùng facebook"
        },
        {
            "id": "100074488756559",
            "count": 0,
            "name": "Người dùng facebook"
        },
        {
            "id": "100074520416304",
            "count": 0,
            "name": "Người dùng facebook"
        },
        {
            "id": "100074559663707",
            "count": 0,
            "name": "Người dùng facebook"
        },
        {
            "id": "100074799820362",
            "count": 0,
            "name": "Người dùng facebook"
        },
        {
            "id": "100074843205450",
            "count": 0,
            "name": "Người dùng facebook"
        },
        {
            "id": "100075037102158",
            "count": 0,
            "name": "Người dùng facebook"
        },
        {
            "id": "100075129171074",
            "count": 0,
            "name": "Người dùng facebook"
        },
        {
            "id": "100075420203443",
            "count": 0,
            "name": "Người dùng facebook"
        },
        {
            "id": "100075847599282",
            "count": 0,
            "name": "Người dùng facebook"
        },
        {
            "id": "100075855952823",
            "count": 0,
            "name": "Người dùng facebook"
        },
        {
            "id": "100075858834786",
            "count": 0,
            "name": "Người dùng facebook"
        },
        {
            "id": "100075963528838",
            "count": 0,
            "name": "Người dùng facebook"
        },
        {
            "id": "100075967093800",
            "count": 0,
            "name": "Người dùng facebook"
        },
        {
            "id": "100076191135076",
            "count": 0,
            "name": "Người dùng facebook"
        },
        {
            "id": "100076528171063",
            "count": 0,
            "name": "Người dùng facebook"
        },
        {
            "id": "100076576321600",
            "count": 0,
            "name": "Người dùng facebook"
        },
        {
            "id": "100076826255782",
            "count": 0,
            "name": "Người dùng facebook"
        },
        {
            "id": "100077325376856",
            "count": 0,
            "name": "Người dùng facebook"
        },
        {
            "id": "100077518692583",
            "count": 0,
            "name": "Người dùng facebook"
        },
        {
            "id": "100077576172201",
            "count": 0,
            "name": "Người dùng facebook"
        },
        {
            "id": "100077672552537",
            "count": 0,
            "name": "Người dùng facebook"
        },
        {
            "id": "100077876326215",
            "count": 0,
            "name": "Người dùng facebook"
        },
        {
            "id": "100077988484142",
            "count": 0,
            "name": "Người dùng facebook"
        },
        {
            "id": "100078021885127",
            "count": 0,
            "name": "Người dùng facebook"
        },
        {
            "id": "100078305721405",
            "count": 0,
            "name": "Người dùng facebook"
        },
        {
            "id": "100078370356451",
            "count": 0,
            "name": "Người dùng facebook"
        },
        {
            "id": "100078465271521",
            "count": 0,
            "name": "Người dùng facebook"
        },
        {
            "id": "100078846755816",
            "count": 0,
            "name": "Người dùng facebook"
        },
        {
            "id": "100078920164277",
            "count": 0,
            "name": "Người dùng facebook"
        },
        {
            "id": "100078965056784",
            "count": 0,
            "name": "Người dùng facebook"
        },
        {
            "id": "100079061648863",
            "count": 0,
            "name": "Người dùng facebook"
        },
        {
            "id": "100079416813199",
            "count": 0,
            "name": "Người dùng facebook"
        },
        {
            "id": "100079458820003",
            "count": 0,
            "name": "Người dùng facebook"
        },
        {
            "id": "100080022996202",
            "count": 0,
            "name": "Người dùng facebook"
        },
        {
            "id": "100080151416292",
            "count": 0,
            "name": "Người dùng facebook"
        },
        {
            "id": "100080216985544",
            "count": 0,
            "name": "Người dùng facebook"
        },
        {
            "id": "100080379542615",
            "count": 0,
            "name": "Người dùng facebook"
        },
        {
            "id": "100080879311143",
            "count": 0,
            "name": "Người dùng facebook"
        },
        {
            "id": "100081466741216",
            "count": 0,
            "name": "Người dùng facebook"
        },
        {
            "id": "100081624333075",
            "count": 0,
            "name": "Người dùng facebook"
        },
        {
            "id": "100081679270761",
            "count": 0,
            "name": "Người dùng facebook"
        },
        {
            "id": "100081969897639",
            "count": 0,
            "name": "Người dùng facebook"
        },
        {
            "id": "100082204137479",
            "count": 0,
            "name": "Người dùng facebook"
        },
        {
            "id": "100082318112921",
            "count": 0,
            "name": "Người dùng facebook"
        },
        {
            "id": "100082362584111",
            "count": 0,
            "name": "Người dùng facebook"
        },
        {
            "id": "100082576660113",
            "count": 0,
            "name": "Người dùng facebook"
        },
        {
            "id": "100082822536356",
            "count": 0,
            "name": "Người dùng facebook"
        },
        {
            "id": "100082915939699",
            "count": 0,
            "name": "Người dùng facebook"
        },
        {
            "id": "100083208612391",
            "count": 0,
            "name": "Người dùng facebook"
        },
        {
            "id": "100083549264722",
            "count": 0,
            "name": "Người dùng facebook"
        },
        {
            "id": "100083656943386",
            "count": 0,
            "name": "Người dùng facebook"
        },
        {
            "id": "100083657165129",
            "count": 0,
            "name": "Người dùng facebook"
        },
        {
            "id": "100083708986199",
            "count": 0,
            "name": "Người dùng facebook"
        },
        {
            "id": "100083947827783",
            "count": 0,
            "name": "Người dùng facebook"
        },
        {
            "id": "100084012933665",
            "count": 0,
            "name": "Người dùng facebook"
        },
        {
            "id": "100084057218928",
            "count": 0,
            "name": "Người dùng facebook"
        },
        {
            "id": "100084139591593",
            "count": 0,
            "name": "Người dùng facebook"
        },
        {
            "id": "100084448756716",
            "count": 0,
            "name": "Người dùng facebook"
        },
        {
            "id": "100084463021904",
            "count": 0,
            "name": "Người dùng facebook"
        },
        {
            "id": "100084883200442",
            "count": 0,
            "name": "Người dùng facebook"
        },
        {
            "id": "100084969166704",
            "count": 0,
            "name": "Người dùng facebook"
        },
        {
            "id": "100085044454631",
            "count": 0,
            "name": "Người dùng facebook"
        },
        {
            "id": "100085848901796",
            "count": 0,
            "name": "Người dùng facebook"
        },
        {
            "id": "100086214422053",
            "count": 0,
            "name": "Người dùng facebook"
        },
        {
            "id": "100086293245287",
            "count": 0,
            "name": "Người dùng facebook"
        },
        {
            "id": "100086565623534",
            "count": 0,
            "name": "Người dùng facebook"
        },
        {
            "id": "100086569758087",
            "count": 0,
            "name": "Người dùng facebook"
        },
        {
            "id": "100086800428787",
            "count": 0,
            "name": "Người dùng facebook"
        }
    ],
    "day": [
        {
            "id": "100012681132506",
            "count": 0,
            "name": "Người dùng facebook"
        },
        {
            "id": "100023250277879",
            "count": 0,
            "name": "Người dùng facebook"
        },
        {
            "id": "100025168865101",
            "count": 0,
            "name": "Người dùng facebook"
        },
        {
            "id": "100025182002672",
            "count": 0,
            "name": "Người dùng facebook"
        },
        {
            "id": "100026037216575",
            "count": 0,
            "name": "Người dùng facebook"
        },
        {
            "id": "100027199435460",
            "count": 0,
            "name": "Người dùng facebook"
        },
        {
            "id": "100028086605154",
            "count": 0,
            "name": "Người dùng facebook"
        },
        {
            "id": "100031503870611",
            "count": 0,
            "name": "Người dùng facebook"
        },
        {
            "id": "100032892432484",
            "count": 0,
            "name": "Người dùng facebook"
        },
        {
            "id": "100033234182190",
            "count": 0,
            "name": "Người dùng facebook"
        },
        {
            "id": "100034255994092",
            "count": 0,
            "name": "Người dùng facebook"
        },
        {
            "id": "100036391576473",
            "count": 0,
            "name": "Người dùng facebook"
        },
        {
            "id": "100036636104011",
            "count": 0,
            "name": "Người dùng facebook"
        },
        {
            "id": "100037372244315",
            "count": 0,
            "name": "Người dùng facebook"
        },
        {
            "id": "100038528343222",
            "count": 0,
            "name": "Người dùng facebook"
        },
        {
            "id": "100039330439050",
            "count": 0,
            "name": "Người dùng facebook"
        },
        {
            "id": "100039463961525",
            "count": 0,
            "name": "Người dùng facebook"
        },
        {
            "id": "100040472529132",
            "count": 0,
            "name": "Người dùng facebook"
        },
        {
            "id": "100041795975913",
            "count": 0,
            "name": "Người dùng facebook"
        },
        {
            "id": "100042085004859",
            "count": 0,
            "name": "Người dùng facebook"
        },
        {
            "id": "100042496701210",
            "count": 0,
            "name": "Người dùng facebook"
        },
        {
            "id": "100042903304078",
            "count": 0,
            "name": "Người dùng facebook"
        },
        {
            "id": "100043667166237",
            "count": 0,
            "name": "Người dùng facebook"
        },
        {
            "id": "100044016407571",
            "count": 0,
            "name": "Người dùng facebook"
        },
        {
            "id": "100044969598068",
            "count": 0,
            "name": "Người dùng facebook"
        },
        {
            "id": "100045158173400",
            "count": 0,
            "name": "Người dùng facebook"
        },
        {
            "id": "100045342514689",
            "count": 0,
            "name": "Người dùng facebook"
        },
        {
            "id": "100045703193435",
            "count": 0,
            "name": "Người dùng facebook"
        },
        {
            "id": "100046679743404",
            "count": 0,
            "name": "Người dùng facebook"
        },
        {
            "id": "100047272867082",
            "count": 0,
            "name": "Người dùng facebook"
        },
        {
            "id": "100048681922016",
            "count": 0,
            "name": "Người dùng facebook"
        },
        {
            "id": "100049318118893",
            "count": 0,
            "name": "Người dùng facebook"
        },
        {
            "id": "100049670204265",
            "count": 0,
            "name": "Người dùng facebook"
        },
        {
            "id": "100049894178393",
            "count": 0,
            "name": "Người dùng facebook"
        },
        {
            "id": "100050466992321",
            "count": 0,
            "name": "Người dùng facebook"
        },
        {
            "id": "100051113827640",
            "count": 0,
            "name": "Người dùng facebook"
        },
        {
            "id": "100051454669661",
            "count": 0,
            "name": "Người dùng facebook"
        },
        {
            "id": "100051691704358",
            "count": 0,
            "name": "Người dùng facebook"
        },
        {
            "id": "100052409890150",
            "count": 0,
            "name": "Người dùng facebook"
        },
        {
            "id": "100053656447755",
            "count": 0,
            "name": "Người dùng facebook"
        },
        {
            "id": "100054450592814",
            "count": 0,
            "name": "Người dùng facebook"
        },
        {
            "id": "100054492755585",
            "count": 0,
            "name": "Người dùng facebook"
        },
        {
            "id": "100054654161144",
            "count": 0,
            "name": "Người dùng facebook"
        },
        {
            "id": "100054781953060",
            "count": 0,
            "name": "Người dùng facebook"
        },
        {
            "id": "100054867224108",
            "count": 0,
            "name": "Người dùng facebook"
        },
        {
            "id": "100055007361144",
            "count": 0,
            "name": "Người dùng facebook"
        },
        {
            "id": "100055038771719",
            "count": 0,
            "name": "Người dùng facebook"
        },
        {
            "id": "100055277053713",
            "count": 0,
            "name": "Người dùng facebook"
        },
        {
            "id": "100055444526239",
            "count": 0,
            "name": "Người dùng facebook"
        },
        {
            "id": "100055914464098",
            "count": 0,
            "name": "Người dùng facebook"
        },
        {
            "id": "100056013106712",
            "count": 0,
            "name": "Người dùng facebook"
        },
        {
            "id": "100056041568623",
            "count": 0,
            "name": "Người dùng facebook"
        },
        {
            "id": "100056082965311",
            "count": 0,
            "name": "Người dùng facebook"
        },
        {
            "id": "100056206041195",
            "count": 0,
            "name": "Người dùng facebook"
        },
        {
            "id": "100056655168076",
            "count": 0,
            "name": "Người dùng facebook"
        },
        {
            "id": "100056899682932",
            "count": 0,
            "name": "Người dùng facebook"
        },
        {
            "id": "100057039530718",
            "count": 0,
            "name": "Người dùng facebook"
        },
        {
            "id": "100057103722344",
            "count": 0,
            "name": "Người dùng facebook"
        },
        {
            "id": "100057322878970",
            "count": 0,
            "name": "Người dùng facebook"
        },
        {
            "id": "100057324245560",
            "count": 0,
            "name": "Người dùng facebook"
        },
        {
            "id": "100057730569590",
            "count": 0,
            "name": "Người dùng facebook"
        },
        {
            "id": "100058053537214",
            "count": 0,
            "name": "Người dùng facebook"
        },
        {
            "id": "100058057897618",
            "count": 0,
            "name": "Người dùng facebook"
        },
        {
            "id": "100058068205858",
            "count": 0,
            "name": "Người dùng facebook"
        },
        {
            "id": "100058204843657",
            "count": 0,
            "name": "Người dùng facebook"
        },
        {
            "id": "100058406024252",
            "count": 0,
            "name": "Người dùng facebook"
        },
        {
            "id": "100058633285065",
            "count": 0,
            "name": "Người dùng facebook"
        },
        {
            "id": "100058908828862",
            "count": 0,
            "name": "Người dùng facebook"
        },
        {
            "id": "100059746742287",
            "count": 0,
            "name": "Người dùng facebook"
        },
        {
            "id": "100059768690474",
            "count": 0,
            "name": "Người dùng facebook"
        },
        {
            "id": "100059793514586",
            "count": 0,
            "name": "Người dùng facebook"
        },
        {
            "id": "100059945925864",
            "count": 0,
            "name": "Người dùng facebook"
        },
        {
            "id": "100060086953392",
            "count": 0,
            "name": "Người dùng facebook"
        },
        {
            "id": "100061044646190",
            "count": 0,
            "name": "Người dùng facebook"
        },
        {
            "id": "100061374485474",
            "count": 0,
            "name": "Người dùng facebook"
        },
        {
            "id": "100061662101284",
            "count": 0,
            "name": "Người dùng facebook"
        },
        {
            "id": "100061894653984",
            "count": 0,
            "name": "Người dùng facebook"
        },
        {
            "id": "100062267045123",
            "count": 0,
            "name": "Người dùng facebook"
        },
        {
            "id": "100062746004713",
            "count": 0,
            "name": "Người dùng facebook"
        },
        {
            "id": "100064048080373",
            "count": 0,
            "name": "Người dùng facebook"
        },
        {
            "id": "100064471984276",
            "count": 0,
            "name": "Người dùng facebook"
        },
        {
            "id": "100065983419578",
            "count": 0,
            "name": "Người dùng facebook"
        },
        {
            "id": "100066377689018",
            "count": 0,
            "name": "Người dùng facebook"
        },
        {
            "id": "100066414271740",
            "count": 0,
            "name": "Người dùng facebook"
        },
        {
            "id": "100066563794322",
            "count": 0,
            "name": "Người dùng facebook"
        },
        {
            "id": "100066861043826",
            "count": 0,
            "name": "Người dùng facebook"
        },
        {
            "id": "100067057219608",
            "count": 0,
            "name": "Người dùng facebook"
        },
        {
            "id": "100067691431459",
            "count": 0,
            "name": "Người dùng facebook"
        },
        {
            "id": "100067784726078",
            "count": 0,
            "name": "Người dùng facebook"
        },
        {
            "id": "100067997312834",
            "count": 0,
            "name": "Người dùng facebook"
        },
        {
            "id": "100068131637514",
            "count": 0,
            "name": "Người dùng facebook"
        },
        {
            "id": "100068488654429",
            "count": 0,
            "name": "Người dùng facebook"
        },
        {
            "id": "100068651846924",
            "count": 0,
            "name": "Người dùng facebook"
        },
        {
            "id": "100069883884394",
            "count": 0,
            "name": "Người dùng facebook"
        },
        {
            "id": "100069948893136",
            "count": 0,
            "name": "Người dùng facebook"
        },
        {
            "id": "100070035656726",
            "count": 0,
            "name": "Người dùng facebook"
        },
        {
            "id": "100070384127271",
            "count": 0,
            "name": "Người dùng facebook"
        },
        {
            "id": "100070712448794",
            "count": 0,
            "name": "Người dùng facebook"
        },
        {
            "id": "100070784892245",
            "count": 0,
            "name": "Người dùng facebook"
        },
        {
            "id": "100071211024010",
            "count": 0,
            "name": "Người dùng facebook"
        },
        {
            "id": "100071720441842",
            "count": 0,
            "name": "Người dùng facebook"
        },
        {
            "id": "100071747287584",
            "count": 0,
            "name": "Người dùng facebook"
        },
        {
            "id": "100071862836718",
            "count": 0,
            "name": "Người dùng facebook"
        },
        {
            "id": "100072090590448",
            "count": 0,
            "name": "Người dùng facebook"
        },
        {
            "id": "100072560101723",
            "count": 0,
            "name": "Người dùng facebook"
        },
        {
            "id": "100072571188104",
            "count": 0,
            "name": "Người dùng facebook"
        },
        {
            "id": "100072805493576",
            "count": 0,
            "name": "Người dùng facebook"
        },
        {
            "id": "100073058506080",
            "count": 0,
            "name": "Người dùng facebook"
        },
        {
            "id": "100073157080822",
            "count": 0,
            "name": "Người dùng facebook"
        },
        {
            "id": "100073334755044",
            "count": 0,
            "name": "Người dùng facebook"
        },
        {
            "id": "100073466476561",
            "count": 0,
            "name": "Người dùng facebook"
        },
        {
            "id": "100073880299483",
            "count": 0,
            "name": "Người dùng facebook"
        },
        {
            "id": "100073902581261",
            "count": 0,
            "name": "Người dùng facebook"
        },
        {
            "id": "100074155685899",
            "count": 0,
            "name": "Người dùng facebook"
        },
        {
            "id": "100074488756559",
            "count": 0,
            "name": "Người dùng facebook"
        },
        {
            "id": "100074520416304",
            "count": 0,
            "name": "Người dùng facebook"
        },
        {
            "id": "100074559663707",
            "count": 0,
            "name": "Người dùng facebook"
        },
        {
            "id": "100074799820362",
            "count": 0,
            "name": "Người dùng facebook"
        },
        {
            "id": "100074843205450",
            "count": 0,
            "name": "Người dùng facebook"
        },
        {
            "id": "100075037102158",
            "count": 0,
            "name": "Người dùng facebook"
        },
        {
            "id": "100075129171074",
            "count": 0,
            "name": "Người dùng facebook"
        },
        {
            "id": "100075420203443",
            "count": 0,
            "name": "Người dùng facebook"
        },
        {
            "id": "100075847599282",
            "count": 0,
            "name": "Người dùng facebook"
        },
        {
            "id": "100075855952823",
            "count": 0,
            "name": "Người dùng facebook"
        },
        {
            "id": "100075858834786",
            "count": 0,
            "name": "Người dùng facebook"
        },
        {
            "id": "100075963528838",
            "count": 0,
            "name": "Người dùng facebook"
        },
        {
            "id": "100075967093800",
            "count": 0,
            "name": "Người dùng facebook"
        },
        {
            "id": "100076191135076",
            "count": 0,
            "name": "Người dùng facebook"
        },
        {
            "id": "100076528171063",
            "count": 0,
            "name": "Người dùng facebook"
        },
        {
            "id": "100076576321600",
            "count": 0,
            "name": "Người dùng facebook"
        },
        {
            "id": "100076826255782",
            "count": 0,
            "name": "Người dùng facebook"
        },
        {
            "id": "100077325376856",
            "count": 0,
            "name": "Người dùng facebook"
        },
        {
            "id": "100077518692583",
            "count": 0,
            "name": "Người dùng facebook"
        },
        {
            "id": "100077576172201",
            "count": 0,
            "name": "Người dùng facebook"
        },
        {
            "id": "100077672552537",
            "count": 0,
            "name": "Người dùng facebook"
        },
        {
            "id": "100077876326215",
            "count": 0,
            "name": "Người dùng facebook"
        },
        {
            "id": "100077988484142",
            "count": 0,
            "name": "Người dùng facebook"
        },
        {
            "id": "100078021885127",
            "count": 0,
            "name": "Người dùng facebook"
        },
        {
            "id": "100078305721405",
            "count": 0,
            "name": "Người dùng facebook"
        },
        {
            "id": "100078370356451",
            "count": 0,
            "name": "Người dùng facebook"
        },
        {
            "id": "100078465271521",
            "count": 0,
            "name": "Người dùng facebook"
        },
        {
            "id": "100078846755816",
            "count": 0,
            "name": "Người dùng facebook"
        },
        {
            "id": "100078920164277",
            "count": 0,
            "name": "Người dùng facebook"
        },
        {
            "id": "100078965056784",
            "count": 0,
            "name": "Người dùng facebook"
        },
        {
            "id": "100079061648863",
            "count": 0,
            "name": "Người dùng facebook"
        },
        {
            "id": "100079416813199",
            "count": 0,
            "name": "Người dùng facebook"
        },
        {
            "id": "100079458820003",
            "count": 0,
            "name": "Người dùng facebook"
        },
        {
            "id": "100080022996202",
            "count": 0,
            "name": "Người dùng facebook"
        },
        {
            "id": "100080151416292",
            "count": 0,
            "name": "Người dùng facebook"
        },
        {
            "id": "100080216985544",
            "count": 0,
            "name": "Người dùng facebook"
        },
        {
            "id": "100080379542615",
            "count": 0,
            "name": "Người dùng facebook"
        },
        {
            "id": "100080879311143",
            "count": 0,
            "name": "Người dùng facebook"
        },
        {
            "id": "100081466741216",
            "count": 0,
            "name": "Người dùng facebook"
        },
        {
            "id": "100081624333075",
            "count": 0,
            "name": "Người dùng facebook"
        },
        {
            "id": "100081679270761",
            "count": 0,
            "name": "Người dùng facebook"
        },
        {
            "id": "100081969897639",
            "count": 0,
            "name": "Người dùng facebook"
        },
        {
            "id": "100082204137479",
            "count": 0,
            "name": "Người dùng facebook"
        },
        {
            "id": "100082318112921",
            "count": 0,
            "name": "Người dùng facebook"
        },
        {
            "id": "100082362584111",
            "count": 0,
            "name": "Người dùng facebook"
        },
        {
            "id": "100082576660113",
            "count": 0,
            "name": "Người dùng facebook"
        },
        {
            "id": "100082822536356",
            "count": 0,
            "name": "Người dùng facebook"
        },
        {
            "id": "100082915939699",
            "count": 0,
            "name": "Người dùng facebook"
        },
        {
            "id": "100083208612391",
            "count": 0,
            "name": "Người dùng facebook"
        },
        {
            "id": "100083549264722",
            "count": 0,
            "name": "Người dùng facebook"
        },
        {
            "id": "100083656943386",
            "count": 0,
            "name": "Người dùng facebook"
        },
        {
            "id": "100083657165129",
            "count": 0,
            "name": "Người dùng facebook"
        },
        {
            "id": "100083708986199",
            "count": 0,
            "name": "Người dùng facebook"
        },
        {
            "id": "100083947827783",
            "count": 0,
            "name": "Người dùng facebook"
        },
        {
            "id": "100084012933665",
            "count": 0,
            "name": "Người dùng facebook"
        },
        {
            "id": "100084057218928",
            "count": 0,
            "name": "Người dùng facebook"
        },
        {
            "id": "100084139591593",
            "count": 0,
            "name": "Người dùng facebook"
        },
        {
            "id": "100084448756716",
            "count": 0,
            "name": "Người dùng facebook"
        },
        {
            "id": "100084463021904",
            "count": 0,
            "name": "Người dùng facebook"
        },
        {
            "id": "100084883200442",
            "count": 0,
            "name": "Người dùng facebook"
        },
        {
            "id": "100084969166704",
            "count": 0,
            "name": "Người dùng facebook"
        },
        {
            "id": "100085044454631",
            "count": 0,
            "name": "Người dùng facebook"
        },
        {
            "id": "100085848901796",
            "count": 0,
            "name": "Người dùng facebook"
        },
        {
            "id": "100086214422053",
            "count": 0,
            "name": "Người dùng facebook"
        },
        {
            "id": "100086293245287",
            "count": 0,
            "name": "Người dùng facebook"
        },
        {
            "id": "100086565623534",
            "count": 0,
            "name": "Người dùng facebook"
        },
        {
            "id": "100086569758087",
            "count": 0,
            "name": "Người dùng facebook"
        },
        {
            "id": "100086800428787",
            "count": 0,
            "name": "Người dùng facebook"
        }
    ],
    "time": 6
}