[
	{
		"name": "Light Iron Harpoon",
		"price": 400,
		"durability": 20,
		"countdown": 200,
		"image": "https://i.imgur.com/gQuka5L.jpg"
	},
	{
		"name": "Steel Harpoon",
		"price": 1600,
		"durability": 50,
		"countdown": 180,
		"image": "https://i.imgur.com/mptiizn.png"
	},
	{
		"name": "Titanium Harpoon",
		"price": 6400,
		"durability": 100,
		"countdown": 150,
		"image": "https://i.imgur.com/vgIeC3t.jpg"
	},
	{
		"name": "Tungsten Core Harpoon",
		"price": 19600,
		"durability": 200,
		"countdown": 80,
		"image": "https://i.imgur.com/Ki8rCeH.png"
	},
	{
		"name": "D.U Core Harpoon",
		"price": 58800,
		"durability": 450,
		"countdown": 40,
		"image": "https://i.imgur.com/vWRvdAP.png"
	},
	{
		"name": "Jeweled Tungsten Harpoon",
		"price": 235400,
		"durability": 900,
		"countdown": 20,
		"image": "https://i.imgur.com/P4l8Ivq.jpg"
	},
	{
		"name": "Ion Powered Trident",
		"price": 547000,
		"durability": 1000,
		"countdown": 10,
		"image": "https://i.imgur.com/rfQ7KyF.png"
	},
	{
		"name": "𝖀𝖓𝖐𝖓𝖔𝖜𝖓 𝕿𝖗𝖎𝖉𝖊𝖓𝖙",
		"price": 12675000,
		"durability": 3000,
		"countdown": 5,
		"image": "https://i.imgur.com/1CwNrxL.png"
	},
	{
		"name": "Dual Dragonic Harpoon Gun",
		"price": 50795000,
		"durability": 5000,
		"countdown": 1,
		"image": "https://i.imgur.com/41xF99z.png"
	},
	{
		"name": "Frenzy Harpoon gun",
		"price": 65617500,
		"durability": 6000,
		"countdown": 1,
		"image": "https://i.imgur.com/XcOc4tA.png"
	},
	{
		"name": "Harpak",
		"price": 1312350000,
		"durability": 120000,
		"countdown": 1,
		"image": "https://i.imgur.com/S7eXgbY.png"
	}
]
