{
  "name": "Kiseki Thoru",
  "ID": "100059807103980",
  "pet": [
    {
      "name": "Lairon",
      "type": "Steel",
      "HP": "90.0",
      "Attack": "135.0",
      "Defense": "210.0",
      "Speed": "60.0",
      "skill": [
        "Sturdy",
        "Rock Head",
        "Heavy Metal"
      ],
      "coins": 20000,
      "images": "https://raw.githubusercontent.com/Purukitto/pokemon-data.json/master/images/pokedex/hires/305.png"
    },
    {
      "name": "Beedrill",
      "type": "Bug",
      "HP": 65,
      "Attack": 90,
      "Defense": 40,
      "Speed": 75,
      "coins": 27000,
      "skill": [
        "Swarm",
        "Sniper"
      ],
      "images": "https://raw.githubusercontent.com/Purukitto/pokemon-data.json/master/images/pokedex/hires/015.png"
    }
  ],
  "foods": [],
  "solo": {
    "win": 0,
    "lose": 0,
    "draw": 0
  }
}