{
  "name": "ʚLê Thị Yến Nhiɞ",
  "ID": "100062128636789",
  "pet": [
    {
      "name": "Swoobat",
      "type": "Psychic",
      "HP": "26.8",
      "Attack": "22.8",
      "Defense": "22.0",
      "Speed": "45.6",
      "skill": [
        "Unaware",
        "Klutz",
        "Simple"
      ],
      "coins": 0,
      "images": "https://raw.githubusercontent.com/Purukitto/pokemon-data.json/master/images/pokedex/hires/528.png"
    }
  ],
  "foods": [],
  "solo": {
    "win": 0,
    "lose": 0,
    "draw": 0
  }
}