{
  "name": "Heo Rừng",
  "ID": "100037211391552",
  "pet": [
    {
      "name": "Elgyem",
      "type": "Psychic",
      "HP": "22.0",
      "Attack": "22.0",
      "Defense": "22.0",
      "Speed": "12.0",
      "skill": [
        "Telepathy",
        "Synchronize",
        "Analytic"
      ],
      "coins": 0,
      "images": "https://raw.githubusercontent.com/Purukitto/pokemon-data.json/master/images/pokedex/hires/605.png"
    },
    {
      "name": "Rowlet",
      "type": "Grass",
      "HP": "34.0",
      "Attack": "27.5",
      "Defense": "27.5",
      "Speed": "21.0",
      "skill": [
        "Overgrow",
        "Long Reach"
      ],
      "coins": 5000,
      "images": "https://raw.githubusercontent.com/Purukitto/pokemon-data.json/master/images/pokedex/hires/722.png"
    },
    {
      "name": "Cottonee",
      "type": "Grass",
      "HP": "40.0",
      "Attack": "27.0",
      "Defense": "60.0",
      "Speed": "66.0",
      "skill": [
        "Prankster",
        "Infiltrator",
        "Chlorophyll"
      ],
      "coins": 10000,
      "images": "https://raw.githubusercontent.com/Purukitto/pokemon-data.json/master/images/pokedex/hires/546.png"
    }
  ],
  "foods": [],
  "solo": {
    "win": 0,
    "lose": 0,
    "draw": 0
  }
}