{
  "name": "Sen Nguyễn",
  "ID": "100014811933322",
  "pet": [
    {
      "name": "Seel",
      "type": "Water",
      "HP": "97.5",
      "Attack": "67.5",
      "Defense": "82.5",
      "Speed": "67.5",
      "skill": [
        "Thick Fat",
        "Hydration",
        "Ice Body"
      ],
      "coins": 20000,
      "images": "https://raw.githubusercontent.com/Purukitto/pokemon-data.json/master/images/pokedex/hires/086.png"
    }
  ],
  "foods": [],
  "solo": {
    "win": 0,
    "lose": 0,
    "draw": 0
  }
}