{
  "name": "Cường Thịnh",
  "ID": "100061160525111",
  "pet": [
    {
      "name": "Vaporeon",
      "type": "Water",
      "HP": "130.0",
      "Attack": "65.0",
      "Defense": "60.0",
      "Speed": "65.0",
      "skill": [
        "Water Absorb",
        "Hydration"
      ],
      "coins": 10000,
      "images": "https://raw.githubusercontent.com/Purukitto/pokemon-data.json/master/images/pokedex/hires/134.png"
    }
  ],
  "foods": [],
  "solo": {
    "win": 0,
    "lose": 0,
    "draw": 0
  }
}