[
    {
        "threadID": "3898162606962508",
        "shortcuts": [
            {
                "id": "nWkWzxecmY",
                "input": "Tvm",
                "output": "🤗_Tvm Gt + Show + Set biệt danh _🤗"
            }
        ]
    },
            {
                "id": "nFqJcTYbgy",
                "input": "Luật",
                "output": "🐰 Chào Mừng Các Nhân Tài,Ca Sĩ Vào Box🐰\n🥰 Giới thiệu về bản thân {Gt tên tủi+giọng+ảnh không bắt buộc}🥰\n🎶Không fake tuổi và giọng nhé🌼\n🌼 Về hát chúng ta hạn chế nhắn chèn và bơ thành viên 🌸\n🌼Hoà đồng vui vẻ không gây war,chửi tục 🌸\n🌸Out phải xin phép qtv hoặc boss nhé🌼\n💕 Chúc mọi người có trải nghiệm tốt 💕"
            }
        ]
    }
]